-- phpMyAdmin SQL Dump
-- version 5.0.3
-- https://www.phpmyadmin.net/
--
-- Servidor: 127.0.0.1
-- Tiempo de generación: 14-10-2025 a las 23:27:47
-- Versión del servidor: 10.4.14-MariaDB
-- Versión de PHP: 7.4.11

SET SQL_MODE = "NO_AUTO_VALUE_ON_ZERO";
START TRANSACTION;
SET time_zone = "+00:00";


/*!40101 SET @OLD_CHARACTER_SET_CLIENT=@@CHARACTER_SET_CLIENT */;
/*!40101 SET @OLD_CHARACTER_SET_RESULTS=@@CHARACTER_SET_RESULTS */;
/*!40101 SET @OLD_COLLATION_CONNECTION=@@COLLATION_CONNECTION */;
/*!40101 SET NAMES utf8mb4 */;

--
-- Base de datos: `prestamobd`
--

-- --------------------------------------------------------

--
-- Estructura de tabla para la tabla `coins`
--

CREATE TABLE `coins` (
  `id` int(11) NOT NULL,
  `name` varchar(20) COLLATE utf8_spanish_ci NOT NULL,
  `short_name` varchar(50) COLLATE utf8_spanish_ci NOT NULL,
  `symbol` varchar(11) COLLATE utf8_spanish_ci NOT NULL,
  `description` varchar(70) COLLATE utf8_spanish_ci DEFAULT NULL
) ENGINE=InnoDB DEFAULT CHARSET=utf8 COLLATE=utf8_spanish_ci;

--
-- Volcado de datos para la tabla `coins`
--

INSERT INTO `coins` (`id`, `name`, `short_name`, `symbol`, `description`) VALUES
(1, 'colombiano', 'col', '$', 'moneda colombiana'),
(2, 'dolar', 'usd', '$', 'dolar estadounidense'),
(3, 'euros', 'eu', 'e', 'moneda europea');

-- --------------------------------------------------------

--
-- Estructura de tabla para la tabla `collector_commissions`
--

CREATE TABLE `collector_commissions` (
  `id` int(11) NOT NULL,
  `user_id` int(11) DEFAULT NULL,
  `loan_id` int(11) DEFAULT NULL,
  `loan_item_id` int(11) DEFAULT NULL,
  `client_name` varchar(255) DEFAULT NULL,
  `client_cedula` varchar(100) DEFAULT NULL,
  `amount` decimal(15,2) NOT NULL DEFAULT 0.00,
  `commission` decimal(15,2) NOT NULL DEFAULT 0.00,
  `created_at` timestamp NOT NULL DEFAULT current_timestamp()
) ENGINE=InnoDB DEFAULT CHARSET=utf8;

--
-- Volcado de datos para la tabla `collector_commissions`
--

INSERT INTO `collector_commissions` (`id`, `user_id`, `loan_id`, `loan_item_id`, `client_name`, `client_cedula`, `amount`, `commission`, `created_at`) VALUES
(1, 3, 0, 120, '', NULL, '4166.67', '1666.67', '2025-10-12 05:04:15'),
(2, 3, 0, 121, '', NULL, '3340.25', '1336.10', '2025-10-12 05:04:15'),
(3, 3, 0, 122, '', NULL, '2510.39', '1004.16', '2025-10-12 05:04:15'),
(4, 3, 0, 123, '', NULL, '1677.07', '670.83', '2025-10-12 05:04:15'),
(5, 3, 0, 124, '', NULL, '840.28', '336.11', '2025-10-12 05:04:15'),
(6, 2, 26, 97, 'aaaaaa qwqwq', '111111', '200.00', '80.00', '2025-10-10 17:02:31'),
(7, 2, 26, 98, 'aaaaaa qwqwq', '111111', '100.00', '40.00', '2025-10-10 17:02:31'),
(8, 4, 28, 101, 'qwqwqw qwqwqw', '2222', '200.00', '80.00', '2025-10-09 20:23:01'),
(9, 4, 28, 102, 'qwqwqw qwqwqw', '2222', '200.00', '80.00', '2025-10-09 20:23:01'),
(10, 3, 31, 130, 'wewewwe wewewewe', '1234434', '0.01', '0.00', '2025-10-12 05:04:15'),
(11, 3, 31, 131, 'wewewwe wewewewe', '1234434', '0.01', '0.00', '2025-10-12 05:04:15'),
(12, 3, 31, 132, 'wewewwe wewewewe', '1234434', '0.01', '0.00', '2025-10-12 05:04:15'),
(13, 3, 31, 133, 'wewewwe wewewewe', '1234434', '0.01', '0.00', '2025-10-12 05:04:15'),
(14, 3, 32, 137, 'wsdsnd dsdsdsd', '675768909', '0.01', '0.00', '2025-10-12 05:04:15'),
(15, 3, 32, 138, 'wsdsnd dsdsdsd', '675768909', '0.01', '0.00', '2025-10-12 05:04:15'),
(16, 3, 32, 139, 'wsdsnd dsdsdsd', '675768909', '0.01', '0.00', '2025-10-12 05:04:15'),
(17, 3, 32, 140, 'wsdsnd dsdsdsd', '675768909', '0.01', '0.00', '2025-10-12 05:04:15'),
(18, 3, 32, 141, 'wsdsnd dsdsdsd', '675768909', '0.01', '0.00', '2025-10-12 05:04:15'),
(19, 3, 32, 142, 'wsdsnd dsdsdsd', '675768909', '0.01', '0.00', '2025-10-12 05:04:15'),
(20, 3, 32, 143, 'wsdsnd dsdsdsd', '675768909', '0.01', '0.00', '2025-10-12 05:04:15'),
(21, 3, 33, 149, 'Prueba223 Prueba223', '132132143321', '625000.00', '250000.00', '2025-10-12 05:04:15'),
(22, 3, 33, 150, 'Prueba223 Prueba223', '132132143321', '613470.26', '245388.10', '2025-10-12 05:04:15'),
(23, 3, 33, 151, 'Prueba223 Prueba223', '132132143321', '599058.09', '239623.24', '2025-10-12 05:04:15'),
(24, 3, 33, 152, 'Prueba223 Prueba223', '132132143321', '581042.88', '232417.15', '2025-10-12 05:04:15'),
(25, 3, 33, 153, 'Prueba223 Prueba223', '132132143321', '558523.87', '223409.55', '2025-10-12 05:04:15'),
(26, 3, 33, 154, 'Prueba223 Prueba223', '132132143321', '530375.10', '212150.04', '2025-10-12 05:04:15'),
(27, 3, 33, 155, 'Prueba223 Prueba223', '132132143321', '495189.14', '198075.66', '2025-10-12 05:04:15'),
(28, 3, 33, 156, 'Prueba223 Prueba223', '132132143321', '451206.69', '180482.68', '2025-10-12 05:04:15'),
(29, 3, 33, 157, 'Prueba223 Prueba223', '132132143321', '396228.62', '158491.45', '2025-10-12 05:04:15'),
(30, 3, 33, 158, 'Prueba223 Prueba223', '132132143321', '327506.04', '131002.42', '2025-10-12 05:04:15'),
(31, 3, 33, 159, 'Prueba223 Prueba223', '132132143321', '241602.82', '96641.13', '2025-10-12 05:04:15'),
(32, 3, 33, 160, 'Prueba223 Prueba223', '132132143321', '134223.79', '53689.52', '2025-10-12 05:04:15'),
(33, 3, 34, 161, 'fernando aaaaaaa', '111111113', '800000.00', '320000.00', '2025-10-12 05:04:15'),
(34, 3, 34, 162, 'fernando aaaaaaa', '111111113', '692496.24', '276998.50', '2025-10-12 05:04:15'),
(35, 3, 34, 163, 'fernando aaaaaaa', '111111113', '563491.72', '225396.69', '2025-10-12 05:04:15'),
(36, 3, 34, 164, 'fernando aaaaaaa', '111111113', '408686.30', '163474.52', '2025-10-12 05:04:15'),
(37, 3, 34, 165, 'fernando aaaaaaa', '111111113', '222919.80', '89167.92', '2025-10-12 05:04:15'),
(38, 3, 35, 166, 'Prueba223 Prueba223', '132132143321', '30000.00', '12000.00', '2025-10-12 05:04:15'),
(39, 3, 35, 167, 'Prueba223 Prueba223', '132132143321', '15365.85', '6146.34', '2025-10-12 05:04:15'),
(40, 3, 36, 168, 'fernando aaaaaaa', '111111113', '20833.33', '8333.33', '2025-10-12 05:04:15'),
(41, 3, 36, 169, 'fernando aaaaaaa', '111111113', '17537.61', '7015.04', '2025-10-12 05:04:15'),
(42, 3, 36, 170, 'fernando aaaaaaa', '111111113', '14173.22', '5669.29', '2025-10-12 05:04:15'),
(43, 3, 36, 171, 'fernando aaaaaaa', '111111113', '10738.74', '4295.50', '2025-10-12 05:04:15'),
(44, 3, 36, 172, 'fernando aaaaaaa', '111111113', '7232.71', '2893.08', '2025-10-12 05:04:15'),
(45, 3, 36, 173, 'fernando aaaaaaa', '111111113', '3653.64', '1461.46', '2025-10-12 05:04:15'),
(46, 3, 37, 174, 'fernando aaaaaaa', '111111113', '80000.00', '32000.00', '2025-10-12 05:04:15'),
(47, 3, 37, 175, 'fernando aaaaaaa', '111111113', '80000.00', '32000.00', '2025-10-12 05:04:15'),
(48, 3, 37, 176, 'fernando aaaaaaa', '111111113', '80000.00', '32000.00', '2025-10-12 05:04:15'),
(49, 3, 37, 177, 'fernando aaaaaaa', '111111113', '80000.00', '32000.00', '2025-10-12 05:04:15'),
(50, 3, 37, 178, 'fernando aaaaaaa', '111111113', '80000.00', '32000.00', '2025-10-12 05:04:15'),
(51, 3, 37, 179, 'fernando aaaaaaa', '111111113', '80000.00', '32000.00', '2025-10-12 05:04:15'),
(52, 3, 37, 180, 'fernando aaaaaaa', '111111113', '80000.00', '32000.00', '2025-10-12 05:04:15'),
(53, 3, 37, 181, 'fernando aaaaaaa', '111111113', '80000.00', '32000.00', '2025-10-12 05:04:15'),
(54, 3, 37, 182, 'fernando aaaaaaa', '111111113', '80000.00', '32000.00', '2025-10-12 05:04:15'),
(55, 3, 38, 183, 'aaaaaa qwqwq', '111111', '1200000.00', '480000.00', '2025-10-12 05:04:15'),
(56, 3, 38, 184, 'aaaaaa qwqwq', '111111', '1200000.00', '480000.00', '2025-10-12 05:04:15'),
(57, 3, 38, 185, 'aaaaaa qwqwq', '111111', '1200000.00', '480000.00', '2025-10-12 05:04:15'),
(58, 3, 38, 186, 'aaaaaa qwqwq', '111111', '1200000.00', '480000.00', '2025-10-12 05:04:15'),
(59, 3, 38, 187, 'aaaaaa qwqwq', '111111', '1200000.00', '480000.00', '2025-10-12 05:04:15'),
(60, 3, 38, 188, 'aaaaaa qwqwq', '111111', '1200000.00', '480000.00', '2025-10-12 05:04:15'),
(61, 3, 38, 189, 'aaaaaa qwqwq', '111111', '1200000.00', '480000.00', '2025-10-12 05:04:15'),
(62, 3, 39, 190, 'Esteban Sebas', '1152675687', '10000.00', '4000.00', '2025-10-12 05:04:15'),
(63, 3, 39, 191, 'Esteban Sebas', '1152675687', '10000.00', '4000.00', '2025-10-12 05:04:15'),
(64, 3, 39, 192, 'Esteban Sebas', '1152675687', '10000.00', '4000.00', '2025-10-12 05:04:15'),
(65, 3, 40, 193, 'Esteban Sebas', '1152675687', '180000.00', '72000.00', '2025-10-12 05:04:15'),
(66, 3, 40, 194, 'Esteban Sebas', '1152675687', '165000.00', '66000.00', '2025-10-12 05:04:15'),
(67, 3, 40, 195, 'Esteban Sebas', '1152675687', '150000.00', '60000.00', '2025-10-12 05:04:15'),
(68, 3, 40, 196, 'Esteban Sebas', '1152675687', '135000.00', '54000.00', '2025-10-12 05:04:15'),
(69, 3, 40, 197, 'Esteban Sebas', '1152675687', '120000.00', '48000.00', '2025-10-12 05:04:15'),
(70, 3, 40, 198, 'Esteban Sebas', '1152675687', '105000.00', '42000.00', '2025-10-12 05:04:15'),
(71, 3, 40, 199, 'Esteban Sebas', '1152675687', '90000.00', '36000.00', '2025-10-12 05:04:15'),
(72, 3, 40, 200, 'Esteban Sebas', '1152675687', '75000.00', '30000.00', '2025-10-12 05:04:15'),
(73, 3, 40, 201, 'Esteban Sebas', '1152675687', '60000.00', '24000.00', '2025-10-12 05:04:15'),
(74, 3, 40, 202, 'Esteban Sebas', '1152675687', '45000.00', '18000.00', '2025-10-12 05:04:15'),
(75, 3, 40, 203, 'Esteban Sebas', '1152675687', '30000.00', '12000.00', '2025-10-12 05:04:15'),
(76, 3, 40, 204, 'Esteban Sebas', '1152675687', '15000.00', '6000.00', '2025-10-12 05:04:15'),
(77, 3, 41, 205, 'Esteban Sebas', '1152675687', '180000.00', '72000.00', '2025-10-12 05:04:15'),
(78, 3, 41, 206, 'Esteban Sebas', '1152675687', '172541.37', '69016.55', '2025-10-12 05:04:15'),
(79, 3, 41, 207, 'Esteban Sebas', '1152675687', '164187.71', '65675.08', '2025-10-12 05:04:15'),
(80, 3, 41, 208, 'Esteban Sebas', '1152675687', '154831.61', '61932.64', '2025-10-12 05:04:15'),
(81, 3, 41, 209, 'Esteban Sebas', '1152675687', '144352.78', '57741.11', '2025-10-12 05:04:15'),
(82, 3, 41, 210, 'Esteban Sebas', '1152675687', '132616.49', '53046.60', '2025-10-12 05:04:15'),
(83, 3, 41, 211, 'Esteban Sebas', '1152675687', '119471.85', '47788.74', '2025-10-12 05:04:15'),
(84, 3, 41, 212, 'Esteban Sebas', '1152675687', '104749.84', '41899.94', '2025-10-12 05:04:15'),
(85, 3, 41, 213, 'Esteban Sebas', '1152675687', '88261.20', '35304.48', '2025-10-12 05:04:15'),
(86, 3, 41, 214, 'Esteban Sebas', '1152675687', '69793.92', '27917.57', '2025-10-12 05:04:15'),
(87, 3, 41, 215, 'Esteban Sebas', '1152675687', '49110.56', '19644.22', '2025-10-12 05:04:15'),
(88, 3, 41, 216, 'Esteban Sebas', '1152675687', '25945.20', '10378.08', '2025-10-12 05:04:15'),
(89, 3, 42, 217, 'Esteban Sebas', '1152675687', '600000.00', '240000.00', '2025-10-12 05:04:15'),
(90, 3, 42, 218, 'Esteban Sebas', '1152675687', '575137.92', '230055.17', '2025-10-12 05:04:15'),
(91, 3, 42, 219, 'Esteban Sebas', '1152675687', '547292.38', '218916.95', '2025-10-12 05:04:15'),
(92, 3, 42, 220, 'Esteban Sebas', '1152675687', '516105.38', '206442.15', '2025-10-12 05:04:15'),
(93, 3, 42, 221, 'Esteban Sebas', '1152675687', '481175.94', '192470.38', '2025-10-12 05:04:15'),
(94, 3, 42, 222, 'Esteban Sebas', '1152675687', '442054.97', '176821.99', '2025-10-12 05:04:15'),
(95, 3, 42, 223, 'Esteban Sebas', '1152675687', '398239.48', '159295.79', '2025-10-12 05:04:15'),
(96, 3, 42, 224, 'Esteban Sebas', '1152675687', '349166.14', '139666.46', '2025-10-12 05:04:15'),
(97, 3, 42, 225, 'Esteban Sebas', '1152675687', '294203.99', '117681.60', '2025-10-12 05:04:15'),
(98, 3, 42, 226, 'Esteban Sebas', '1152675687', '232646.38', '93058.55', '2025-10-12 05:04:15'),
(99, 3, 42, 227, 'Esteban Sebas', '1152675687', '163701.86', '65480.74', '2025-10-12 05:04:15'),
(100, 3, 42, 228, 'Esteban Sebas', '1152675687', '86484.00', '34593.60', '2025-10-12 05:04:15'),
(101, 3, 43, 229, 'Esteban Sebas', '1152675687', '144000.00', '57600.00', '2025-10-12 05:04:15'),
(102, 3, 43, 230, 'Esteban Sebas', '1152675687', '144000.00', '57600.00', '2025-10-12 05:04:15'),
(103, 3, 43, 231, 'Esteban Sebas', '1152675687', '144000.00', '57600.00', '2025-10-12 05:04:15'),
(104, 3, 43, 232, 'Esteban Sebas', '1152675687', '144000.00', '57600.00', '2025-10-12 05:04:15'),
(105, 3, 44, 233, 'Esteban Sebas', '1152675687', '1250000.00', '500000.00', '2025-10-12 05:04:15'),
(106, 3, 44, 234, 'Esteban Sebas', '1152675687', '1226940.53', '490776.21', '2025-10-12 05:04:15'),
(107, 3, 44, 235, 'Esteban Sebas', '1152675687', '1198116.19', '479246.48', '2025-10-12 05:04:15'),
(108, 3, 44, 236, 'Esteban Sebas', '1152675687', '1162085.77', '464834.31', '2025-10-12 05:04:15'),
(109, 3, 44, 237, 'Esteban Sebas', '1152675687', '1117047.74', '446819.10', '2025-10-12 05:04:15'),
(110, 3, 44, 238, 'Esteban Sebas', '1152675687', '1060750.20', '424300.08', '2025-10-12 05:04:15'),
(111, 3, 44, 239, 'Esteban Sebas', '1152675687', '990378.28', '396151.31', '2025-10-12 05:04:15'),
(112, 3, 44, 240, 'Esteban Sebas', '1152675687', '902413.37', '360965.35', '2025-10-12 05:04:15'),
(113, 3, 44, 241, 'Esteban Sebas', '1152675687', '792457.25', '316982.90', '2025-10-12 05:04:15'),
(114, 3, 44, 242, 'Esteban Sebas', '1152675687', '655012.09', '262004.84', '2025-10-12 05:04:15'),
(115, 3, 44, 243, 'Esteban Sebas', '1152675687', '483205.64', '193282.26', '2025-10-12 05:04:15'),
(116, 3, 44, 244, 'Esteban Sebas', '1152675687', '268447.58', '107379.03', '2025-10-12 05:04:15'),
(117, 3, 45, 245, 'Esteban Sebas', '1152675687', '600000.00', '240000.00', '2025-10-12 05:04:15'),
(118, 3, 45, 246, 'Esteban Sebas', '1152675687', '600000.00', '240000.00', '2025-10-12 05:04:15'),
(119, 3, 45, 247, 'Esteban Sebas', '1152675687', '600000.00', '240000.00', '2025-10-12 05:04:15'),
(120, 3, 45, 248, 'Esteban Sebas', '1152675687', '600000.00', '240000.00', '2025-10-12 05:04:15'),
(121, 3, 45, 249, 'Esteban Sebas', '1152675687', '600000.00', '240000.00', '2025-10-12 05:04:15'),
(122, 3, 46, 250, 'fernando aaaaaaa', '111111113', '150000.00', '60000.00', '2025-10-12 05:04:15'),
(123, 3, 46, 251, 'fernando aaaaaaa', '111111113', '120594.03', '48237.61', '2025-10-12 05:04:15'),
(124, 3, 46, 252, 'fernando aaaaaaa', '111111113', '90894.00', '36357.60', '2025-10-12 05:04:15'),
(125, 3, 46, 253, 'fernando aaaaaaa', '111111113', '60896.97', '24358.79', '2025-10-12 05:04:15'),
(126, 3, 46, 254, 'fernando aaaaaaa', '111111113', '30599.97', '12239.99', '2025-10-12 05:04:15'),
(127, 3, 47, 255, 'fernando aaaaaaa', '111111113', '1000000.00', '400000.00', '2025-10-12 05:04:15'),
(128, 3, 47, 256, 'fernando aaaaaaa', '111111113', '953236.68', '381294.67', '2025-10-12 05:04:15'),
(129, 3, 47, 257, 'fernando aaaaaaa', '111111113', '901797.04', '360718.82', '2025-10-12 05:04:15'),
(130, 3, 47, 258, 'fernando aaaaaaa', '111111113', '845213.43', '338085.37', '2025-10-12 05:04:15'),
(131, 3, 47, 259, 'fernando aaaaaaa', '111111113', '782971.45', '313188.58', '2025-10-12 05:04:15'),
(132, 3, 47, 260, 'fernando aaaaaaa', '111111113', '714505.28', '285802.11', '2025-10-12 05:04:15'),
(133, 3, 47, 261, 'fernando aaaaaaa', '111111113', '639192.50', '255677.00', '2025-10-12 05:04:15'),
(134, 3, 47, 262, 'fernando aaaaaaa', '111111113', '556348.43', '222539.37', '2025-10-12 05:04:15'),
(135, 3, 47, 263, 'fernando aaaaaaa', '111111113', '465219.96', '186087.98', '2025-10-12 05:04:15'),
(136, 3, 47, 264, 'fernando aaaaaaa', '111111113', '364978.64', '145991.46', '2025-10-12 05:04:15'),
(137, 3, 47, 265, 'fernando aaaaaaa', '111111113', '254713.19', '101885.28', '2025-10-12 05:04:15'),
(138, 3, 47, 266, 'fernando aaaaaaa', '111111113', '133421.20', '53368.48', '2025-10-12 05:04:15'),
(139, 3, 48, 267, 'fernando aaaaaaa', '111111113', '600000.00', '240000.00', '2025-10-12 05:04:15'),
(140, 3, 48, 268, 'fernando aaaaaaa', '111111113', '505554.16', '202221.66', '2025-10-12 05:04:15'),
(141, 3, 48, 269, 'fernando aaaaaaa', '111111113', '399774.82', '159909.93', '2025-10-12 05:04:15'),
(142, 3, 48, 270, 'fernando aaaaaaa', '111111113', '281301.96', '112520.78', '2025-10-12 05:04:15'),
(143, 3, 48, 271, 'fernando aaaaaaa', '111111113', '148612.36', '59444.94', '2025-10-12 05:04:15'),
(144, 3, 49, 272, 'Esteban Sebas', '1152675687', '1575000.00', '630000.00', '2025-10-12 05:04:15'),
(145, 3, 49, 273, 'Esteban Sebas', '1152675687', '1443750.00', '577500.00', '2025-10-12 05:04:15'),
(146, 3, 49, 274, 'Esteban Sebas', '1152675687', '1312500.00', '525000.00', '2025-10-12 05:04:15'),
(147, 3, 49, 275, 'Esteban Sebas', '1152675687', '1181250.00', '472500.00', '2025-10-12 05:04:15'),
(148, 3, 49, 276, 'Esteban Sebas', '1152675687', '1050000.00', '420000.00', '2025-10-12 05:04:15'),
(149, 3, 49, 277, 'Esteban Sebas', '1152675687', '918750.00', '367500.00', '2025-10-12 05:04:15'),
(150, 3, 49, 278, 'Esteban Sebas', '1152675687', '787500.00', '315000.00', '2025-10-12 05:04:15'),
(151, 3, 49, 279, 'Esteban Sebas', '1152675687', '656250.00', '262500.00', '2025-10-12 05:04:15'),
(152, 3, 49, 280, 'Esteban Sebas', '1152675687', '525000.00', '210000.00', '2025-10-12 05:04:15'),
(153, 3, 49, 281, 'Esteban Sebas', '1152675687', '393750.00', '157500.00', '2025-10-12 05:04:15'),
(154, 3, 49, 282, 'Esteban Sebas', '1152675687', '262500.00', '105000.00', '2025-10-12 05:04:15'),
(155, 3, 49, 283, 'Esteban Sebas', '1152675687', '131250.00', '52500.00', '2025-10-12 05:04:15'),
(156, 3, 50, 284, 'Esteban Sebas', '1152675687', '1250000.00', '500000.00', '2025-10-12 05:04:15'),
(157, 3, 50, 285, 'Esteban Sebas', '1152675687', '1250000.00', '500000.00', '2025-10-12 05:04:15'),
(158, 3, 50, 286, 'Esteban Sebas', '1152675687', '1250000.00', '500000.00', '2025-10-12 05:04:15'),
(159, 3, 50, 287, 'Esteban Sebas', '1152675687', '1250000.00', '500000.00', '2025-10-12 05:04:15'),
(160, 3, 50, 288, 'Esteban Sebas', '1152675687', '1250000.00', '500000.00', '2025-10-12 05:04:15'),
(161, 3, 50, 289, 'Esteban Sebas', '1152675687', '1250000.00', '500000.00', '2025-10-12 05:04:15'),
(162, 3, 50, 290, 'Esteban Sebas', '1152675687', '1250000.00', '500000.00', '2025-10-12 05:04:15'),
(163, 3, 50, 291, 'Esteban Sebas', '1152675687', '1250000.00', '500000.00', '2025-10-12 05:04:15'),
(164, 3, 50, 292, 'Esteban Sebas', '1152675687', '1250000.00', '500000.00', '2025-10-12 05:04:15'),
(165, 3, 50, 293, 'Esteban Sebas', '1152675687', '1250000.00', '500000.00', '2025-10-12 05:04:15'),
(166, 3, 50, 294, 'Esteban Sebas', '1152675687', '1250000.00', '500000.00', '2025-10-12 05:04:15'),
(167, 3, 50, 295, 'Esteban Sebas', '1152675687', '1250000.00', '500000.00', '2025-10-12 05:04:15'),
(168, 3, 50, 296, 'Esteban Sebas', '1152675687', '1250000.00', '500000.00', '2025-10-12 05:04:15'),
(169, 3, 50, 297, 'Esteban Sebas', '1152675687', '1250000.00', '500000.00', '2025-10-12 05:04:15'),
(170, 3, 50, 298, 'Esteban Sebas', '1152675687', '1250000.00', '500000.00', '2025-10-12 05:04:15'),
(171, 3, 50, 299, 'Esteban Sebas', '1152675687', '1250000.00', '500000.00', '2025-10-12 05:04:15'),
(172, 3, 50, 300, 'Esteban Sebas', '1152675687', '1250000.00', '500000.00', '2025-10-12 05:04:15'),
(173, 3, 50, 301, 'Esteban Sebas', '1152675687', '1250000.00', '500000.00', '2025-10-12 05:04:15'),
(174, 3, 50, 302, 'Esteban Sebas', '1152675687', '1250000.00', '500000.00', '2025-10-12 05:04:15'),
(175, 3, 50, 303, 'Esteban Sebas', '1152675687', '1250000.00', '500000.00', '2025-10-12 05:04:15'),
(176, 3, 50, 304, 'Esteban Sebas', '1152675687', '1250000.00', '500000.00', '2025-10-12 05:04:15'),
(177, 3, 50, 305, 'Esteban Sebas', '1152675687', '1250000.00', '500000.00', '2025-10-12 05:04:15'),
(178, 3, 50, 306, 'Esteban Sebas', '1152675687', '1250000.00', '500000.00', '2025-10-12 05:04:15'),
(179, 3, 50, 307, 'Esteban Sebas', '1152675687', '1250000.00', '500000.00', '2025-10-12 05:04:15'),
(180, 3, 50, 308, 'Esteban Sebas', '1152675687', '1250000.00', '500000.00', '2025-10-12 05:04:15'),
(181, 3, 50, 309, 'Esteban Sebas', '1152675687', '1250000.00', '500000.00', '2025-10-12 05:04:15'),
(182, 3, 50, 310, 'Esteban Sebas', '1152675687', '1250000.00', '500000.00', '2025-10-12 05:04:15'),
(183, 3, 50, 311, 'Esteban Sebas', '1152675687', '1250000.00', '500000.00', '2025-10-12 05:04:15'),
(184, 3, 50, 312, 'Esteban Sebas', '1152675687', '1250000.00', '500000.00', '2025-10-12 05:04:15'),
(185, 3, 50, 313, 'Esteban Sebas', '1152675687', '1250000.00', '500000.00', '2025-10-12 05:04:15'),
(186, 3, 50, 314, 'Esteban Sebas', '1152675687', '1250000.00', '500000.00', '2025-10-12 05:04:15'),
(187, 3, 50, 315, 'Esteban Sebas', '1152675687', '1250000.00', '500000.00', '2025-10-12 05:04:15'),
(188, 3, 50, 316, 'Esteban Sebas', '1152675687', '1250000.00', '500000.00', '2025-10-12 05:04:15'),
(189, 3, 50, 317, 'Esteban Sebas', '1152675687', '1250000.00', '500000.00', '2025-10-12 05:04:15'),
(190, 3, 50, 318, 'Esteban Sebas', '1152675687', '1250000.00', '500000.00', '2025-10-12 05:04:15'),
(191, 3, 50, 319, 'Esteban Sebas', '1152675687', '1250000.00', '500000.00', '2025-10-12 05:04:15'),
(192, 3, 50, 320, 'Esteban Sebas', '1152675687', '1250000.00', '500000.00', '2025-10-12 05:04:15'),
(193, 3, 50, 321, 'Esteban Sebas', '1152675687', '1250000.00', '500000.00', '2025-10-12 05:04:15'),
(194, 3, 50, 322, 'Esteban Sebas', '1152675687', '1250000.00', '500000.00', '2025-10-12 05:04:15'),
(195, 3, 50, 323, 'Esteban Sebas', '1152675687', '1250000.00', '500000.00', '2025-10-12 05:04:15'),
(196, 3, 50, 324, 'Esteban Sebas', '1152675687', '1250000.00', '500000.00', '2025-10-12 05:04:15'),
(197, 3, 50, 325, 'Esteban Sebas', '1152675687', '1250000.00', '500000.00', '2025-10-12 05:04:15'),
(198, 3, 50, 326, 'Esteban Sebas', '1152675687', '1250000.00', '500000.00', '2025-10-12 05:04:15'),
(199, 3, 50, 327, 'Esteban Sebas', '1152675687', '1250000.00', '500000.00', '2025-10-12 05:04:15'),
(200, 3, 50, 328, 'Esteban Sebas', '1152675687', '1250000.00', '500000.00', '2025-10-12 05:04:15'),
(201, 3, 50, 329, 'Esteban Sebas', '1152675687', '1250000.00', '500000.00', '2025-10-12 05:04:15'),
(202, 3, 50, 330, 'Esteban Sebas', '1152675687', '1250000.00', '500000.00', '2025-10-12 05:04:15'),
(203, 3, 50, 331, 'Esteban Sebas', '1152675687', '1250000.00', '500000.00', '2025-10-12 05:04:15'),
(204, 3, 50, 332, 'Esteban Sebas', '1152675687', '1250000.00', '500000.00', '2025-10-12 05:04:15'),
(205, 3, 50, 333, 'Esteban Sebas', '1152675687', '1250000.00', '500000.00', '2025-10-12 05:04:15'),
(206, 3, 50, 334, 'Esteban Sebas', '1152675687', '1250000.00', '500000.00', '2025-10-12 05:04:15'),
(207, 3, 50, 335, 'Esteban Sebas', '1152675687', '1250000.00', '500000.00', '2025-10-12 05:04:15'),
(208, 3, 50, 336, 'Esteban Sebas', '1152675687', '1250000.00', '500000.00', '2025-10-12 05:04:15'),
(209, 3, 50, 337, 'Esteban Sebas', '1152675687', '1250000.00', '500000.00', '2025-10-12 05:04:15'),
(210, 3, 50, 338, 'Esteban Sebas', '1152675687', '1250000.00', '500000.00', '2025-10-12 05:04:15'),
(211, 3, 50, 339, 'Esteban Sebas', '1152675687', '1250000.00', '500000.00', '2025-10-12 05:04:15'),
(212, 3, 50, 340, 'Esteban Sebas', '1152675687', '1250000.00', '500000.00', '2025-10-12 05:04:15'),
(213, 3, 50, 341, 'Esteban Sebas', '1152675687', '1250000.00', '500000.00', '2025-10-12 05:04:15'),
(214, 3, 50, 342, 'Esteban Sebas', '1152675687', '1250000.00', '500000.00', '2025-10-12 05:04:15'),
(215, 3, 50, 343, 'Esteban Sebas', '1152675687', '1250000.00', '500000.00', '2025-10-12 05:04:15'),
(216, 3, 50, 344, 'Esteban Sebas', '1152675687', '1250000.00', '500000.00', '2025-10-12 05:04:15'),
(217, 3, 50, 345, 'Esteban Sebas', '1152675687', '1250000.00', '500000.00', '2025-10-12 05:04:15'),
(218, 3, 50, 346, 'Esteban Sebas', '1152675687', '1250000.00', '500000.00', '2025-10-12 05:04:15'),
(219, 3, 50, 347, 'Esteban Sebas', '1152675687', '1250000.00', '500000.00', '2025-10-12 05:04:15'),
(220, 3, 50, 348, 'Esteban Sebas', '1152675687', '1250000.00', '500000.00', '2025-10-12 05:04:15'),
(221, 3, 50, 349, 'Esteban Sebas', '1152675687', '1250000.00', '500000.00', '2025-10-12 05:04:15'),
(222, 3, 50, 350, 'Esteban Sebas', '1152675687', '1250000.00', '500000.00', '2025-10-12 05:04:15'),
(223, 3, 50, 351, 'Esteban Sebas', '1152675687', '1250000.00', '500000.00', '2025-10-12 05:04:15'),
(224, 3, 50, 352, 'Esteban Sebas', '1152675687', '1250000.00', '500000.00', '2025-10-12 05:04:15'),
(225, 3, 50, 353, 'Esteban Sebas', '1152675687', '1250000.00', '500000.00', '2025-10-12 05:04:15'),
(226, 3, 50, 354, 'Esteban Sebas', '1152675687', '1250000.00', '500000.00', '2025-10-12 05:04:15'),
(227, 3, 50, 355, 'Esteban Sebas', '1152675687', '1250000.00', '500000.00', '2025-10-12 05:04:15'),
(228, 3, 50, 356, 'Esteban Sebas', '1152675687', '1250000.00', '500000.00', '2025-10-12 05:04:15'),
(229, 3, 50, 357, 'Esteban Sebas', '1152675687', '1250000.00', '500000.00', '2025-10-12 05:04:15'),
(230, 3, 50, 358, 'Esteban Sebas', '1152675687', '1250000.00', '500000.00', '2025-10-12 05:04:15'),
(231, 3, 50, 359, 'Esteban Sebas', '1152675687', '1250000.00', '500000.00', '2025-10-12 05:04:15'),
(232, 3, 50, 360, 'Esteban Sebas', '1152675687', '1250000.00', '500000.00', '2025-10-12 05:04:15'),
(233, 3, 50, 361, 'Esteban Sebas', '1152675687', '1250000.00', '500000.00', '2025-10-12 05:04:15'),
(234, 3, 50, 362, 'Esteban Sebas', '1152675687', '1250000.00', '500000.00', '2025-10-12 05:04:15'),
(235, 3, 50, 363, 'Esteban Sebas', '1152675687', '1250000.00', '500000.00', '2025-10-12 05:04:15'),
(236, 3, 50, 364, 'Esteban Sebas', '1152675687', '1250000.00', '500000.00', '2025-10-12 05:04:15'),
(237, 3, 50, 365, 'Esteban Sebas', '1152675687', '1250000.00', '500000.00', '2025-10-12 05:04:15'),
(238, 3, 50, 366, 'Esteban Sebas', '1152675687', '1250000.00', '500000.00', '2025-10-12 05:04:15'),
(239, 3, 50, 367, 'Esteban Sebas', '1152675687', '1250000.00', '500000.00', '2025-10-12 05:04:15'),
(240, 3, 50, 368, 'Esteban Sebas', '1152675687', '1250000.00', '500000.00', '2025-10-12 05:04:15'),
(241, 3, 50, 369, 'Esteban Sebas', '1152675687', '1250000.00', '500000.00', '2025-10-12 05:04:15'),
(242, 3, 50, 370, 'Esteban Sebas', '1152675687', '1250000.00', '500000.00', '2025-10-12 05:04:15'),
(243, 3, 50, 371, 'Esteban Sebas', '1152675687', '1250000.00', '500000.00', '2025-10-12 05:04:15'),
(244, 3, 50, 372, 'Esteban Sebas', '1152675687', '1250000.00', '500000.00', '2025-10-12 05:04:16'),
(245, 3, 50, 373, 'Esteban Sebas', '1152675687', '1250000.00', '500000.00', '2025-10-12 05:04:16'),
(246, 3, 50, 374, 'Esteban Sebas', '1152675687', '1250000.00', '500000.00', '2025-10-12 05:04:16'),
(247, 3, 50, 375, 'Esteban Sebas', '1152675687', '1250000.00', '500000.00', '2025-10-12 05:04:16'),
(248, 3, 50, 376, 'Esteban Sebas', '1152675687', '1250000.00', '500000.00', '2025-10-12 05:04:16'),
(249, 3, 50, 377, 'Esteban Sebas', '1152675687', '1250000.00', '500000.00', '2025-10-12 05:04:16'),
(250, 3, 50, 378, 'Esteban Sebas', '1152675687', '1250000.00', '500000.00', '2025-10-12 05:04:16'),
(251, 3, 50, 379, 'Esteban Sebas', '1152675687', '1250000.00', '500000.00', '2025-10-12 05:04:16'),
(252, 3, 50, 380, 'Esteban Sebas', '1152675687', '1250000.00', '500000.00', '2025-10-12 05:04:16'),
(253, 3, 50, 381, 'Esteban Sebas', '1152675687', '1250000.00', '500000.00', '2025-10-12 05:04:16'),
(254, 3, 50, 382, 'Esteban Sebas', '1152675687', '1250000.00', '500000.00', '2025-10-12 05:04:16'),
(255, 3, 50, 383, 'Esteban Sebas', '1152675687', '1250000.00', '500000.00', '2025-10-12 05:04:16'),
(256, 3, 50, 384, 'Esteban Sebas', '1152675687', '1250000.00', '500000.00', '2025-10-12 05:04:16'),
(257, 3, 50, 385, 'Esteban Sebas', '1152675687', '1250000.00', '500000.00', '2025-10-12 05:04:16'),
(258, 3, 50, 386, 'Esteban Sebas', '1152675687', '1250000.00', '500000.00', '2025-10-12 05:04:16'),
(259, 3, 50, 387, 'Esteban Sebas', '1152675687', '1250000.00', '500000.00', '2025-10-12 05:04:16'),
(260, 3, 50, 388, 'Esteban Sebas', '1152675687', '1250000.00', '500000.00', '2025-10-12 05:04:16'),
(261, 3, 50, 389, 'Esteban Sebas', '1152675687', '1250000.00', '500000.00', '2025-10-12 05:04:16'),
(262, 3, 50, 390, 'Esteban Sebas', '1152675687', '1250000.00', '500000.00', '2025-10-12 05:04:16'),
(263, 3, 50, 391, 'Esteban Sebas', '1152675687', '1250000.00', '500000.00', '2025-10-12 05:04:16'),
(264, 3, 50, 392, 'Esteban Sebas', '1152675687', '1250000.00', '500000.00', '2025-10-12 05:04:16'),
(265, 3, 50, 393, 'Esteban Sebas', '1152675687', '1250000.00', '500000.00', '2025-10-12 05:04:16'),
(266, 3, 50, 394, 'Esteban Sebas', '1152675687', '1250000.00', '500000.00', '2025-10-12 05:04:16'),
(267, 3, 50, 395, 'Esteban Sebas', '1152675687', '1250000.00', '500000.00', '2025-10-12 05:04:16'),
(268, 3, 50, 396, 'Esteban Sebas', '1152675687', '1250000.00', '500000.00', '2025-10-12 05:04:16'),
(269, 3, 50, 397, 'Esteban Sebas', '1152675687', '1250000.00', '500000.00', '2025-10-12 05:04:16'),
(270, 3, 50, 398, 'Esteban Sebas', '1152675687', '1250000.00', '500000.00', '2025-10-12 05:04:16'),
(271, 3, 50, 399, 'Esteban Sebas', '1152675687', '1250000.00', '500000.00', '2025-10-12 05:04:16'),
(272, 3, 50, 400, 'Esteban Sebas', '1152675687', '1250000.00', '500000.00', '2025-10-12 05:04:16'),
(273, 3, 50, 401, 'Esteban Sebas', '1152675687', '1250000.00', '500000.00', '2025-10-12 05:04:16'),
(274, 3, 50, 402, 'Esteban Sebas', '1152675687', '1250000.00', '500000.00', '2025-10-12 05:04:16'),
(275, 3, 50, 403, 'Esteban Sebas', '1152675687', '1250000.00', '500000.00', '2025-10-12 05:04:16'),
(276, 3, 50, 404, 'Esteban Sebas', '1152675687', '1250000.00', '500000.00', '2025-10-12 05:04:16'),
(277, 3, 50, 405, 'Esteban Sebas', '1152675687', '1250000.00', '500000.00', '2025-10-12 05:04:16'),
(278, 3, 50, 406, 'Esteban Sebas', '1152675687', '1250000.00', '500000.00', '2025-10-12 05:04:16'),
(279, 3, 50, 407, 'Esteban Sebas', '1152675687', '1250000.00', '500000.00', '2025-10-12 05:04:16'),
(280, 3, 50, 408, 'Esteban Sebas', '1152675687', '1250000.00', '500000.00', '2025-10-12 05:04:16'),
(281, 3, 50, 409, 'Esteban Sebas', '1152675687', '1250000.00', '500000.00', '2025-10-12 05:04:16'),
(282, 3, 50, 410, 'Esteban Sebas', '1152675687', '1250000.00', '500000.00', '2025-10-12 05:04:16'),
(283, 3, 50, 411, 'Esteban Sebas', '1152675687', '1250000.00', '500000.00', '2025-10-12 05:04:16'),
(284, 3, 50, 412, 'Esteban Sebas', '1152675687', '1250000.00', '500000.00', '2025-10-12 05:04:16'),
(285, 3, 50, 413, 'Esteban Sebas', '1152675687', '1250000.00', '500000.00', '2025-10-12 05:04:16'),
(286, 3, 50, 414, 'Esteban Sebas', '1152675687', '1250000.00', '500000.00', '2025-10-12 05:04:16'),
(287, 3, 50, 415, 'Esteban Sebas', '1152675687', '1250000.00', '500000.00', '2025-10-12 05:04:16'),
(288, 3, 50, 416, 'Esteban Sebas', '1152675687', '1250000.00', '500000.00', '2025-10-12 05:04:16'),
(289, 3, 50, 417, 'Esteban Sebas', '1152675687', '1250000.00', '500000.00', '2025-10-12 05:04:16'),
(290, 3, 50, 418, 'Esteban Sebas', '1152675687', '1250000.00', '500000.00', '2025-10-12 05:04:16'),
(291, 3, 50, 419, 'Esteban Sebas', '1152675687', '1250000.00', '500000.00', '2025-10-12 05:04:16'),
(292, 3, 50, 420, 'Esteban Sebas', '1152675687', '1250000.00', '500000.00', '2025-10-12 05:04:16'),
(293, 3, 50, 421, 'Esteban Sebas', '1152675687', '1250000.00', '500000.00', '2025-10-12 05:04:16'),
(294, 3, 50, 422, 'Esteban Sebas', '1152675687', '1250000.00', '500000.00', '2025-10-12 05:04:16'),
(295, 3, 50, 423, 'Esteban Sebas', '1152675687', '1250000.00', '500000.00', '2025-10-12 05:04:16'),
(296, 3, 50, 424, 'Esteban Sebas', '1152675687', '1250000.00', '500000.00', '2025-10-12 05:04:16'),
(297, 3, 50, 425, 'Esteban Sebas', '1152675687', '1250000.00', '500000.00', '2025-10-12 05:04:16'),
(298, 3, 50, 426, 'Esteban Sebas', '1152675687', '1250000.00', '500000.00', '2025-10-12 05:04:16'),
(299, 3, 50, 427, 'Esteban Sebas', '1152675687', '1250000.00', '500000.00', '2025-10-12 05:04:16'),
(300, 3, 50, 428, 'Esteban Sebas', '1152675687', '1250000.00', '500000.00', '2025-10-12 05:04:16'),
(301, 3, 50, 429, 'Esteban Sebas', '1152675687', '1250000.00', '500000.00', '2025-10-12 05:04:16'),
(302, 3, 50, 430, 'Esteban Sebas', '1152675687', '1250000.00', '500000.00', '2025-10-12 05:04:16'),
(303, 3, 50, 431, 'Esteban Sebas', '1152675687', '1250000.00', '500000.00', '2025-10-12 05:04:16'),
(304, 3, 50, 432, 'Esteban Sebas', '1152675687', '1250000.00', '500000.00', '2025-10-12 05:04:16'),
(305, 3, 50, 433, 'Esteban Sebas', '1152675687', '1250000.00', '500000.00', '2025-10-12 05:04:16'),
(306, 3, 50, 434, 'Esteban Sebas', '1152675687', '1250000.00', '500000.00', '2025-10-12 05:04:16'),
(307, 3, 50, 435, 'Esteban Sebas', '1152675687', '1250000.00', '500000.00', '2025-10-12 05:04:16'),
(308, 3, 50, 436, 'Esteban Sebas', '1152675687', '1250000.00', '500000.00', '2025-10-12 05:04:16'),
(309, 3, 50, 437, 'Esteban Sebas', '1152675687', '1250000.00', '500000.00', '2025-10-12 05:04:16'),
(310, 3, 50, 438, 'Esteban Sebas', '1152675687', '1250000.00', '500000.00', '2025-10-12 05:04:16'),
(311, 3, 50, 439, 'Esteban Sebas', '1152675687', '1250000.00', '500000.00', '2025-10-12 05:04:16'),
(312, 3, 50, 440, 'Esteban Sebas', '1152675687', '1250000.00', '500000.00', '2025-10-12 05:04:16'),
(313, 3, 50, 441, 'Esteban Sebas', '1152675687', '1250000.00', '500000.00', '2025-10-12 05:04:16'),
(314, 3, 50, 442, 'Esteban Sebas', '1152675687', '1250000.00', '500000.00', '2025-10-12 05:04:16'),
(315, 3, 50, 443, 'Esteban Sebas', '1152675687', '1250000.00', '500000.00', '2025-10-12 05:04:16'),
(316, 3, 50, 444, 'Esteban Sebas', '1152675687', '1250000.00', '500000.00', '2025-10-12 05:04:16'),
(317, 3, 50, 445, 'Esteban Sebas', '1152675687', '1250000.00', '500000.00', '2025-10-12 05:04:16'),
(318, 3, 50, 446, 'Esteban Sebas', '1152675687', '1250000.00', '500000.00', '2025-10-12 05:04:16'),
(319, 3, 50, 447, 'Esteban Sebas', '1152675687', '1250000.00', '500000.00', '2025-10-12 05:04:16'),
(320, 3, 50, 448, 'Esteban Sebas', '1152675687', '1250000.00', '500000.00', '2025-10-12 05:04:16'),
(321, 3, 50, 449, 'Esteban Sebas', '1152675687', '1250000.00', '500000.00', '2025-10-12 05:04:16'),
(322, 3, 50, 450, 'Esteban Sebas', '1152675687', '1250000.00', '500000.00', '2025-10-12 05:04:16'),
(323, 3, 50, 451, 'Esteban Sebas', '1152675687', '1250000.00', '500000.00', '2025-10-12 05:04:16'),
(324, 3, 50, 452, 'Esteban Sebas', '1152675687', '1250000.00', '500000.00', '2025-10-12 05:04:16'),
(325, 3, 50, 453, 'Esteban Sebas', '1152675687', '1250000.00', '500000.00', '2025-10-12 05:04:16'),
(326, 3, 50, 454, 'Esteban Sebas', '1152675687', '1250000.00', '500000.00', '2025-10-12 05:04:16'),
(327, 3, 50, 455, 'Esteban Sebas', '1152675687', '1250000.00', '500000.00', '2025-10-12 05:04:16'),
(328, 3, 50, 456, 'Esteban Sebas', '1152675687', '1250000.00', '500000.00', '2025-10-12 05:04:16'),
(329, 3, 50, 457, 'Esteban Sebas', '1152675687', '1250000.00', '500000.00', '2025-10-12 05:04:16'),
(330, 3, 50, 458, 'Esteban Sebas', '1152675687', '1250000.00', '500000.00', '2025-10-12 05:04:16'),
(331, 3, 50, 459, 'Esteban Sebas', '1152675687', '1250000.00', '500000.00', '2025-10-12 05:04:16'),
(332, 3, 50, 460, 'Esteban Sebas', '1152675687', '1250000.00', '500000.00', '2025-10-12 05:04:16'),
(333, 3, 50, 461, 'Esteban Sebas', '1152675687', '1250000.00', '500000.00', '2025-10-12 05:04:16'),
(334, 3, 50, 462, 'Esteban Sebas', '1152675687', '1250000.00', '500000.00', '2025-10-12 05:04:16'),
(335, 3, 50, 463, 'Esteban Sebas', '1152675687', '1250000.00', '500000.00', '2025-10-12 05:04:16'),
(336, 3, 50, 464, 'Esteban Sebas', '1152675687', '1250000.00', '500000.00', '2025-10-12 05:04:16'),
(337, 3, 50, 465, 'Esteban Sebas', '1152675687', '1250000.00', '500000.00', '2025-10-12 05:04:16'),
(338, 3, 50, 466, 'Esteban Sebas', '1152675687', '1250000.00', '500000.00', '2025-10-12 05:04:16'),
(339, 3, 50, 467, 'Esteban Sebas', '1152675687', '1250000.00', '500000.00', '2025-10-12 05:04:16'),
(340, 3, 50, 468, 'Esteban Sebas', '1152675687', '1250000.00', '500000.00', '2025-10-12 05:04:16'),
(341, 3, 50, 469, 'Esteban Sebas', '1152675687', '1250000.00', '500000.00', '2025-10-12 05:04:16'),
(342, 3, 50, 470, 'Esteban Sebas', '1152675687', '1250000.00', '500000.00', '2025-10-12 05:04:16'),
(343, 3, 50, 471, 'Esteban Sebas', '1152675687', '1250000.00', '500000.00', '2025-10-12 05:04:16'),
(344, 3, 50, 472, 'Esteban Sebas', '1152675687', '1250000.00', '500000.00', '2025-10-12 05:04:16'),
(345, 3, 50, 473, 'Esteban Sebas', '1152675687', '1250000.00', '500000.00', '2025-10-12 05:04:16'),
(346, 3, 50, 474, 'Esteban Sebas', '1152675687', '1250000.00', '500000.00', '2025-10-12 05:04:16'),
(347, 3, 50, 475, 'Esteban Sebas', '1152675687', '1250000.00', '500000.00', '2025-10-12 05:04:16'),
(348, 3, 50, 476, 'Esteban Sebas', '1152675687', '1250000.00', '500000.00', '2025-10-12 05:04:16'),
(349, 3, 50, 477, 'Esteban Sebas', '1152675687', '1250000.00', '500000.00', '2025-10-12 05:04:16'),
(350, 3, 50, 478, 'Esteban Sebas', '1152675687', '1250000.00', '500000.00', '2025-10-12 05:04:16'),
(351, 3, 50, 479, 'Esteban Sebas', '1152675687', '1250000.00', '500000.00', '2025-10-12 05:04:16'),
(352, 3, 50, 480, 'Esteban Sebas', '1152675687', '1250000.00', '500000.00', '2025-10-12 05:04:16'),
(353, 3, 50, 481, 'Esteban Sebas', '1152675687', '1250000.00', '500000.00', '2025-10-12 05:04:16'),
(354, 3, 50, 482, 'Esteban Sebas', '1152675687', '1250000.00', '500000.00', '2025-10-12 05:04:16'),
(355, 3, 50, 483, 'Esteban Sebas', '1152675687', '1250000.00', '500000.00', '2025-10-12 05:04:16'),
(356, 3, 50, 484, 'Esteban Sebas', '1152675687', '1250000.00', '500000.00', '2025-10-12 05:04:16'),
(357, 3, 50, 485, 'Esteban Sebas', '1152675687', '1250000.00', '500000.00', '2025-10-12 05:04:16'),
(358, 3, 50, 486, 'Esteban Sebas', '1152675687', '1250000.00', '500000.00', '2025-10-12 05:04:16'),
(359, 3, 50, 487, 'Esteban Sebas', '1152675687', '1250000.00', '500000.00', '2025-10-12 05:04:16'),
(360, 3, 50, 488, 'Esteban Sebas', '1152675687', '1250000.00', '500000.00', '2025-10-12 05:04:16'),
(361, 3, 50, 489, 'Esteban Sebas', '1152675687', '1250000.00', '500000.00', '2025-10-12 05:04:16'),
(362, 3, 50, 490, 'Esteban Sebas', '1152675687', '1250000.00', '500000.00', '2025-10-12 05:04:16'),
(363, 3, 50, 491, 'Esteban Sebas', '1152675687', '1250000.00', '500000.00', '2025-10-12 05:04:16'),
(364, 3, 50, 492, 'Esteban Sebas', '1152675687', '1250000.00', '500000.00', '2025-10-12 05:04:16'),
(365, 3, 50, 493, 'Esteban Sebas', '1152675687', '1250000.00', '500000.00', '2025-10-12 05:04:16'),
(366, 3, 50, 494, 'Esteban Sebas', '1152675687', '1250000.00', '500000.00', '2025-10-12 05:04:16'),
(367, 3, 50, 495, 'Esteban Sebas', '1152675687', '1250000.00', '500000.00', '2025-10-12 05:04:16'),
(368, 3, 50, 496, 'Esteban Sebas', '1152675687', '1250000.00', '500000.00', '2025-10-12 05:04:16'),
(369, 3, 50, 497, 'Esteban Sebas', '1152675687', '1250000.00', '500000.00', '2025-10-12 05:04:16'),
(370, 3, 50, 498, 'Esteban Sebas', '1152675687', '1250000.00', '500000.00', '2025-10-12 05:04:16'),
(371, 3, 50, 499, 'Esteban Sebas', '1152675687', '1250000.00', '500000.00', '2025-10-12 05:04:16'),
(372, 3, 50, 500, 'Esteban Sebas', '1152675687', '1250000.00', '500000.00', '2025-10-12 05:04:16'),
(373, 3, 50, 501, 'Esteban Sebas', '1152675687', '1250000.00', '500000.00', '2025-10-12 05:04:16'),
(374, 3, 50, 502, 'Esteban Sebas', '1152675687', '1250000.00', '500000.00', '2025-10-12 05:04:16'),
(375, 3, 50, 503, 'Esteban Sebas', '1152675687', '1250000.00', '500000.00', '2025-10-12 05:04:16'),
(376, 3, 50, 504, 'Esteban Sebas', '1152675687', '1250000.00', '500000.00', '2025-10-12 05:04:16'),
(377, 3, 50, 505, 'Esteban Sebas', '1152675687', '1250000.00', '500000.00', '2025-10-12 05:04:16'),
(378, 3, 50, 506, 'Esteban Sebas', '1152675687', '1250000.00', '500000.00', '2025-10-12 05:04:16'),
(379, 3, 50, 507, 'Esteban Sebas', '1152675687', '1250000.00', '500000.00', '2025-10-12 05:04:16'),
(380, 3, 50, 508, 'Esteban Sebas', '1152675687', '1250000.00', '500000.00', '2025-10-12 05:04:16'),
(381, 3, 50, 509, 'Esteban Sebas', '1152675687', '1250000.00', '500000.00', '2025-10-12 05:04:16'),
(382, 3, 50, 510, 'Esteban Sebas', '1152675687', '1250000.00', '500000.00', '2025-10-12 05:04:16'),
(383, 3, 50, 511, 'Esteban Sebas', '1152675687', '1250000.00', '500000.00', '2025-10-12 05:04:16'),
(384, 3, 50, 512, 'Esteban Sebas', '1152675687', '1250000.00', '500000.00', '2025-10-12 05:04:16'),
(385, 3, 50, 513, 'Esteban Sebas', '1152675687', '1250000.00', '500000.00', '2025-10-12 05:04:16'),
(386, 3, 50, 514, 'Esteban Sebas', '1152675687', '1250000.00', '500000.00', '2025-10-12 05:04:16'),
(387, 3, 50, 515, 'Esteban Sebas', '1152675687', '1250000.00', '500000.00', '2025-10-12 05:04:16'),
(388, 3, 50, 516, 'Esteban Sebas', '1152675687', '1250000.00', '500000.00', '2025-10-12 05:04:16'),
(389, 3, 50, 517, 'Esteban Sebas', '1152675687', '1250000.00', '500000.00', '2025-10-12 05:04:16'),
(390, 3, 50, 518, 'Esteban Sebas', '1152675687', '1250000.00', '500000.00', '2025-10-12 05:04:16'),
(391, 3, 50, 519, 'Esteban Sebas', '1152675687', '1250000.00', '500000.00', '2025-10-12 05:04:16'),
(392, 3, 50, 520, 'Esteban Sebas', '1152675687', '1250000.00', '500000.00', '2025-10-12 05:04:16'),
(393, 3, 50, 521, 'Esteban Sebas', '1152675687', '1250000.00', '500000.00', '2025-10-12 05:04:16'),
(394, 3, 50, 522, 'Esteban Sebas', '1152675687', '1250000.00', '500000.00', '2025-10-12 05:04:16'),
(395, 3, 50, 523, 'Esteban Sebas', '1152675687', '1250000.00', '500000.00', '2025-10-12 05:04:16'),
(396, 3, 50, 524, 'Esteban Sebas', '1152675687', '1250000.00', '500000.00', '2025-10-12 05:04:16'),
(397, 3, 50, 525, 'Esteban Sebas', '1152675687', '1250000.00', '500000.00', '2025-10-12 05:04:16'),
(398, 3, 50, 526, 'Esteban Sebas', '1152675687', '1250000.00', '500000.00', '2025-10-12 05:04:16'),
(399, 3, 50, 527, 'Esteban Sebas', '1152675687', '1250000.00', '500000.00', '2025-10-12 05:04:16'),
(400, 3, 50, 528, 'Esteban Sebas', '1152675687', '1250000.00', '500000.00', '2025-10-12 05:04:16'),
(401, 3, 50, 529, 'Esteban Sebas', '1152675687', '1250000.00', '500000.00', '2025-10-12 05:04:16'),
(402, 3, 50, 530, 'Esteban Sebas', '1152675687', '1250000.00', '500000.00', '2025-10-12 05:04:16'),
(403, 3, 50, 531, 'Esteban Sebas', '1152675687', '1250000.00', '500000.00', '2025-10-12 05:04:16'),
(404, 3, 50, 532, 'Esteban Sebas', '1152675687', '1250000.00', '500000.00', '2025-10-12 05:04:16'),
(405, 3, 50, 533, 'Esteban Sebas', '1152675687', '1250000.00', '500000.00', '2025-10-12 05:04:16'),
(406, 3, 50, 534, 'Esteban Sebas', '1152675687', '1250000.00', '500000.00', '2025-10-12 05:04:16'),
(407, 3, 50, 535, 'Esteban Sebas', '1152675687', '1250000.00', '500000.00', '2025-10-12 05:04:16'),
(408, 3, 50, 536, 'Esteban Sebas', '1152675687', '1250000.00', '500000.00', '2025-10-12 05:04:16'),
(409, 3, 50, 537, 'Esteban Sebas', '1152675687', '1250000.00', '500000.00', '2025-10-12 05:04:16'),
(410, 3, 50, 538, 'Esteban Sebas', '1152675687', '1250000.00', '500000.00', '2025-10-12 05:04:16'),
(411, 3, 50, 539, 'Esteban Sebas', '1152675687', '1250000.00', '500000.00', '2025-10-12 05:04:16'),
(412, 3, 50, 540, 'Esteban Sebas', '1152675687', '1250000.00', '500000.00', '2025-10-12 05:04:16'),
(413, 3, 50, 541, 'Esteban Sebas', '1152675687', '1250000.00', '500000.00', '2025-10-12 05:04:16'),
(414, 3, 50, 542, 'Esteban Sebas', '1152675687', '1250000.00', '500000.00', '2025-10-12 05:04:16'),
(415, 3, 50, 543, 'Esteban Sebas', '1152675687', '1250000.00', '500000.00', '2025-10-12 05:04:16'),
(416, 3, 50, 544, 'Esteban Sebas', '1152675687', '1250000.00', '500000.00', '2025-10-12 05:04:16'),
(417, 3, 50, 545, 'Esteban Sebas', '1152675687', '1250000.00', '500000.00', '2025-10-12 05:04:16'),
(418, 3, 50, 546, 'Esteban Sebas', '1152675687', '1250000.00', '500000.00', '2025-10-12 05:04:16'),
(419, 3, 50, 547, 'Esteban Sebas', '1152675687', '1250000.00', '500000.00', '2025-10-12 05:04:16'),
(420, 3, 50, 548, 'Esteban Sebas', '1152675687', '1250000.00', '500000.00', '2025-10-12 05:04:16'),
(421, 3, 50, 549, 'Esteban Sebas', '1152675687', '1250000.00', '500000.00', '2025-10-12 05:04:16'),
(422, 3, 50, 550, 'Esteban Sebas', '1152675687', '1250000.00', '500000.00', '2025-10-12 05:04:16'),
(423, 3, 50, 551, 'Esteban Sebas', '1152675687', '1250000.00', '500000.00', '2025-10-12 05:04:16'),
(424, 3, 50, 552, 'Esteban Sebas', '1152675687', '1250000.00', '500000.00', '2025-10-12 05:04:16'),
(425, 3, 50, 553, 'Esteban Sebas', '1152675687', '1250000.00', '500000.00', '2025-10-12 05:04:16'),
(426, 3, 50, 554, 'Esteban Sebas', '1152675687', '1250000.00', '500000.00', '2025-10-12 05:04:16'),
(427, 3, 50, 555, 'Esteban Sebas', '1152675687', '1250000.00', '500000.00', '2025-10-12 05:04:16'),
(428, 3, 50, 556, 'Esteban Sebas', '1152675687', '1250000.00', '500000.00', '2025-10-12 05:04:16'),
(429, 3, 50, 557, 'Esteban Sebas', '1152675687', '1250000.00', '500000.00', '2025-10-12 05:04:16'),
(430, 3, 50, 558, 'Esteban Sebas', '1152675687', '1250000.00', '500000.00', '2025-10-12 05:04:16'),
(431, 3, 50, 559, 'Esteban Sebas', '1152675687', '1250000.00', '500000.00', '2025-10-12 05:04:16'),
(432, 3, 50, 560, 'Esteban Sebas', '1152675687', '1250000.00', '500000.00', '2025-10-12 05:04:16'),
(433, 3, 50, 561, 'Esteban Sebas', '1152675687', '1250000.00', '500000.00', '2025-10-12 05:04:16'),
(434, 3, 50, 562, 'Esteban Sebas', '1152675687', '1250000.00', '500000.00', '2025-10-12 05:04:16'),
(435, 3, 50, 563, 'Esteban Sebas', '1152675687', '1250000.00', '500000.00', '2025-10-12 05:04:16'),
(436, 3, 50, 564, 'Esteban Sebas', '1152675687', '1250000.00', '500000.00', '2025-10-12 05:04:16'),
(437, 3, 50, 565, 'Esteban Sebas', '1152675687', '1250000.00', '500000.00', '2025-10-12 05:04:16'),
(438, 3, 50, 566, 'Esteban Sebas', '1152675687', '1250000.00', '500000.00', '2025-10-12 05:04:16'),
(439, 3, 50, 567, 'Esteban Sebas', '1152675687', '1250000.00', '500000.00', '2025-10-12 05:04:16'),
(440, 3, 50, 568, 'Esteban Sebas', '1152675687', '1250000.00', '500000.00', '2025-10-12 05:04:16'),
(441, 3, 50, 569, 'Esteban Sebas', '1152675687', '1250000.00', '500000.00', '2025-10-12 05:04:16'),
(442, 3, 50, 570, 'Esteban Sebas', '1152675687', '1250000.00', '500000.00', '2025-10-12 05:04:16'),
(443, 3, 50, 571, 'Esteban Sebas', '1152675687', '1250000.00', '500000.00', '2025-10-12 05:04:16'),
(444, 3, 50, 572, 'Esteban Sebas', '1152675687', '1250000.00', '500000.00', '2025-10-12 05:04:16'),
(445, 3, 50, 573, 'Esteban Sebas', '1152675687', '1250000.00', '500000.00', '2025-10-12 05:04:16'),
(446, 3, 50, 574, 'Esteban Sebas', '1152675687', '1250000.00', '500000.00', '2025-10-12 05:04:16'),
(447, 3, 50, 575, 'Esteban Sebas', '1152675687', '1250000.00', '500000.00', '2025-10-12 05:04:16'),
(448, 3, 50, 576, 'Esteban Sebas', '1152675687', '1250000.00', '500000.00', '2025-10-12 05:04:16'),
(449, 3, 50, 577, 'Esteban Sebas', '1152675687', '1250000.00', '500000.00', '2025-10-12 05:04:16'),
(450, 3, 50, 578, 'Esteban Sebas', '1152675687', '1250000.00', '500000.00', '2025-10-12 05:04:16'),
(451, 3, 50, 579, 'Esteban Sebas', '1152675687', '1250000.00', '500000.00', '2025-10-12 05:04:16'),
(452, 3, 50, 580, 'Esteban Sebas', '1152675687', '1250000.00', '500000.00', '2025-10-12 05:04:16'),
(453, 3, 50, 581, 'Esteban Sebas', '1152675687', '1250000.00', '500000.00', '2025-10-12 05:04:16'),
(454, 3, 50, 582, 'Esteban Sebas', '1152675687', '1250000.00', '500000.00', '2025-10-12 05:04:16'),
(455, 3, 50, 583, 'Esteban Sebas', '1152675687', '1250000.00', '500000.00', '2025-10-12 05:04:16'),
(456, 3, 50, 584, 'Esteban Sebas', '1152675687', '1250000.00', '500000.00', '2025-10-12 05:04:16'),
(457, 3, 50, 585, 'Esteban Sebas', '1152675687', '1250000.00', '500000.00', '2025-10-12 05:04:16'),
(458, 3, 50, 586, 'Esteban Sebas', '1152675687', '1250000.00', '500000.00', '2025-10-12 05:04:16'),
(459, 3, 50, 587, 'Esteban Sebas', '1152675687', '1250000.00', '500000.00', '2025-10-12 05:04:16'),
(460, 3, 50, 588, 'Esteban Sebas', '1152675687', '1250000.00', '500000.00', '2025-10-12 05:04:16'),
(461, 3, 50, 589, 'Esteban Sebas', '1152675687', '1250000.00', '500000.00', '2025-10-12 05:04:16'),
(462, 3, 50, 590, 'Esteban Sebas', '1152675687', '1250000.00', '500000.00', '2025-10-12 05:04:16'),
(463, 3, 50, 591, 'Esteban Sebas', '1152675687', '1250000.00', '500000.00', '2025-10-12 05:04:16'),
(464, 3, 50, 592, 'Esteban Sebas', '1152675687', '1250000.00', '500000.00', '2025-10-12 05:04:16'),
(465, 3, 50, 593, 'Esteban Sebas', '1152675687', '1250000.00', '500000.00', '2025-10-12 05:04:16'),
(466, 3, 50, 594, 'Esteban Sebas', '1152675687', '1250000.00', '500000.00', '2025-10-12 05:04:16'),
(467, 3, 50, 595, 'Esteban Sebas', '1152675687', '1250000.00', '500000.00', '2025-10-12 05:04:16'),
(468, 3, 50, 596, 'Esteban Sebas', '1152675687', '1250000.00', '500000.00', '2025-10-12 05:04:16'),
(469, 3, 50, 597, 'Esteban Sebas', '1152675687', '1250000.00', '500000.00', '2025-10-12 05:04:16'),
(470, 3, 50, 598, 'Esteban Sebas', '1152675687', '1250000.00', '500000.00', '2025-10-12 05:04:16'),
(471, 3, 50, 599, 'Esteban Sebas', '1152675687', '1250000.00', '500000.00', '2025-10-12 05:04:16'),
(472, 3, 50, 600, 'Esteban Sebas', '1152675687', '1250000.00', '500000.00', '2025-10-12 05:04:16'),
(473, 3, 50, 601, 'Esteban Sebas', '1152675687', '1250000.00', '500000.00', '2025-10-12 05:04:16'),
(474, 3, 50, 602, 'Esteban Sebas', '1152675687', '1250000.00', '500000.00', '2025-10-12 05:04:16'),
(475, 3, 50, 603, 'Esteban Sebas', '1152675687', '1250000.00', '500000.00', '2025-10-12 05:04:16'),
(476, 3, 50, 604, 'Esteban Sebas', '1152675687', '1250000.00', '500000.00', '2025-10-12 05:04:16'),
(477, 3, 50, 605, 'Esteban Sebas', '1152675687', '1250000.00', '500000.00', '2025-10-12 05:04:16'),
(478, 3, 50, 606, 'Esteban Sebas', '1152675687', '1250000.00', '500000.00', '2025-10-12 05:04:16'),
(479, 3, 50, 607, 'Esteban Sebas', '1152675687', '1250000.00', '500000.00', '2025-10-12 05:04:16'),
(480, 3, 50, 608, 'Esteban Sebas', '1152675687', '1250000.00', '500000.00', '2025-10-12 05:04:16'),
(481, 3, 50, 609, 'Esteban Sebas', '1152675687', '1250000.00', '500000.00', '2025-10-12 05:04:16'),
(482, 3, 50, 610, 'Esteban Sebas', '1152675687', '1250000.00', '500000.00', '2025-10-12 05:04:16'),
(483, 3, 50, 611, 'Esteban Sebas', '1152675687', '1250000.00', '500000.00', '2025-10-12 05:04:16'),
(484, 3, 50, 612, 'Esteban Sebas', '1152675687', '1250000.00', '500000.00', '2025-10-12 05:04:16'),
(485, 3, 50, 613, 'Esteban Sebas', '1152675687', '1250000.00', '500000.00', '2025-10-12 05:04:16'),
(486, 3, 50, 614, 'Esteban Sebas', '1152675687', '1250000.00', '500000.00', '2025-10-12 05:04:16'),
(487, 3, 50, 615, 'Esteban Sebas', '1152675687', '1250000.00', '500000.00', '2025-10-12 05:04:16'),
(488, 3, 50, 616, 'Esteban Sebas', '1152675687', '1250000.00', '500000.00', '2025-10-12 05:04:16'),
(489, 3, 50, 617, 'Esteban Sebas', '1152675687', '1250000.00', '500000.00', '2025-10-12 05:04:16'),
(490, 3, 50, 618, 'Esteban Sebas', '1152675687', '1250000.00', '500000.00', '2025-10-12 05:04:16'),
(491, 3, 50, 619, 'Esteban Sebas', '1152675687', '1250000.00', '500000.00', '2025-10-12 05:04:16'),
(492, 3, 50, 620, 'Esteban Sebas', '1152675687', '1250000.00', '500000.00', '2025-10-12 05:04:16'),
(493, 3, 50, 621, 'Esteban Sebas', '1152675687', '1250000.00', '500000.00', '2025-10-12 05:04:16'),
(494, 3, 50, 622, 'Esteban Sebas', '1152675687', '1250000.00', '500000.00', '2025-10-12 05:04:16'),
(495, 3, 50, 623, 'Esteban Sebas', '1152675687', '1250000.00', '500000.00', '2025-10-12 05:04:16'),
(496, 3, 50, 624, 'Esteban Sebas', '1152675687', '1250000.00', '500000.00', '2025-10-12 05:04:16'),
(497, 3, 50, 625, 'Esteban Sebas', '1152675687', '1250000.00', '500000.00', '2025-10-12 05:04:16'),
(498, 3, 50, 626, 'Esteban Sebas', '1152675687', '1250000.00', '500000.00', '2025-10-12 05:04:16'),
(499, 3, 50, 627, 'Esteban Sebas', '1152675687', '1250000.00', '500000.00', '2025-10-12 05:04:16'),
(500, 3, 50, 628, 'Esteban Sebas', '1152675687', '1250000.00', '500000.00', '2025-10-12 05:04:16'),
(501, 3, 50, 629, 'Esteban Sebas', '1152675687', '1250000.00', '500000.00', '2025-10-12 05:04:16'),
(502, 3, 50, 630, 'Esteban Sebas', '1152675687', '1250000.00', '500000.00', '2025-10-12 05:04:16'),
(503, 3, 50, 631, 'Esteban Sebas', '1152675687', '1250000.00', '500000.00', '2025-10-12 05:04:16'),
(504, 3, 50, 632, 'Esteban Sebas', '1152675687', '1250000.00', '500000.00', '2025-10-12 05:04:16'),
(505, 3, 50, 633, 'Esteban Sebas', '1152675687', '1250000.00', '500000.00', '2025-10-12 05:04:16'),
(506, 3, 50, 634, 'Esteban Sebas', '1152675687', '1250000.00', '500000.00', '2025-10-12 05:04:16'),
(507, 3, 50, 635, 'Esteban Sebas', '1152675687', '1250000.00', '500000.00', '2025-10-12 05:04:16'),
(508, 3, 50, 636, 'Esteban Sebas', '1152675687', '1250000.00', '500000.00', '2025-10-12 05:04:16'),
(509, 3, 50, 637, 'Esteban Sebas', '1152675687', '1250000.00', '500000.00', '2025-10-12 05:04:16'),
(510, 3, 50, 638, 'Esteban Sebas', '1152675687', '1250000.00', '500000.00', '2025-10-12 05:04:16'),
(511, 3, 50, 639, 'Esteban Sebas', '1152675687', '1250000.00', '500000.00', '2025-10-12 05:04:16'),
(512, 3, 50, 640, 'Esteban Sebas', '1152675687', '1250000.00', '500000.00', '2025-10-12 05:04:16'),
(513, 3, 50, 641, 'Esteban Sebas', '1152675687', '1250000.00', '500000.00', '2025-10-12 05:04:16');
INSERT INTO `collector_commissions` (`id`, `user_id`, `loan_id`, `loan_item_id`, `client_name`, `client_cedula`, `amount`, `commission`, `created_at`) VALUES
(514, 3, 50, 642, 'Esteban Sebas', '1152675687', '1250000.00', '500000.00', '2025-10-12 05:04:16'),
(515, 3, 50, 643, 'Esteban Sebas', '1152675687', '1250000.00', '500000.00', '2025-10-12 05:04:16'),
(516, 3, 50, 644, 'Esteban Sebas', '1152675687', '1250000.00', '500000.00', '2025-10-12 05:04:16'),
(517, 3, 50, 645, 'Esteban Sebas', '1152675687', '1250000.00', '500000.00', '2025-10-12 05:04:16'),
(518, 3, 50, 646, 'Esteban Sebas', '1152675687', '1250000.00', '500000.00', '2025-10-12 05:04:16'),
(519, 3, 50, 647, 'Esteban Sebas', '1152675687', '1250000.00', '500000.00', '2025-10-12 05:04:16'),
(520, 3, 50, 648, 'Esteban Sebas', '1152675687', '1250000.00', '500000.00', '2025-10-12 05:04:16'),
(521, 3, 51, 649, 'Esteban Sebas', '1152675687', '250000.00', '100000.00', '2025-10-12 05:04:16'),
(522, 3, 51, 650, 'Esteban Sebas', '1152675687', '200000.00', '80000.00', '2025-10-12 05:04:16'),
(523, 3, 51, 651, 'Esteban Sebas', '1152675687', '150000.00', '60000.00', '2025-10-12 05:04:16'),
(524, 3, 51, 652, 'Esteban Sebas', '1152675687', '100000.00', '40000.00', '2025-10-12 05:04:16'),
(525, 3, 51, 653, 'Esteban Sebas', '1152675687', '50000.00', '20000.00', '2025-10-12 05:04:16'),
(526, 3, 52, 654, 'Esteban Sebas', '1152675687', '2500000.00', '1000000.00', '2025-10-12 16:14:17'),
(527, 3, 52, 655, 'Esteban Sebas', '1152675687', '2310426.54', '924170.62', '2025-10-12 16:14:17'),
(528, 3, 52, 656, 'Esteban Sebas', '1152675687', '2026066.35', '810426.54', '2025-10-12 16:14:17'),
(529, 3, 52, 657, 'Esteban Sebas', '1152675687', '1599526.07', '639810.43', '2025-10-12 16:14:17'),
(530, 3, 52, 658, 'Esteban Sebas', '1152675687', '959715.64', '383886.26', '2025-10-12 16:14:17'),
(531, 3, 53, 659, 'Esteban Sebas', '1152675687', '50000.00', '20000.00', '2025-10-12 16:14:17'),
(532, 3, 53, 660, 'Esteban Sebas', '1152675687', '40392.08', '16156.83', '2025-10-12 16:14:17'),
(533, 3, 53, 661, 'Esteban Sebas', '1152675687', '30592.00', '12236.80', '2025-10-12 16:14:17'),
(534, 3, 53, 662, 'Esteban Sebas', '1152675687', '20595.92', '8238.37', '2025-10-12 16:14:17'),
(535, 3, 53, 663, 'Esteban Sebas', '1152675687', '10399.92', '4159.97', '2025-10-12 16:14:17'),
(536, 3, 54, 664, 'Esteban Sebas', '1152675687', '375000.00', '150000.00', '2025-10-12 16:14:17'),
(537, 3, 54, 665, 'Esteban Sebas', '1152675687', '319381.67', '127752.67', '2025-10-12 16:14:17'),
(538, 3, 54, 666, 'Esteban Sebas', '1152675687', '255420.59', '102168.24', '2025-10-12 16:14:17'),
(539, 3, 54, 667, 'Esteban Sebas', '1152675687', '181865.34', '72746.14', '2025-10-12 16:14:17'),
(540, 3, 54, 668, 'Esteban Sebas', '1152675687', '97276.81', '38910.72', '2025-10-12 16:14:17'),
(541, 3, 55, 669, 'Esteban Sebas', '1152675687', '6000.00', '2400.00', '2025-10-12 16:14:17'),
(542, 3, 55, 670, 'Esteban Sebas', '1152675687', '5055.54', '2022.22', '2025-10-12 16:14:17'),
(543, 3, 55, 671, 'Esteban Sebas', '1152675687', '3997.75', '1599.10', '2025-10-12 16:14:17'),
(544, 3, 55, 672, 'Esteban Sebas', '1152675687', '2813.02', '1125.21', '2025-10-12 16:14:17'),
(545, 3, 55, 673, 'Esteban Sebas', '1152675687', '1486.12', '594.45', '2025-10-12 16:14:17'),
(546, 3, 56, 674, 'Esteban Sebas', '1152675687', '1000.00', '400.00', '2025-10-12 16:14:17'),
(547, 3, 56, 675, 'Esteban Sebas', '1152675687', '925.44', '370.18', '2025-10-12 16:14:17'),
(548, 3, 56, 676, 'Esteban Sebas', '1152675687', '849.39', '339.76', '2025-10-12 16:14:17'),
(549, 3, 56, 677, 'Esteban Sebas', '1152675687', '771.82', '308.73', '2025-10-12 16:14:17'),
(550, 3, 56, 678, 'Esteban Sebas', '1152675687', '692.69', '277.08', '2025-10-12 16:14:17'),
(551, 3, 56, 679, 'Esteban Sebas', '1152675687', '611.99', '244.80', '2025-10-12 16:14:17'),
(552, 3, 56, 680, 'Esteban Sebas', '1152675687', '529.67', '211.87', '2025-10-12 16:14:17'),
(553, 3, 56, 681, 'Esteban Sebas', '1152675687', '445.70', '178.28', '2025-10-12 16:14:17'),
(554, 3, 56, 682, 'Esteban Sebas', '1152675687', '360.06', '144.02', '2025-10-12 16:14:17'),
(555, 3, 56, 683, 'Esteban Sebas', '1152675687', '272.70', '109.08', '2025-10-12 16:14:17'),
(556, 3, 56, 684, 'Esteban Sebas', '1152675687', '183.59', '73.44', '2025-10-12 16:14:17'),
(557, 3, 56, 685, 'Esteban Sebas', '1152675687', '92.71', '37.08', '2025-10-12 16:14:17'),
(558, 3, 57, 686, 'Esteban Sebas', '1152675687', '6000.00', '2400.00', '2025-10-12 16:31:36'),
(559, 3, 57, 687, 'Esteban Sebas', '1152675687', '6000.00', '2400.00', '2025-10-12 16:31:36'),
(560, 3, 57, 688, 'Esteban Sebas', '1152675687', '6000.00', '2400.00', '2025-10-12 16:31:36'),
(561, 3, 57, 689, 'Esteban Sebas', '1152675687', '6000.00', '2400.00', '2025-10-12 16:31:36'),
(562, 3, 57, 690, 'Esteban Sebas', '1152675687', '6000.00', '2400.00', '2025-10-12 16:31:36'),
(563, 3, 57, 691, 'Esteban Sebas', '1152675687', '6000.00', '2400.00', '2025-10-12 16:31:36'),
(564, 3, 58, 692, 'Esteban Sebas', '1152675687', '600000.00', '240000.00', '2025-10-12 16:31:36'),
(565, 3, 58, 693, 'Esteban Sebas', '1152675687', '505554.16', '202221.66', '2025-10-12 16:31:36'),
(566, 3, 58, 694, 'Esteban Sebas', '1152675687', '399774.82', '159909.93', '2025-10-12 16:31:36'),
(567, 3, 58, 695, 'Esteban Sebas', '1152675687', '281301.96', '112520.78', '2025-10-12 16:31:36'),
(568, 3, 58, 696, 'Esteban Sebas', '1152675687', '148612.36', '59444.94', '2025-10-12 16:31:36'),
(569, 3, 59, 697, 'Esteban Sebas', '1152675687', '5000.00', '2000.00', '2025-10-12 23:37:53'),
(570, 3, 59, 698, 'Esteban Sebas', '1152675687', '5000.00', '2000.00', '2025-10-12 23:37:53'),
(571, 3, 59, 699, 'Esteban Sebas', '1152675687', '5000.00', '2000.00', '2025-10-12 23:38:14'),
(572, 3, 59, 700, 'Esteban Sebas', '1152675687', '5000.00', '2000.00', '2025-10-12 23:38:14'),
(573, 3, 59, 701, 'Esteban Sebas', '1152675687', '5000.00', '2000.00', '2025-10-12 23:48:46'),
(574, 3, 60, 702, 'Esteban Sebas', '1152675687', '1750000.00', '700000.00', '2025-10-12 18:11:06'),
(575, 3, 60, 703, 'Esteban Sebas', '1152675687', '1750000.00', '700000.00', '2025-10-12 18:11:06'),
(576, 3, 60, 704, 'Esteban Sebas', '1152675687', '1750000.00', '700000.00', '2025-10-12 18:11:06'),
(577, 3, 60, 705, 'Esteban Sebas', '1152675687', '1750000.00', '700000.00', '2025-10-12 18:11:06'),
(578, 3, 60, 706, 'Esteban Sebas', '1152675687', '1750000.00', '700000.00', '2025-10-12 18:11:06'),
(579, 3, 60, 707, 'Esteban Sebas', '1152675687', '1750000.00', '700000.00', '2025-10-12 18:11:06'),
(580, 3, 60, 708, 'Esteban Sebas', '1152675687', '1750000.00', '700000.00', '2025-10-12 18:11:06'),
(581, 3, 60, 709, 'Esteban Sebas', '1152675687', '1750000.00', '700000.00', '2025-10-12 18:11:06'),
(582, 3, 60, 710, 'Esteban Sebas', '1152675687', '1750000.00', '700000.00', '2025-10-12 18:11:06'),
(583, 3, 60, 711, 'Esteban Sebas', '1152675687', '1750000.00', '700000.00', '2025-10-12 18:11:06'),
(584, 3, 60, 712, 'Esteban Sebas', '1152675687', '1750000.00', '700000.00', '2025-10-12 18:11:06'),
(585, 3, 60, 713, 'Esteban Sebas', '1152675687', '1750000.00', '700000.00', '2025-10-12 18:11:06'),
(586, 3, 61, 714, 'Esteban Sebas', '1152675687', '72000.00', '28800.00', '2025-10-12 18:11:06'),
(587, 3, 61, 715, 'Esteban Sebas', '1152675687', '72000.00', '28800.00', '2025-10-12 18:11:06'),
(588, 3, 61, 716, 'Esteban Sebas', '1152675687', '72000.00', '28800.00', '2025-10-12 18:11:06'),
(589, 3, 61, 717, 'Esteban Sebas', '1152675687', '72000.00', '28800.00', '2025-10-12 18:11:06'),
(590, 3, 61, 718, 'Esteban Sebas', '1152675687', '72000.00', '28800.00', '2025-10-12 18:11:06'),
(591, 3, 61, 719, 'Esteban Sebas', '1152675687', '72000.00', '28800.00', '2025-10-12 18:11:06'),
(592, 3, 61, 720, 'Esteban Sebas', '1152675687', '72000.00', '28800.00', '2025-10-12 18:11:06'),
(593, 3, 61, 721, 'Esteban Sebas', '1152675687', '72000.00', '28800.00', '2025-10-12 18:11:06'),
(594, 3, 61, 722, 'Esteban Sebas', '1152675687', '72000.00', '28800.00', '2025-10-12 18:11:06'),
(595, 3, 61, 723, 'Esteban Sebas', '1152675687', '72000.00', '28800.00', '2025-10-12 18:11:06'),
(596, 3, 61, 724, 'Esteban Sebas', '1152675687', '72000.00', '28800.00', '2025-10-12 18:11:06'),
(597, 3, 61, 725, 'Esteban Sebas', '1152675687', '72000.00', '28800.00', '2025-10-12 18:11:06'),
(598, 3, 61, 726, 'Esteban Sebas', '1152675687', '72000.00', '28800.00', '2025-10-12 18:11:06'),
(599, 3, 61, 727, 'Esteban Sebas', '1152675687', '72000.00', '28800.00', '2025-10-12 18:11:06'),
(600, 3, 61, 728, 'Esteban Sebas', '1152675687', '72000.00', '28800.00', '2025-10-12 18:11:06'),
(601, 3, 61, 729, 'Esteban Sebas', '1152675687', '72000.00', '28800.00', '2025-10-12 18:11:06'),
(602, 3, 61, 730, 'Esteban Sebas', '1152675687', '72000.00', '28800.00', '2025-10-12 18:11:06'),
(603, 3, 61, 731, 'Esteban Sebas', '1152675687', '72000.00', '28800.00', '2025-10-12 18:11:06'),
(604, 3, 61, 732, 'Esteban Sebas', '1152675687', '72000.00', '28800.00', '2025-10-12 18:11:06'),
(605, 3, 61, 733, 'Esteban Sebas', '1152675687', '72000.00', '28800.00', '2025-10-12 18:11:06'),
(606, 3, 61, 734, 'Esteban Sebas', '1152675687', '72000.00', '28800.00', '2025-10-12 18:11:06'),
(607, 3, 61, 735, 'Esteban Sebas', '1152675687', '72000.00', '28800.00', '2025-10-12 18:11:06'),
(608, 3, 61, 736, 'Esteban Sebas', '1152675687', '72000.00', '28800.00', '2025-10-12 18:11:06'),
(609, 3, 61, 737, 'Esteban Sebas', '1152675687', '72000.00', '28800.00', '2025-10-12 18:11:06'),
(610, 3, 61, 738, 'Esteban Sebas', '1152675687', '72000.00', '28800.00', '2025-10-12 18:11:06'),
(611, 3, 61, 739, 'Esteban Sebas', '1152675687', '72000.00', '28800.00', '2025-10-12 18:11:06'),
(612, 3, 61, 740, 'Esteban Sebas', '1152675687', '72000.00', '28800.00', '2025-10-12 18:11:06'),
(613, 3, 61, 741, 'Esteban Sebas', '1152675687', '72000.00', '28800.00', '2025-10-12 18:11:06'),
(614, 3, 61, 742, 'Esteban Sebas', '1152675687', '72000.00', '28800.00', '2025-10-12 18:11:06'),
(615, 3, 61, 743, 'Esteban Sebas', '1152675687', '72000.00', '28800.00', '2025-10-12 18:11:06'),
(616, 3, 61, 744, 'Esteban Sebas', '1152675687', '72000.00', '28800.00', '2025-10-12 18:11:06'),
(617, 3, 61, 745, 'Esteban Sebas', '1152675687', '72000.00', '28800.00', '2025-10-12 18:11:06'),
(618, 3, 61, 746, 'Esteban Sebas', '1152675687', '72000.00', '28800.00', '2025-10-12 18:11:06'),
(619, 3, 61, 747, 'Esteban Sebas', '1152675687', '72000.00', '28800.00', '2025-10-12 18:11:06'),
(620, 3, 61, 748, 'Esteban Sebas', '1152675687', '72000.00', '28800.00', '2025-10-12 18:11:06'),
(621, 3, 61, 749, 'Esteban Sebas', '1152675687', '72000.00', '28800.00', '2025-10-12 18:11:06'),
(622, 3, 61, 750, 'Esteban Sebas', '1152675687', '72000.00', '28800.00', '2025-10-12 18:11:06'),
(623, 3, 61, 751, 'Esteban Sebas', '1152675687', '72000.00', '28800.00', '2025-10-12 18:11:06'),
(624, 3, 61, 752, 'Esteban Sebas', '1152675687', '72000.00', '28800.00', '2025-10-12 18:11:06'),
(625, 3, 61, 753, 'Esteban Sebas', '1152675687', '72000.00', '28800.00', '2025-10-12 18:11:06'),
(626, 3, 61, 754, 'Esteban Sebas', '1152675687', '72000.00', '28800.00', '2025-10-12 18:11:06'),
(627, 3, 61, 755, 'Esteban Sebas', '1152675687', '72000.00', '28800.00', '2025-10-12 18:11:06'),
(628, 3, 61, 756, 'Esteban Sebas', '1152675687', '72000.00', '28800.00', '2025-10-12 18:11:06'),
(629, 3, 61, 757, 'Esteban Sebas', '1152675687', '72000.00', '28800.00', '2025-10-12 18:11:06'),
(630, 3, 61, 758, 'Esteban Sebas', '1152675687', '72000.00', '28800.00', '2025-10-12 18:11:06'),
(631, 3, 61, 759, 'Esteban Sebas', '1152675687', '72000.00', '28800.00', '2025-10-12 18:11:06'),
(632, 3, 61, 760, 'Esteban Sebas', '1152675687', '72000.00', '28800.00', '2025-10-12 18:11:06'),
(633, 3, 61, 761, 'Esteban Sebas', '1152675687', '72000.00', '28800.00', '2025-10-12 18:11:06'),
(634, 3, 61, 762, 'Esteban Sebas', '1152675687', '72000.00', '28800.00', '2025-10-12 18:11:06'),
(635, 3, 61, 763, 'Esteban Sebas', '1152675687', '72000.00', '28800.00', '2025-10-12 18:11:06'),
(636, 3, 61, 764, 'Esteban Sebas', '1152675687', '72000.00', '28800.00', '2025-10-12 18:11:06'),
(637, 3, 61, 765, 'Esteban Sebas', '1152675687', '72000.00', '28800.00', '2025-10-12 18:11:06'),
(638, 3, 61, 766, 'Esteban Sebas', '1152675687', '72000.00', '28800.00', '2025-10-12 18:11:06'),
(639, 3, 61, 767, 'Esteban Sebas', '1152675687', '72000.00', '28800.00', '2025-10-12 18:11:06'),
(640, 3, 61, 768, 'Esteban Sebas', '1152675687', '72000.00', '28800.00', '2025-10-12 18:11:06'),
(641, 3, 61, 769, 'Esteban Sebas', '1152675687', '72000.00', '28800.00', '2025-10-12 18:11:06'),
(642, 3, 61, 770, 'Esteban Sebas', '1152675687', '72000.00', '28800.00', '2025-10-12 18:11:06'),
(643, 3, 61, 771, 'Esteban Sebas', '1152675687', '72000.00', '28800.00', '2025-10-12 18:11:06'),
(644, 3, 61, 772, 'Esteban Sebas', '1152675687', '72000.00', '28800.00', '2025-10-12 18:11:06'),
(645, 3, 61, 773, 'Esteban Sebas', '1152675687', '72000.00', '28800.00', '2025-10-12 18:11:06'),
(646, 3, 61, 774, 'Esteban Sebas', '1152675687', '72000.00', '28800.00', '2025-10-12 18:11:06'),
(647, 3, 61, 775, 'Esteban Sebas', '1152675687', '72000.00', '28800.00', '2025-10-12 18:11:06'),
(648, 3, 61, 776, 'Esteban Sebas', '1152675687', '72000.00', '28800.00', '2025-10-12 18:11:06'),
(649, 3, 61, 777, 'Esteban Sebas', '1152675687', '72000.00', '28800.00', '2025-10-12 18:11:06'),
(650, 3, 61, 778, 'Esteban Sebas', '1152675687', '72000.00', '28800.00', '2025-10-12 18:11:06'),
(651, 3, 61, 779, 'Esteban Sebas', '1152675687', '72000.00', '28800.00', '2025-10-12 18:11:06'),
(652, 3, 61, 780, 'Esteban Sebas', '1152675687', '72000.00', '28800.00', '2025-10-12 18:11:06'),
(653, 3, 61, 781, 'Esteban Sebas', '1152675687', '72000.00', '28800.00', '2025-10-12 18:11:06'),
(654, 3, 61, 782, 'Esteban Sebas', '1152675687', '72000.00', '28800.00', '2025-10-12 18:11:06'),
(655, 3, 61, 783, 'Esteban Sebas', '1152675687', '72000.00', '28800.00', '2025-10-12 18:11:06'),
(656, 3, 61, 784, 'Esteban Sebas', '1152675687', '72000.00', '28800.00', '2025-10-12 18:11:06'),
(657, 3, 61, 785, 'Esteban Sebas', '1152675687', '72000.00', '28800.00', '2025-10-12 18:11:06'),
(658, 3, 61, 786, 'Esteban Sebas', '1152675687', '72000.00', '28800.00', '2025-10-12 18:11:06'),
(659, 3, 61, 787, 'Esteban Sebas', '1152675687', '72000.00', '28800.00', '2025-10-12 18:11:06'),
(660, 3, 61, 788, 'Esteban Sebas', '1152675687', '72000.00', '28800.00', '2025-10-12 18:11:06'),
(661, 3, 61, 789, 'Esteban Sebas', '1152675687', '72000.00', '28800.00', '2025-10-12 18:11:06'),
(662, 3, 61, 790, 'Esteban Sebas', '1152675687', '72000.00', '28800.00', '2025-10-12 18:11:06'),
(663, 3, 61, 791, 'Esteban Sebas', '1152675687', '72000.00', '28800.00', '2025-10-12 18:11:06'),
(664, 3, 61, 792, 'Esteban Sebas', '1152675687', '72000.00', '28800.00', '2025-10-12 18:11:06'),
(665, 3, 61, 793, 'Esteban Sebas', '1152675687', '72000.00', '28800.00', '2025-10-12 18:11:06'),
(666, 3, 61, 794, 'Esteban Sebas', '1152675687', '72000.00', '28800.00', '2025-10-12 18:11:06'),
(667, 3, 61, 795, 'Esteban Sebas', '1152675687', '72000.00', '28800.00', '2025-10-12 18:11:06'),
(668, 3, 61, 796, 'Esteban Sebas', '1152675687', '72000.00', '28800.00', '2025-10-12 18:11:06'),
(669, 3, 61, 797, 'Esteban Sebas', '1152675687', '72000.00', '28800.00', '2025-10-12 18:11:06'),
(670, 3, 61, 798, 'Esteban Sebas', '1152675687', '72000.00', '28800.00', '2025-10-12 18:11:06'),
(671, 3, 61, 799, 'Esteban Sebas', '1152675687', '72000.00', '28800.00', '2025-10-12 18:11:06'),
(672, 3, 61, 800, 'Esteban Sebas', '1152675687', '72000.00', '28800.00', '2025-10-12 18:11:06'),
(673, 3, 61, 801, 'Esteban Sebas', '1152675687', '72000.00', '28800.00', '2025-10-12 18:11:06'),
(674, 3, 61, 802, 'Esteban Sebas', '1152675687', '72000.00', '28800.00', '2025-10-12 18:11:06'),
(675, 3, 61, 803, 'Esteban Sebas', '1152675687', '72000.00', '28800.00', '2025-10-12 18:11:06'),
(676, 3, 61, 804, 'Esteban Sebas', '1152675687', '72000.00', '28800.00', '2025-10-12 18:11:06'),
(677, 3, 61, 805, 'Esteban Sebas', '1152675687', '72000.00', '28800.00', '2025-10-12 18:11:06'),
(678, 3, 61, 806, 'Esteban Sebas', '1152675687', '72000.00', '28800.00', '2025-10-12 18:11:06'),
(679, 3, 61, 807, 'Esteban Sebas', '1152675687', '72000.00', '28800.00', '2025-10-12 18:11:06'),
(680, 3, 61, 808, 'Esteban Sebas', '1152675687', '72000.00', '28800.00', '2025-10-12 18:11:06'),
(681, 3, 61, 809, 'Esteban Sebas', '1152675687', '72000.00', '28800.00', '2025-10-12 18:11:06'),
(682, 3, 61, 810, 'Esteban Sebas', '1152675687', '72000.00', '28800.00', '2025-10-12 18:11:06'),
(683, 3, 61, 811, 'Esteban Sebas', '1152675687', '72000.00', '28800.00', '2025-10-12 18:11:06'),
(684, 3, 61, 812, 'Esteban Sebas', '1152675687', '72000.00', '28800.00', '2025-10-12 18:11:06'),
(685, 3, 61, 813, 'Esteban Sebas', '1152675687', '72000.00', '28800.00', '2025-10-12 18:11:06'),
(686, 3, 61, 814, 'Esteban Sebas', '1152675687', '72000.00', '28800.00', '2025-10-12 18:11:06'),
(687, 3, 61, 815, 'Esteban Sebas', '1152675687', '72000.00', '28800.00', '2025-10-12 18:11:06'),
(688, 3, 61, 816, 'Esteban Sebas', '1152675687', '72000.00', '28800.00', '2025-10-12 18:11:06'),
(689, 3, 61, 817, 'Esteban Sebas', '1152675687', '72000.00', '28800.00', '2025-10-12 18:11:06'),
(690, 3, 61, 818, 'Esteban Sebas', '1152675687', '72000.00', '28800.00', '2025-10-12 18:11:06'),
(691, 3, 61, 819, 'Esteban Sebas', '1152675687', '72000.00', '28800.00', '2025-10-12 18:11:06'),
(692, 3, 61, 820, 'Esteban Sebas', '1152675687', '72000.00', '28800.00', '2025-10-12 18:11:06'),
(693, 3, 61, 821, 'Esteban Sebas', '1152675687', '72000.00', '28800.00', '2025-10-12 18:11:06'),
(694, 3, 61, 822, 'Esteban Sebas', '1152675687', '72000.00', '28800.00', '2025-10-12 18:11:06'),
(695, 3, 61, 823, 'Esteban Sebas', '1152675687', '72000.00', '28800.00', '2025-10-12 18:11:06'),
(696, 3, 61, 824, 'Esteban Sebas', '1152675687', '72000.00', '28800.00', '2025-10-12 18:11:06'),
(697, 3, 61, 825, 'Esteban Sebas', '1152675687', '72000.00', '28800.00', '2025-10-12 18:11:06'),
(698, 3, 61, 826, 'Esteban Sebas', '1152675687', '72000.00', '28800.00', '2025-10-12 18:11:06'),
(699, 3, 61, 827, 'Esteban Sebas', '1152675687', '72000.00', '28800.00', '2025-10-12 18:11:06'),
(700, 3, 61, 828, 'Esteban Sebas', '1152675687', '72000.00', '28800.00', '2025-10-12 18:11:06'),
(701, 3, 61, 829, 'Esteban Sebas', '1152675687', '72000.00', '28800.00', '2025-10-12 18:11:06'),
(702, 3, 61, 830, 'Esteban Sebas', '1152675687', '72000.00', '28800.00', '2025-10-12 18:11:06'),
(703, 3, 61, 831, 'Esteban Sebas', '1152675687', '72000.00', '28800.00', '2025-10-12 18:11:06'),
(704, 3, 61, 832, 'Esteban Sebas', '1152675687', '72000.00', '28800.00', '2025-10-12 18:11:06'),
(705, 3, 61, 833, 'Esteban Sebas', '1152675687', '72000.00', '28800.00', '2025-10-12 18:11:06'),
(706, 3, 61, 834, 'Esteban Sebas', '1152675687', '72000.00', '28800.00', '2025-10-12 18:11:06'),
(707, 3, 61, 835, 'Esteban Sebas', '1152675687', '72000.00', '28800.00', '2025-10-12 18:11:06'),
(708, 3, 61, 836, 'Esteban Sebas', '1152675687', '72000.00', '28800.00', '2025-10-12 18:11:06'),
(709, 3, 61, 837, 'Esteban Sebas', '1152675687', '72000.00', '28800.00', '2025-10-12 18:11:06'),
(710, 3, 61, 838, 'Esteban Sebas', '1152675687', '72000.00', '28800.00', '2025-10-12 18:11:06'),
(711, 3, 61, 839, 'Esteban Sebas', '1152675687', '72000.00', '28800.00', '2025-10-12 18:11:06'),
(712, 3, 61, 840, 'Esteban Sebas', '1152675687', '72000.00', '28800.00', '2025-10-12 18:11:06'),
(713, 3, 61, 841, 'Esteban Sebas', '1152675687', '72000.00', '28800.00', '2025-10-12 18:11:06'),
(714, 3, 61, 842, 'Esteban Sebas', '1152675687', '72000.00', '28800.00', '2025-10-12 18:11:06'),
(715, 3, 61, 843, 'Esteban Sebas', '1152675687', '72000.00', '28800.00', '2025-10-12 18:11:06'),
(716, 3, 61, 844, 'Esteban Sebas', '1152675687', '72000.00', '28800.00', '2025-10-12 18:11:06'),
(717, 3, 61, 845, 'Esteban Sebas', '1152675687', '72000.00', '28800.00', '2025-10-12 18:11:06'),
(718, 3, 61, 846, 'Esteban Sebas', '1152675687', '72000.00', '28800.00', '2025-10-12 18:11:06'),
(719, 3, 61, 847, 'Esteban Sebas', '1152675687', '72000.00', '28800.00', '2025-10-12 18:11:06'),
(720, 3, 61, 848, 'Esteban Sebas', '1152675687', '72000.00', '28800.00', '2025-10-12 18:11:06'),
(721, 3, 61, 849, 'Esteban Sebas', '1152675687', '72000.00', '28800.00', '2025-10-12 18:11:06'),
(722, 3, 61, 850, 'Esteban Sebas', '1152675687', '72000.00', '28800.00', '2025-10-12 18:11:06'),
(723, 3, 61, 851, 'Esteban Sebas', '1152675687', '72000.00', '28800.00', '2025-10-12 18:11:06'),
(724, 3, 61, 852, 'Esteban Sebas', '1152675687', '72000.00', '28800.00', '2025-10-12 18:11:06'),
(725, 3, 61, 853, 'Esteban Sebas', '1152675687', '72000.00', '28800.00', '2025-10-12 18:11:06'),
(726, 3, 61, 854, 'Esteban Sebas', '1152675687', '72000.00', '28800.00', '2025-10-12 18:11:06'),
(727, 3, 61, 855, 'Esteban Sebas', '1152675687', '72000.00', '28800.00', '2025-10-12 18:11:06'),
(728, 3, 61, 856, 'Esteban Sebas', '1152675687', '72000.00', '28800.00', '2025-10-12 18:11:06'),
(729, 3, 61, 857, 'Esteban Sebas', '1152675687', '72000.00', '28800.00', '2025-10-12 18:11:06'),
(730, 3, 61, 858, 'Esteban Sebas', '1152675687', '72000.00', '28800.00', '2025-10-12 18:11:06'),
(731, 3, 61, 859, 'Esteban Sebas', '1152675687', '72000.00', '28800.00', '2025-10-12 18:11:06'),
(732, 3, 61, 860, 'Esteban Sebas', '1152675687', '72000.00', '28800.00', '2025-10-12 18:11:06'),
(733, 3, 61, 861, 'Esteban Sebas', '1152675687', '72000.00', '28800.00', '2025-10-12 18:11:06'),
(734, 3, 61, 862, 'Esteban Sebas', '1152675687', '72000.00', '28800.00', '2025-10-12 18:11:06'),
(735, 3, 61, 863, 'Esteban Sebas', '1152675687', '72000.00', '28800.00', '2025-10-12 18:11:06'),
(736, 3, 61, 864, 'Esteban Sebas', '1152675687', '72000.00', '28800.00', '2025-10-12 18:11:06'),
(737, 3, 61, 865, 'Esteban Sebas', '1152675687', '72000.00', '28800.00', '2025-10-12 18:11:06'),
(738, 3, 61, 866, 'Esteban Sebas', '1152675687', '72000.00', '28800.00', '2025-10-12 18:11:06'),
(739, 3, 61, 867, 'Esteban Sebas', '1152675687', '72000.00', '28800.00', '2025-10-12 18:11:06'),
(740, 3, 61, 868, 'Esteban Sebas', '1152675687', '72000.00', '28800.00', '2025-10-12 18:11:06'),
(741, 3, 61, 869, 'Esteban Sebas', '1152675687', '72000.00', '28800.00', '2025-10-12 18:11:06'),
(742, 3, 61, 870, 'Esteban Sebas', '1152675687', '72000.00', '28800.00', '2025-10-12 18:11:06'),
(743, 3, 61, 871, 'Esteban Sebas', '1152675687', '72000.00', '28800.00', '2025-10-12 18:11:06'),
(744, 3, 61, 872, 'Esteban Sebas', '1152675687', '72000.00', '28800.00', '2025-10-12 18:11:06'),
(745, 3, 61, 873, 'Esteban Sebas', '1152675687', '72000.00', '28800.00', '2025-10-12 18:11:06'),
(746, 3, 61, 874, 'Esteban Sebas', '1152675687', '72000.00', '28800.00', '2025-10-12 18:11:06'),
(747, 3, 61, 875, 'Esteban Sebas', '1152675687', '72000.00', '28800.00', '2025-10-12 18:11:06'),
(748, 3, 61, 876, 'Esteban Sebas', '1152675687', '72000.00', '28800.00', '2025-10-12 18:11:06'),
(749, 3, 61, 877, 'Esteban Sebas', '1152675687', '72000.00', '28800.00', '2025-10-12 18:11:06'),
(750, 3, 61, 878, 'Esteban Sebas', '1152675687', '72000.00', '28800.00', '2025-10-12 18:11:06'),
(751, 3, 61, 879, 'Esteban Sebas', '1152675687', '72000.00', '28800.00', '2025-10-12 18:11:06'),
(752, 3, 61, 880, 'Esteban Sebas', '1152675687', '72000.00', '28800.00', '2025-10-12 18:11:06'),
(753, 3, 61, 881, 'Esteban Sebas', '1152675687', '72000.00', '28800.00', '2025-10-12 18:11:06'),
(754, 3, 61, 882, 'Esteban Sebas', '1152675687', '72000.00', '28800.00', '2025-10-12 18:11:06'),
(755, 3, 61, 883, 'Esteban Sebas', '1152675687', '72000.00', '28800.00', '2025-10-12 18:11:06'),
(756, 3, 61, 884, 'Esteban Sebas', '1152675687', '72000.00', '28800.00', '2025-10-12 18:11:06'),
(757, 3, 61, 885, 'Esteban Sebas', '1152675687', '72000.00', '28800.00', '2025-10-12 18:11:06'),
(758, 3, 61, 886, 'Esteban Sebas', '1152675687', '72000.00', '28800.00', '2025-10-12 18:11:06'),
(759, 3, 61, 887, 'Esteban Sebas', '1152675687', '72000.00', '28800.00', '2025-10-12 18:11:06'),
(760, 3, 61, 888, 'Esteban Sebas', '1152675687', '72000.00', '28800.00', '2025-10-12 18:11:06'),
(761, 3, 61, 889, 'Esteban Sebas', '1152675687', '72000.00', '28800.00', '2025-10-12 18:11:06'),
(762, 3, 61, 890, 'Esteban Sebas', '1152675687', '72000.00', '28800.00', '2025-10-12 18:11:06'),
(763, 3, 61, 891, 'Esteban Sebas', '1152675687', '72000.00', '28800.00', '2025-10-12 18:11:06'),
(764, 3, 61, 892, 'Esteban Sebas', '1152675687', '72000.00', '28800.00', '2025-10-12 18:11:06'),
(765, 3, 61, 893, 'Esteban Sebas', '1152675687', '72000.00', '28800.00', '2025-10-12 18:11:06'),
(766, 3, 61, 894, 'Esteban Sebas', '1152675687', '72000.00', '28800.00', '2025-10-12 18:11:06'),
(767, 3, 61, 895, 'Esteban Sebas', '1152675687', '72000.00', '28800.00', '2025-10-12 18:11:06'),
(768, 3, 61, 896, 'Esteban Sebas', '1152675687', '72000.00', '28800.00', '2025-10-12 18:11:06'),
(769, 3, 61, 897, 'Esteban Sebas', '1152675687', '72000.00', '28800.00', '2025-10-12 18:11:06'),
(770, 3, 61, 898, 'Esteban Sebas', '1152675687', '72000.00', '28800.00', '2025-10-12 18:11:06'),
(771, 3, 61, 899, 'Esteban Sebas', '1152675687', '72000.00', '28800.00', '2025-10-12 18:11:06'),
(772, 3, 61, 900, 'Esteban Sebas', '1152675687', '72000.00', '28800.00', '2025-10-12 18:11:06'),
(773, 3, 61, 901, 'Esteban Sebas', '1152675687', '72000.00', '28800.00', '2025-10-12 18:11:06'),
(774, 3, 61, 902, 'Esteban Sebas', '1152675687', '72000.00', '28800.00', '2025-10-12 18:11:06'),
(775, 3, 61, 903, 'Esteban Sebas', '1152675687', '72000.00', '28800.00', '2025-10-12 18:11:06'),
(776, 3, 61, 904, 'Esteban Sebas', '1152675687', '72000.00', '28800.00', '2025-10-12 18:11:06'),
(777, 3, 61, 905, 'Esteban Sebas', '1152675687', '72000.00', '28800.00', '2025-10-12 18:11:06'),
(778, 3, 61, 906, 'Esteban Sebas', '1152675687', '72000.00', '28800.00', '2025-10-12 18:11:06'),
(779, 3, 61, 907, 'Esteban Sebas', '1152675687', '72000.00', '28800.00', '2025-10-12 18:11:06'),
(780, 3, 61, 908, 'Esteban Sebas', '1152675687', '72000.00', '28800.00', '2025-10-12 18:11:06'),
(781, 3, 61, 909, 'Esteban Sebas', '1152675687', '72000.00', '28800.00', '2025-10-12 18:11:06'),
(782, 3, 61, 910, 'Esteban Sebas', '1152675687', '72000.00', '28800.00', '2025-10-12 18:11:06'),
(783, 3, 61, 911, 'Esteban Sebas', '1152675687', '72000.00', '28800.00', '2025-10-12 18:11:06'),
(784, 3, 61, 912, 'Esteban Sebas', '1152675687', '72000.00', '28800.00', '2025-10-12 18:11:06'),
(785, 3, 61, 913, 'Esteban Sebas', '1152675687', '72000.00', '28800.00', '2025-10-12 18:11:06'),
(786, 3, 61, 914, 'Esteban Sebas', '1152675687', '72000.00', '28800.00', '2025-10-12 18:11:06'),
(787, 3, 61, 915, 'Esteban Sebas', '1152675687', '72000.00', '28800.00', '2025-10-12 18:11:06'),
(788, 3, 61, 916, 'Esteban Sebas', '1152675687', '72000.00', '28800.00', '2025-10-12 18:11:06'),
(789, 3, 61, 917, 'Esteban Sebas', '1152675687', '72000.00', '28800.00', '2025-10-12 18:11:06'),
(790, 3, 61, 918, 'Esteban Sebas', '1152675687', '72000.00', '28800.00', '2025-10-12 18:11:06'),
(791, 3, 61, 919, 'Esteban Sebas', '1152675687', '72000.00', '28800.00', '2025-10-12 18:11:06'),
(792, 3, 61, 920, 'Esteban Sebas', '1152675687', '72000.00', '28800.00', '2025-10-12 18:11:06'),
(793, 3, 61, 921, 'Esteban Sebas', '1152675687', '72000.00', '28800.00', '2025-10-12 18:11:06'),
(794, 3, 61, 922, 'Esteban Sebas', '1152675687', '72000.00', '28800.00', '2025-10-12 18:11:06'),
(795, 3, 61, 923, 'Esteban Sebas', '1152675687', '72000.00', '28800.00', '2025-10-12 18:11:06'),
(796, 3, 61, 924, 'Esteban Sebas', '1152675687', '72000.00', '28800.00', '2025-10-12 18:11:06'),
(797, 3, 61, 925, 'Esteban Sebas', '1152675687', '72000.00', '28800.00', '2025-10-12 18:11:06'),
(798, 3, 61, 926, 'Esteban Sebas', '1152675687', '72000.00', '28800.00', '2025-10-12 18:11:06'),
(799, 3, 61, 927, 'Esteban Sebas', '1152675687', '72000.00', '28800.00', '2025-10-12 18:11:06'),
(800, 3, 61, 928, 'Esteban Sebas', '1152675687', '72000.00', '28800.00', '2025-10-12 18:11:06'),
(801, 3, 61, 929, 'Esteban Sebas', '1152675687', '72000.00', '28800.00', '2025-10-12 18:11:06'),
(802, 3, 61, 930, 'Esteban Sebas', '1152675687', '72000.00', '28800.00', '2025-10-12 18:11:06'),
(803, 3, 61, 931, 'Esteban Sebas', '1152675687', '72000.00', '28800.00', '2025-10-12 18:11:06'),
(804, 3, 61, 932, 'Esteban Sebas', '1152675687', '72000.00', '28800.00', '2025-10-12 18:11:06'),
(805, 3, 61, 933, 'Esteban Sebas', '1152675687', '72000.00', '28800.00', '2025-10-12 18:11:06'),
(806, 3, 61, 934, 'Esteban Sebas', '1152675687', '72000.00', '28800.00', '2025-10-12 18:11:06'),
(807, 3, 61, 935, 'Esteban Sebas', '1152675687', '72000.00', '28800.00', '2025-10-12 18:11:06'),
(808, 3, 61, 936, 'Esteban Sebas', '1152675687', '72000.00', '28800.00', '2025-10-12 18:11:06'),
(809, 3, 61, 937, 'Esteban Sebas', '1152675687', '72000.00', '28800.00', '2025-10-12 18:11:06'),
(810, 3, 61, 938, 'Esteban Sebas', '1152675687', '72000.00', '28800.00', '2025-10-12 18:11:06'),
(811, 3, 61, 939, 'Esteban Sebas', '1152675687', '72000.00', '28800.00', '2025-10-12 18:11:06'),
(812, 3, 61, 940, 'Esteban Sebas', '1152675687', '72000.00', '28800.00', '2025-10-12 18:11:06'),
(813, 3, 61, 941, 'Esteban Sebas', '1152675687', '72000.00', '28800.00', '2025-10-12 18:11:06'),
(814, 3, 61, 942, 'Esteban Sebas', '1152675687', '72000.00', '28800.00', '2025-10-12 18:11:06'),
(815, 3, 61, 943, 'Esteban Sebas', '1152675687', '72000.00', '28800.00', '2025-10-12 18:11:06'),
(816, 3, 61, 944, 'Esteban Sebas', '1152675687', '72000.00', '28800.00', '2025-10-12 18:11:06'),
(817, 3, 61, 945, 'Esteban Sebas', '1152675687', '72000.00', '28800.00', '2025-10-12 18:11:06'),
(818, 3, 61, 946, 'Esteban Sebas', '1152675687', '72000.00', '28800.00', '2025-10-12 18:11:06'),
(819, 3, 61, 947, 'Esteban Sebas', '1152675687', '72000.00', '28800.00', '2025-10-12 18:11:06'),
(820, 3, 61, 948, 'Esteban Sebas', '1152675687', '72000.00', '28800.00', '2025-10-12 18:11:06'),
(821, 3, 61, 949, 'Esteban Sebas', '1152675687', '72000.00', '28800.00', '2025-10-12 18:11:06'),
(822, 3, 61, 950, 'Esteban Sebas', '1152675687', '72000.00', '28800.00', '2025-10-12 18:11:06'),
(823, 3, 61, 951, 'Esteban Sebas', '1152675687', '72000.00', '28800.00', '2025-10-12 18:11:06'),
(824, 3, 61, 952, 'Esteban Sebas', '1152675687', '72000.00', '28800.00', '2025-10-12 18:11:06'),
(825, 3, 61, 953, 'Esteban Sebas', '1152675687', '72000.00', '28800.00', '2025-10-12 18:11:06'),
(826, 3, 61, 954, 'Esteban Sebas', '1152675687', '72000.00', '28800.00', '2025-10-12 18:11:06'),
(827, 3, 61, 955, 'Esteban Sebas', '1152675687', '72000.00', '28800.00', '2025-10-12 18:11:06'),
(828, 3, 61, 956, 'Esteban Sebas', '1152675687', '72000.00', '28800.00', '2025-10-12 18:11:06'),
(829, 3, 61, 957, 'Esteban Sebas', '1152675687', '72000.00', '28800.00', '2025-10-12 18:11:06'),
(830, 3, 61, 958, 'Esteban Sebas', '1152675687', '72000.00', '28800.00', '2025-10-12 18:11:06'),
(831, 3, 61, 959, 'Esteban Sebas', '1152675687', '72000.00', '28800.00', '2025-10-12 18:11:06'),
(832, 3, 61, 960, 'Esteban Sebas', '1152675687', '72000.00', '28800.00', '2025-10-12 18:11:06'),
(833, 3, 61, 961, 'Esteban Sebas', '1152675687', '72000.00', '28800.00', '2025-10-12 18:11:06'),
(834, 3, 61, 962, 'Esteban Sebas', '1152675687', '72000.00', '28800.00', '2025-10-12 18:11:06'),
(835, 3, 61, 963, 'Esteban Sebas', '1152675687', '72000.00', '28800.00', '2025-10-12 18:11:06'),
(836, 3, 61, 964, 'Esteban Sebas', '1152675687', '72000.00', '28800.00', '2025-10-12 18:11:06'),
(837, 3, 61, 965, 'Esteban Sebas', '1152675687', '72000.00', '28800.00', '2025-10-12 18:11:06'),
(838, 3, 61, 966, 'Esteban Sebas', '1152675687', '72000.00', '28800.00', '2025-10-12 18:11:06'),
(839, 3, 61, 967, 'Esteban Sebas', '1152675687', '72000.00', '28800.00', '2025-10-12 18:11:06'),
(840, 3, 61, 968, 'Esteban Sebas', '1152675687', '72000.00', '28800.00', '2025-10-12 18:11:06'),
(841, 3, 61, 969, 'Esteban Sebas', '1152675687', '72000.00', '28800.00', '2025-10-12 18:11:06'),
(842, 3, 61, 970, 'Esteban Sebas', '1152675687', '72000.00', '28800.00', '2025-10-12 18:11:06'),
(843, 3, 61, 971, 'Esteban Sebas', '1152675687', '72000.00', '28800.00', '2025-10-12 18:11:06'),
(844, 3, 61, 972, 'Esteban Sebas', '1152675687', '72000.00', '28800.00', '2025-10-12 18:11:06'),
(845, 3, 61, 973, 'Esteban Sebas', '1152675687', '72000.00', '28800.00', '2025-10-12 18:11:06'),
(846, 3, 61, 974, 'Esteban Sebas', '1152675687', '72000.00', '28800.00', '2025-10-12 18:11:06'),
(847, 3, 61, 975, 'Esteban Sebas', '1152675687', '72000.00', '28800.00', '2025-10-12 18:11:06'),
(848, 3, 61, 976, 'Esteban Sebas', '1152675687', '72000.00', '28800.00', '2025-10-12 18:11:06'),
(849, 3, 61, 977, 'Esteban Sebas', '1152675687', '72000.00', '28800.00', '2025-10-12 18:11:06'),
(850, 3, 61, 978, 'Esteban Sebas', '1152675687', '72000.00', '28800.00', '2025-10-12 18:11:06'),
(851, 3, 61, 979, 'Esteban Sebas', '1152675687', '72000.00', '28800.00', '2025-10-12 18:11:06'),
(852, 3, 61, 980, 'Esteban Sebas', '1152675687', '72000.00', '28800.00', '2025-10-12 18:11:06'),
(853, 3, 61, 981, 'Esteban Sebas', '1152675687', '72000.00', '28800.00', '2025-10-12 18:11:06'),
(854, 3, 61, 982, 'Esteban Sebas', '1152675687', '72000.00', '28800.00', '2025-10-12 18:11:06'),
(855, 3, 61, 983, 'Esteban Sebas', '1152675687', '72000.00', '28800.00', '2025-10-12 18:11:06'),
(856, 3, 61, 984, 'Esteban Sebas', '1152675687', '72000.00', '28800.00', '2025-10-12 18:11:06'),
(857, 3, 61, 985, 'Esteban Sebas', '1152675687', '72000.00', '28800.00', '2025-10-12 18:11:06'),
(858, 3, 61, 986, 'Esteban Sebas', '1152675687', '72000.00', '28800.00', '2025-10-12 18:11:06'),
(859, 3, 61, 987, 'Esteban Sebas', '1152675687', '72000.00', '28800.00', '2025-10-12 18:11:06'),
(860, 3, 61, 988, 'Esteban Sebas', '1152675687', '72000.00', '28800.00', '2025-10-12 18:11:06'),
(861, 3, 61, 989, 'Esteban Sebas', '1152675687', '72000.00', '28800.00', '2025-10-12 18:11:06'),
(862, 3, 61, 990, 'Esteban Sebas', '1152675687', '72000.00', '28800.00', '2025-10-12 18:11:06'),
(863, 3, 61, 991, 'Esteban Sebas', '1152675687', '72000.00', '28800.00', '2025-10-12 18:11:06'),
(864, 3, 61, 992, 'Esteban Sebas', '1152675687', '72000.00', '28800.00', '2025-10-12 18:11:06'),
(865, 3, 61, 993, 'Esteban Sebas', '1152675687', '72000.00', '28800.00', '2025-10-12 18:11:06'),
(866, 3, 61, 994, 'Esteban Sebas', '1152675687', '72000.00', '28800.00', '2025-10-12 18:11:06'),
(867, 3, 61, 995, 'Esteban Sebas', '1152675687', '72000.00', '28800.00', '2025-10-12 18:11:06'),
(868, 3, 61, 996, 'Esteban Sebas', '1152675687', '72000.00', '28800.00', '2025-10-12 18:11:06'),
(869, 3, 61, 997, 'Esteban Sebas', '1152675687', '72000.00', '28800.00', '2025-10-12 18:11:06'),
(870, 3, 61, 998, 'Esteban Sebas', '1152675687', '72000.00', '28800.00', '2025-10-12 18:11:06'),
(871, 3, 61, 999, 'Esteban Sebas', '1152675687', '72000.00', '28800.00', '2025-10-12 18:11:06'),
(872, 3, 61, 1000, 'Esteban Sebas', '1152675687', '72000.00', '28800.00', '2025-10-12 18:11:06'),
(873, 3, 61, 1001, 'Esteban Sebas', '1152675687', '72000.00', '28800.00', '2025-10-12 18:11:06'),
(874, 3, 61, 1002, 'Esteban Sebas', '1152675687', '72000.00', '28800.00', '2025-10-12 18:11:06'),
(875, 3, 61, 1003, 'Esteban Sebas', '1152675687', '72000.00', '28800.00', '2025-10-12 18:11:06'),
(876, 3, 61, 1004, 'Esteban Sebas', '1152675687', '72000.00', '28800.00', '2025-10-12 18:11:06'),
(877, 3, 61, 1005, 'Esteban Sebas', '1152675687', '72000.00', '28800.00', '2025-10-12 18:11:06'),
(878, 3, 61, 1006, 'Esteban Sebas', '1152675687', '72000.00', '28800.00', '2025-10-12 18:11:06'),
(879, 3, 61, 1007, 'Esteban Sebas', '1152675687', '72000.00', '28800.00', '2025-10-12 18:11:06'),
(880, 3, 61, 1008, 'Esteban Sebas', '1152675687', '72000.00', '28800.00', '2025-10-12 18:11:06'),
(881, 3, 61, 1009, 'Esteban Sebas', '1152675687', '72000.00', '28800.00', '2025-10-12 18:11:06'),
(882, 3, 61, 1010, 'Esteban Sebas', '1152675687', '72000.00', '28800.00', '2025-10-12 18:11:06'),
(883, 3, 61, 1011, 'Esteban Sebas', '1152675687', '72000.00', '28800.00', '2025-10-12 18:11:06'),
(884, 3, 61, 1012, 'Esteban Sebas', '1152675687', '72000.00', '28800.00', '2025-10-12 18:11:06'),
(885, 3, 61, 1013, 'Esteban Sebas', '1152675687', '72000.00', '28800.00', '2025-10-12 18:11:06'),
(886, 3, 61, 1014, 'Esteban Sebas', '1152675687', '72000.00', '28800.00', '2025-10-12 18:11:06'),
(887, 3, 61, 1015, 'Esteban Sebas', '1152675687', '72000.00', '28800.00', '2025-10-12 18:11:06'),
(888, 3, 61, 1016, 'Esteban Sebas', '1152675687', '72000.00', '28800.00', '2025-10-12 18:11:06'),
(889, 3, 61, 1017, 'Esteban Sebas', '1152675687', '72000.00', '28800.00', '2025-10-12 18:11:06'),
(890, 3, 61, 1018, 'Esteban Sebas', '1152675687', '72000.00', '28800.00', '2025-10-12 18:11:06'),
(891, 3, 61, 1019, 'Esteban Sebas', '1152675687', '72000.00', '28800.00', '2025-10-12 18:11:06'),
(892, 3, 61, 1020, 'Esteban Sebas', '1152675687', '72000.00', '28800.00', '2025-10-12 18:11:06'),
(893, 3, 61, 1021, 'Esteban Sebas', '1152675687', '72000.00', '28800.00', '2025-10-12 18:11:06'),
(894, 3, 61, 1022, 'Esteban Sebas', '1152675687', '72000.00', '28800.00', '2025-10-12 18:11:06'),
(895, 3, 61, 1023, 'Esteban Sebas', '1152675687', '72000.00', '28800.00', '2025-10-12 18:11:06'),
(896, 3, 61, 1024, 'Esteban Sebas', '1152675687', '72000.00', '28800.00', '2025-10-12 18:11:06'),
(897, 3, 61, 1025, 'Esteban Sebas', '1152675687', '72000.00', '28800.00', '2025-10-12 18:11:06'),
(898, 3, 61, 1026, 'Esteban Sebas', '1152675687', '72000.00', '28800.00', '2025-10-12 18:11:06'),
(899, 3, 61, 1027, 'Esteban Sebas', '1152675687', '72000.00', '28800.00', '2025-10-12 18:11:06'),
(900, 3, 61, 1028, 'Esteban Sebas', '1152675687', '72000.00', '28800.00', '2025-10-12 18:11:06'),
(901, 3, 61, 1029, 'Esteban Sebas', '1152675687', '72000.00', '28800.00', '2025-10-12 18:11:06'),
(902, 3, 61, 1030, 'Esteban Sebas', '1152675687', '72000.00', '28800.00', '2025-10-12 18:11:06'),
(903, 3, 61, 1031, 'Esteban Sebas', '1152675687', '72000.00', '28800.00', '2025-10-12 18:11:06'),
(904, 3, 61, 1032, 'Esteban Sebas', '1152675687', '72000.00', '28800.00', '2025-10-12 18:11:06'),
(905, 3, 61, 1033, 'Esteban Sebas', '1152675687', '72000.00', '28800.00', '2025-10-12 18:11:06'),
(906, 3, 61, 1034, 'Esteban Sebas', '1152675687', '72000.00', '28800.00', '2025-10-12 18:11:06'),
(907, 3, 61, 1035, 'Esteban Sebas', '1152675687', '72000.00', '28800.00', '2025-10-12 18:11:06'),
(908, 3, 61, 1036, 'Esteban Sebas', '1152675687', '72000.00', '28800.00', '2025-10-12 18:11:06'),
(909, 3, 61, 1037, 'Esteban Sebas', '1152675687', '72000.00', '28800.00', '2025-10-12 18:11:06'),
(910, 3, 61, 1038, 'Esteban Sebas', '1152675687', '72000.00', '28800.00', '2025-10-12 18:11:06'),
(911, 3, 61, 1039, 'Esteban Sebas', '1152675687', '72000.00', '28800.00', '2025-10-12 18:11:06'),
(912, 3, 61, 1040, 'Esteban Sebas', '1152675687', '72000.00', '28800.00', '2025-10-12 18:11:06'),
(913, 3, 61, 1041, 'Esteban Sebas', '1152675687', '72000.00', '28800.00', '2025-10-12 18:11:06'),
(914, 3, 61, 1042, 'Esteban Sebas', '1152675687', '72000.00', '28800.00', '2025-10-12 18:11:06'),
(915, 3, 61, 1043, 'Esteban Sebas', '1152675687', '72000.00', '28800.00', '2025-10-12 18:11:06'),
(916, 3, 61, 1044, 'Esteban Sebas', '1152675687', '72000.00', '28800.00', '2025-10-12 18:11:06'),
(917, 3, 61, 1045, 'Esteban Sebas', '1152675687', '72000.00', '28800.00', '2025-10-12 18:11:06'),
(918, 3, 61, 1046, 'Esteban Sebas', '1152675687', '72000.00', '28800.00', '2025-10-12 18:11:06'),
(919, 3, 61, 1047, 'Esteban Sebas', '1152675687', '72000.00', '28800.00', '2025-10-12 18:11:06'),
(920, 3, 61, 1048, 'Esteban Sebas', '1152675687', '72000.00', '28800.00', '2025-10-12 18:11:06'),
(921, 3, 61, 1049, 'Esteban Sebas', '1152675687', '72000.00', '28800.00', '2025-10-12 18:11:06'),
(922, 3, 61, 1050, 'Esteban Sebas', '1152675687', '72000.00', '28800.00', '2025-10-12 18:11:06'),
(923, 3, 61, 1051, 'Esteban Sebas', '1152675687', '72000.00', '28800.00', '2025-10-12 18:11:06'),
(924, 3, 61, 1052, 'Esteban Sebas', '1152675687', '72000.00', '28800.00', '2025-10-12 18:11:06'),
(925, 3, 61, 1053, 'Esteban Sebas', '1152675687', '72000.00', '28800.00', '2025-10-12 18:11:06'),
(926, 3, 61, 1054, 'Esteban Sebas', '1152675687', '72000.00', '28800.00', '2025-10-12 18:11:06'),
(927, 3, 61, 1055, 'Esteban Sebas', '1152675687', '72000.00', '28800.00', '2025-10-12 18:11:06'),
(928, 3, 61, 1056, 'Esteban Sebas', '1152675687', '72000.00', '28800.00', '2025-10-12 18:11:06'),
(929, 3, 61, 1057, 'Esteban Sebas', '1152675687', '72000.00', '28800.00', '2025-10-12 18:11:06'),
(930, 3, 61, 1058, 'Esteban Sebas', '1152675687', '72000.00', '28800.00', '2025-10-12 18:11:06'),
(931, 3, 61, 1059, 'Esteban Sebas', '1152675687', '72000.00', '28800.00', '2025-10-12 18:11:06'),
(932, 3, 61, 1060, 'Esteban Sebas', '1152675687', '72000.00', '28800.00', '2025-10-12 18:11:06'),
(933, 3, 61, 1061, 'Esteban Sebas', '1152675687', '72000.00', '28800.00', '2025-10-12 18:11:06'),
(934, 3, 61, 1062, 'Esteban Sebas', '1152675687', '72000.00', '28800.00', '2025-10-12 18:11:06'),
(935, 3, 61, 1063, 'Esteban Sebas', '1152675687', '72000.00', '28800.00', '2025-10-12 18:11:06'),
(936, 3, 61, 1064, 'Esteban Sebas', '1152675687', '72000.00', '28800.00', '2025-10-12 18:11:06'),
(937, 3, 61, 1065, 'Esteban Sebas', '1152675687', '72000.00', '28800.00', '2025-10-12 18:11:06'),
(938, 3, 61, 1066, 'Esteban Sebas', '1152675687', '72000.00', '28800.00', '2025-10-12 18:11:06'),
(939, 3, 61, 1067, 'Esteban Sebas', '1152675687', '72000.00', '28800.00', '2025-10-12 18:11:07'),
(940, 3, 61, 1068, 'Esteban Sebas', '1152675687', '72000.00', '28800.00', '2025-10-12 18:11:07'),
(941, 3, 61, 1069, 'Esteban Sebas', '1152675687', '72000.00', '28800.00', '2025-10-12 18:11:07'),
(942, 3, 61, 1070, 'Esteban Sebas', '1152675687', '72000.00', '28800.00', '2025-10-12 18:11:07'),
(943, 3, 61, 1071, 'Esteban Sebas', '1152675687', '72000.00', '28800.00', '2025-10-12 18:11:07'),
(944, 3, 61, 1072, 'Esteban Sebas', '1152675687', '72000.00', '28800.00', '2025-10-12 18:11:07'),
(945, 3, 61, 1073, 'Esteban Sebas', '1152675687', '72000.00', '28800.00', '2025-10-12 18:11:07'),
(946, 3, 61, 1074, 'Esteban Sebas', '1152675687', '72000.00', '28800.00', '2025-10-12 18:11:07'),
(947, 3, 61, 1075, 'Esteban Sebas', '1152675687', '72000.00', '28800.00', '2025-10-12 18:11:07'),
(948, 3, 61, 1076, 'Esteban Sebas', '1152675687', '72000.00', '28800.00', '2025-10-12 18:11:07'),
(949, 3, 61, 1077, 'Esteban Sebas', '1152675687', '72000.00', '28800.00', '2025-10-12 18:11:07'),
(950, 3, 61, 1078, 'Esteban Sebas', '1152675687', '72000.00', '28800.00', '2025-10-12 18:11:07'),
(951, 3, 62, 1079, 'Esteban Sebas', '1152675687', '264000.00', '105600.00', '2025-10-12 18:11:07'),
(952, 3, 62, 1080, 'Esteban Sebas', '1152675687', '253060.68', '101224.27', '2025-10-12 18:11:07'),
(953, 3, 62, 1081, 'Esteban Sebas', '1152675687', '240808.65', '96323.46', '2025-10-12 18:11:07'),
(954, 3, 62, 1082, 'Esteban Sebas', '1152675687', '227086.37', '90834.55', '2025-10-12 18:11:07'),
(955, 3, 62, 1083, 'Esteban Sebas', '1152675687', '211717.41', '84686.96', '2025-10-12 18:11:07'),
(956, 3, 62, 1084, 'Esteban Sebas', '1152675687', '194504.19', '77801.68', '2025-10-12 18:11:07'),
(957, 3, 62, 1085, 'Esteban Sebas', '1152675687', '175225.37', '70090.15', '2025-10-12 18:11:07'),
(958, 3, 62, 1086, 'Esteban Sebas', '1152675687', '153633.10', '61453.24', '2025-10-12 18:11:07'),
(959, 3, 62, 1087, 'Esteban Sebas', '1152675687', '129449.76', '51779.90', '2025-10-12 18:11:07'),
(960, 3, 62, 1088, 'Esteban Sebas', '1152675687', '102364.41', '40945.76', '2025-10-12 18:11:07'),
(961, 3, 62, 1089, 'Esteban Sebas', '1152675687', '72028.82', '28811.53', '2025-10-12 18:11:07'),
(962, 3, 62, 1090, 'Esteban Sebas', '1152675687', '38052.96', '15221.18', '2025-10-12 18:11:07'),
(963, 3, 63, 1091, 'Esteban Sebas', '1152675687', '87500.00', '35000.00', '2025-10-12 18:11:07'),
(964, 3, 63, 1092, 'Esteban Sebas', '1152675687', '80208.33', '32083.33', '2025-10-12 18:11:07'),
(965, 3, 63, 1093, 'Esteban Sebas', '1152675687', '72916.67', '29166.67', '2025-10-12 18:11:07'),
(966, 3, 63, 1094, 'Esteban Sebas', '1152675687', '65625.00', '26250.00', '2025-10-12 18:11:07'),
(967, 3, 63, 1095, 'Esteban Sebas', '1152675687', '58333.33', '23333.33', '2025-10-12 18:11:07'),
(968, 3, 63, 1096, 'Esteban Sebas', '1152675687', '51041.67', '20416.67', '2025-10-12 18:11:07'),
(969, 3, 63, 1097, 'Esteban Sebas', '1152675687', '43750.00', '17500.00', '2025-10-12 18:11:07'),
(970, 3, 63, 1098, 'Esteban Sebas', '1152675687', '36458.33', '14583.33', '2025-10-12 18:11:07'),
(971, 3, 63, 1099, 'Esteban Sebas', '1152675687', '29166.67', '11666.67', '2025-10-12 18:11:07'),
(972, 3, 63, 1100, 'Esteban Sebas', '1152675687', '21875.00', '8750.00', '2025-10-12 18:11:07'),
(973, 3, 63, 1101, 'Esteban Sebas', '1152675687', '14583.33', '5833.33', '2025-10-12 18:11:07'),
(974, 3, 63, 1102, 'Esteban Sebas', '1152675687', '7291.67', '2916.67', '2025-10-12 18:11:07'),
(975, 3, 64, 1103, 'Esteban Sebas', '1152675687', '1200.00', '480.00', '2025-10-12 18:11:07'),
(976, 3, 64, 1104, 'Esteban Sebas', '1152675687', '1009.77', '403.91', '2025-10-12 18:11:07'),
(977, 3, 64, 1105, 'Esteban Sebas', '1152675687', '815.73', '326.29', '2025-10-12 18:11:07'),
(978, 3, 64, 1106, 'Esteban Sebas', '1152675687', '617.82', '247.13', '2025-10-12 18:11:07'),
(979, 3, 64, 1107, 'Esteban Sebas', '1152675687', '415.94', '166.38', '2025-10-12 18:11:07'),
(980, 3, 64, 1108, 'Esteban Sebas', '1152675687', '210.03', '84.01', '2025-10-12 18:11:07'),
(981, 3, 65, 1109, 'Esteban Sebas', '1152675687', '1000.00', '400.00', '2025-10-12 18:11:07'),
(982, 3, 65, 1110, 'Esteban Sebas', '1152675687', '1000.00', '400.00', '2025-10-12 18:11:07'),
(983, 3, 65, 1111, 'Esteban Sebas', '1152675687', '1000.00', '400.00', '2025-10-12 18:11:07'),
(984, 3, 65, 1112, 'Esteban Sebas', '1152675687', '1000.00', '400.00', '2025-10-12 18:11:07'),
(985, 3, 65, 1113, 'Esteban Sebas', '1152675687', '1000.00', '400.00', '2025-10-12 18:11:07'),
(986, 3, 66, 1114, 'Esteban Sebas', '1152675687', '500000.00', '200000.00', '2025-10-12 18:11:07'),
(987, 3, 66, 1115, 'Esteban Sebas', '1152675687', '476618.34', '190647.34', '2025-10-12 18:11:07'),
(988, 3, 66, 1116, 'Esteban Sebas', '1152675687', '450898.52', '180359.41', '2025-10-12 18:11:07'),
(989, 3, 66, 1117, 'Esteban Sebas', '1152675687', '422606.71', '169042.68', '2025-10-12 18:11:07'),
(990, 3, 66, 1118, 'Esteban Sebas', '1152675687', '391485.73', '156594.29', '2025-10-12 18:11:07'),
(991, 3, 66, 1119, 'Esteban Sebas', '1152675687', '357252.64', '142901.06', '2025-10-12 18:11:07'),
(992, 3, 66, 1120, 'Esteban Sebas', '1152675687', '319596.25', '127838.50', '2025-10-12 18:11:07'),
(993, 3, 66, 1121, 'Esteban Sebas', '1152675687', '278174.22', '111269.69', '2025-10-12 18:11:07'),
(994, 3, 66, 1122, 'Esteban Sebas', '1152675687', '232609.98', '93043.99', '2025-10-12 18:11:07'),
(995, 3, 66, 1123, 'Esteban Sebas', '1152675687', '182489.32', '72995.73', '2025-10-12 18:11:07'),
(996, 3, 66, 1124, 'Esteban Sebas', '1152675687', '127356.60', '50942.64', '2025-10-12 18:11:07'),
(997, 3, 66, 1125, 'Esteban Sebas', '1152675687', '66710.60', '26684.24', '2025-10-12 18:11:07'),
(998, 3, 67, 1126, 'Esteban Sebas', '1152675687', '60000.00', '24000.00', '2025-10-13 01:16:44'),
(999, 3, 67, 1127, 'Esteban Sebas', '1152675687', '60000.00', '24000.00', '2025-10-13 01:16:44'),
(1000, 3, 67, 1128, 'Esteban Sebas', '1152675687', '60000.00', '24000.00', '2025-10-13 01:21:10'),
(1001, 3, 67, 1129, 'Esteban Sebas', '1152675687', '60000.00', '24000.00', '2025-10-13 01:21:10'),
(1002, 3, 67, 1130, 'Esteban Sebas', '1152675687', '60000.00', '24000.00', '2025-10-13 01:39:18'),
(1003, 3, 67, 1131, 'Esteban Sebas', '1152675687', '60000.00', '24000.00', '2025-10-13 04:17:57'),
(1004, 3, 67, 1132, 'Esteban Sebas', '1152675687', '60000.00', '24000.00', '2025-10-13 04:28:02'),
(1005, 3, 67, 1133, 'Esteban Sebas', '1152675687', '60000.00', '24000.00', '2025-10-13 04:28:02'),
(1006, 3, 67, 1134, 'Esteban Sebas', '1152675687', '60000.00', '24000.00', '2025-10-13 04:44:22');

-- --------------------------------------------------------

--
-- Estructura de tabla para la tabla `customers`
--

CREATE TABLE `customers` (
  `id` int(11) NOT NULL,
  `dni` varchar(20) COLLATE utf8_spanish_ci NOT NULL,
  `first_name` varchar(150) COLLATE utf8_spanish_ci NOT NULL,
  `last_name` varchar(150) COLLATE utf8_spanish_ci NOT NULL,
  `gender` enum('masculino','femenino','','') COLLATE utf8_spanish_ci DEFAULT NULL,
  `department_id` int(11) DEFAULT NULL,
  `province_id` varchar(150) COLLATE utf8_spanish_ci DEFAULT NULL,
  `district_id` varchar(150) COLLATE utf8_spanish_ci DEFAULT NULL,
  `address` varchar(160) COLLATE utf8_spanish_ci DEFAULT NULL,
  `mobile` varchar(32) COLLATE utf8_spanish_ci DEFAULT NULL,
  `phone` varchar(20) COLLATE utf8_spanish_ci DEFAULT NULL,
  `user_id` int(11) DEFAULT NULL,
  `ruc` varchar(20) COLLATE utf8_spanish_ci DEFAULT NULL,
  `company` varchar(150) COLLATE utf8_spanish_ci DEFAULT NULL,
  `loan_status` int(11) NOT NULL DEFAULT 0,
  `tipo_cliente` enum('normal','especial') COLLATE utf8_spanish_ci DEFAULT 'normal',
  `tope_manual` decimal(15,2) DEFAULT NULL
) ENGINE=InnoDB DEFAULT CHARSET=utf8 COLLATE=utf8_spanish_ci;

--
-- Volcado de datos para la tabla `customers`
--

INSERT INTO `customers` (`id`, `dni`, `first_name`, `last_name`, `gender`, `department_id`, `province_id`, `district_id`, `address`, `mobile`, `phone`, `user_id`, `ruc`, `company`, `loan_status`, `tipo_cliente`, `tope_manual`) VALUES
(8, '12345678', 'pepe', 'pepito', 'masculino', NULL, NULL, NULL, '', '', '', NULL, '', '', 0, 'normal', NULL),
(9, '344555', 'sebas', 'marin', 'femenino', 10, '1003', '100311', '', '', '', NULL, '', '', 0, 'normal', NULL),
(10, '12344', 'dobby', 'marin', 'masculino', 10, '1002', '100202', '', '', '', NULL, '', '', 0, 'normal', NULL),
(11, '123451', 'cesar', 'ramos', 'masculino', 12, '1203', '120303', '', '', '', NULL, '', '', 0, 'normal', NULL),
(12, '7654321', 'martin', 'francisco', 'femenino', 11, '1103', '110304', '', '', '', NULL, '', '', 0, 'normal', NULL),
(13, '1223', 'prueba', 'prueba07', 'masculino', 1, NULL, NULL, '', '', '', 1, NULL, '', 0, 'normal', NULL),
(14, '777777777', 'Prueba23', 'Prueba23', 'masculino', 1, '0101', '010103', '', '', '', NULL, '', '', 0, 'normal', NULL),
(15, '189878982', 'Zeus', 'Chavez', 'femenino', 3, '0301', '030104', '', '', '', NULL, '', '', 0, 'normal', NULL),
(16, '134564356', 'luisa', 'ramirez', 'masculino', 2, '0201', '020102', '', '', '', NULL, '', '', 0, 'normal', NULL),
(17, '115268456', 'Maariana', 'Vasquez', 'masculino', 4, '0401', '040102', '', '', '', NULL, '', '', 0, 'normal', NULL),
(18, '136783981', 'Luz', 'Ayda', 'femenino', 1, '0101', '010104', '', '', '', NULL, '', '', 0, 'normal', NULL),
(19, '123456', 'esteban', 'marin', 'masculino', 2, '', NULL, 'choqwur n455', '23232', '3017614353', 0, NULL, 'premex', 0, 'especial', NULL),
(20, '123', 'sssssssss', 'ssssssssss', 'masculino', 1, NULL, '010101', 'asasa', 'sasa', 'asa', 1, NULL, '', 0, 'normal', NULL),
(22, '111111', 'aaaaaa', 'qwqwq', 'masculino', 1, '', '', 'qwqwqwq', '12121', '212', 1, NULL, '', 0, 'especial', NULL),
(23, '2222', 'qwqwqw', 'qwqwqw', 'masculino', 1, NULL, '010102', 'asasas', '12121', '2122', 3, '', '', 0, 'normal', NULL),
(24, '33333', 'Esteban', 'Ramos', 'masculino', 1, '', NULL, '', '', '', 1, '', '', 0, 'normal', NULL),
(25, '98765', 'pepito', 'gsgdgsgdg', 'masculino', 2, '', '', '', '', '', 2, NULL, '', 0, 'especial', NULL),
(43, '675678', 'ewegwge', 'wdsdsds', 'masculino', 0, '', '', '', '', '', 0, NULL, '', 0, 'especial', NULL),
(44, '67576899', 'esteban', 'adhaadada', 'masculino', 0, '', '', '', '', '', 2, '', '', 0, 'normal', NULL),
(46, '132132143321', 'Prueba223', 'Prueba223', 'masculino', 0, '', '', '', '', '', 4, NULL, '', 0, 'normal', NULL),
(47, '1234434', 'wewewwe', 'wewewewe', '', 0, '', '', '', '', '', 0, '', '', 0, 'normal', NULL),
(48, '675768909', 'wsdsnd', 'dsdsdsd', 'masculino', 0, '', '', '', '', '', 2, NULL, '', 0, 'especial', NULL),
(49, '111111113', 'fernando', 'aaaaaaa', 'masculino', 1, '', '', 'asasa', '23232323', 'asasa', 4, NULL, 'asas', 0, 'especial', NULL),
(50, '1152675687', 'Esteban', 'Sebas', 'masculino', 2, NULL, '020102', '', '', '', 3, NULL, '', 0, 'normal', NULL),
(51, '34334343434', 'dobby', 'marin', 'masculino', 0, '', '', '', '', '', 1, NULL, '', 1, 'normal', NULL),
(52, '7687578587', 'pepito', 'peptiro', 'masculino', 0, '', '', '', '', '', 4, NULL, '', 0, 'normal', NULL),
(53, '98754676', 'sebas sebas', 'sebas', 'masculino', 0, '', '', '', '', '', 3, NULL, '', 0, 'normal', NULL),
(54, '7364826348', 'dsafdsfdsf', 'dsafsfsdf', 'femenino', 0, '', '', '', '', '', 2, NULL, '', 0, 'normal', NULL),
(55, '27637228', 'gdsjfsdkjfd', 'kahfkjshfkjsdf', 'masculino', 0, '', '', '', '', '', 3, NULL, '', 1, 'normal', NULL),
(56, '1152715464', 'Esteban', 'Marin', 'masculino', 0, '', '', '', '', '', 2, NULL, '', 1, 'normal', NULL),
(57, '55464646464', 'Esteban', 'Esteban', 'masculino', 0, '', '', '', '', '', 1, NULL, '', 0, 'normal', NULL);

-- --------------------------------------------------------

--
-- Estructura de tabla para la tabla `loans`
--

CREATE TABLE `loans` (
  `id` int(11) NOT NULL,
  `num_prestamo` int(11) NOT NULL DEFAULT 0,
  `customer_id` int(11) NOT NULL,
  `credit_amount` decimal(15,2) NOT NULL,
  `balance` decimal(15,2) DEFAULT 0.00,
  `interest_amount` decimal(15,2) NOT NULL,
  `num_fee` int(3) NOT NULL,
  `fee_amount` decimal(10,2) NOT NULL,
  `payment_m` varchar(15) COLLATE utf8_spanish_ci NOT NULL,
  `amortization_type` enum('francesa','estaunidense','mixta') COLLATE utf8_spanish_ci NOT NULL,
  `coin_id` int(11) NOT NULL,
  `date` date NOT NULL,
  `status` bit(1) NOT NULL DEFAULT b'1',
  `created_by` int(11) DEFAULT NULL,
  `assigned_user_id` int(11) DEFAULT NULL,
  `tipo_cliente` enum('normal','especial') COLLATE utf8_spanish_ci DEFAULT 'normal'
) ENGINE=InnoDB DEFAULT CHARSET=utf8 COLLATE=utf8_spanish_ci;

--
-- Volcado de datos para la tabla `loans`
--

INSERT INTO `loans` (`id`, `num_prestamo`, `customer_id`, `credit_amount`, `balance`, `interest_amount`, `num_fee`, `fee_amount`, `payment_m`, `amortization_type`, `coin_id`, `date`, `status`, `created_by`, `assigned_user_id`, `tipo_cliente`) VALUES
(10, 10, 11, '3000.00', '0.00', '3.00', 4, '772.50', 'mensual', 'francesa', 1, '2025-07-04', b'0', NULL, NULL, 'normal'),
(11, 11, 10, '3000.00', '0.00', '4.00', 3, '1040.00', 'mensual', 'francesa', 1, '2025-07-18', b'0', NULL, NULL, 'normal'),
(12, 12, 9, '2000.00', '0.00', '2.00', 3, '680.00', 'mensual', 'francesa', 1, '2025-07-18', b'0', NULL, NULL, 'normal'),
(13, 13, 12, '1000.00', '0.00', '2.00', 4, '255.00', 'mensual', 'francesa', 2, '2025-07-18', b'0', NULL, NULL, 'normal'),
(14, 14, 13, '4000.00', '0.00', '3.00', 4, '1030.00', 'mensual', 'francesa', 1, '2025-07-18', b'0', NULL, NULL, 'normal'),
(15, 15, 14, '10000.00', '0.00', '3.00', 2, '5150.00', 'mensual', 'francesa', 2, '2025-08-28', b'0', NULL, NULL, 'normal'),
(16, 16, 15, '1000000000.00', '0.00', '10.00', 3, '99999999.99', 'quincenal', 'francesa', 1, '2025-08-28', b'0', NULL, NULL, 'normal'),
(17, 17, 16, '1000878.00', '0.00', '2.00', 4, '255223.89', 'quincenal', 'francesa', 2, '2025-08-28', b'0', NULL, NULL, 'normal'),
(18, 18, 18, '20000000.00', '0.00', '2.00', 16, '1275000.00', 'mensual', 'francesa', 1, '2025-08-28', b'0', NULL, NULL, 'normal'),
(19, 19, 8, '20000000.00', '0.00', '3.00', 3, '6866666.67', 'quincenal', 'francesa', 1, '2025-08-28', b'0', NULL, NULL, 'normal'),
(20, 20, 17, '10000.00', '0.00', '2.00', 2, '5100.00', 'quincenal', 'francesa', 1, '2025-09-06', b'0', NULL, NULL, 'normal'),
(21, 21, 17, '10000.00', '0.00', '2.00', 2, '5100.00', 'diario', 'mixta', 1, '2025-09-06', b'0', NULL, NULL, 'normal'),
(22, 22, 19, '10000.00', '0.00', '2.00', 2, '5100.00', 'quincenal', 'estaunidense', 1, '2025-09-06', b'0', NULL, NULL, 'normal'),
(23, 23, 19, '20000.00', '0.00', '2.00', 2, '10400.00', 'quincenal', '', 1, '2025-09-06', b'0', NULL, NULL, 'normal'),
(24, 24, 20, '100.00', '0.00', '1.00', 2, '50.50', 'quincenal', '', 1, '2025-09-07', b'0', NULL, NULL, 'normal'),
(25, 25, 20, '100000.00', '0.00', '2.00', 2, '51000.00', 'quincenal', '', 1, '2025-09-07', b'0', NULL, NULL, 'normal'),
(26, 26, 22, '10000.00', '0.00', '2.00', 2, '5100.00', 'quincenal', '', 1, '2025-09-07', b'0', NULL, NULL, 'normal'),
(27, 27, 23, '10000.00', '0.00', '2.00', 2, '5100.00', 'quincenal', 'mixta', 1, '2025-09-07', b'0', NULL, NULL, 'normal'),
(28, 28, 23, '10000.00', '0.00', '2.00', 2, '5100.00', 'semanal', 'estaunidense', 1, '2025-09-07', b'0', NULL, NULL, 'normal'),
(29, 29, 24, '1.00', '0.00', '1.00', 17, '0.00', 'semanal', 'estaunidense', 1, '2025-09-14', b'0', 1, NULL, 'normal'),
(30, 30, 44, '1.00', '0.00', '1.00', 5, '0.20', 'diario', 'francesa', 1, '2025-10-04', b'0', 1, 2, 'normal'),
(31, 31, 47, '1.00', '0.00', '1.00', 7, '0.15', 'mensual', 'francesa', 1, '2025-10-04', b'0', 1, 2, 'normal'),
(32, 32, 48, '1000000.00', '0.00', '5.00', 12, '0.09', 'mensual', 'francesa', 1, '2025-10-04', b'0', 1, 2, 'normal'),
(33, 33, 46, '2500000.00', '0.00', '25.00', 12, '671118.94', 'mensual', 'francesa', 1, '2025-10-04', b'0', 1, 1, 'normal'),
(34, 34, 49, '4000000.00', '0.00', '20.00', 5, '1337518.81', 'mensual', 'francesa', 1, '2025-10-09', b'0', 1, NULL, NULL),
(35, 35, 46, '600000.00', '0.00', '5.00', 2, '322682.93', 'mensual', 'francesa', 1, '2025-10-09', b'0', 1, NULL, NULL),
(36, 36, 49, '1000000.00', '0.00', '25.00', 6, '179028.21', 'mensual', 'francesa', 1, '2025-10-10', b'0', 1, NULL, NULL),
(37, 37, 49, '1000000.00', '0.00', '8.00', 9, '80000.00', 'mensual', 'estaunidense', 1, '2025-10-10', b'0', 1, NULL, NULL),
(38, 38, 22, '10000000.00', '0.00', '12.00', 7, '1200000.00', 'mensual', 'estaunidense', 1, '2025-10-10', b'0', 1, NULL, NULL),
(39, 39, 50, '500000.00', '0.00', '2.00', 3, '10000.00', 'mensual', 'estaunidense', 1, '2025-10-11', b'0', 1, NULL, NULL),
(40, 40, 50, '900000.00', '0.00', '20.00', 12, '255000.00', 'mensual', 'mixta', 1, '2025-10-11', b'0', 1, NULL, NULL),
(41, 41, 50, '1500000.00', '0.00', '12.00', 12, '242155.21', 'mensual', 'francesa', 1, '2025-10-11', b'0', 1, NULL, NULL),
(42, 42, 50, '5000000.00', '0.00', '12.00', 12, '807184.04', 'mensual', 'francesa', 1, '2025-10-11', b'0', 1, NULL, NULL),
(43, 43, 50, '1200000.00', '0.00', '12.00', 4, '144000.00', 'mensual', 'estaunidense', 1, '2025-10-11', b'0', 1, NULL, NULL),
(44, 44, 50, '5000000.00', '0.00', '25.00', 12, '1342237.89', 'mensual', 'francesa', 1, '2025-10-11', b'0', 1, NULL, NULL),
(45, 45, 50, '5000000.00', '0.00', '12.00', 5, '600000.00', 'mensual', 'estaunidense', 1, '2025-10-11', b'0', 1, NULL, NULL),
(46, 46, 49, '15000000.00', '0.00', '12.00', 5, '3090596.99', 'mensual', 'francesa', 1, '2025-10-11', b'0', 1, NULL, NULL),
(47, 47, 49, '10000000.00', '0.00', '10.00', 12, '1467633.15', 'mensual', 'francesa', 1, '2025-10-12', b'0', 2, NULL, NULL),
(48, 48, 49, '5000000.00', '0.00', '12.00', 5, '1387048.66', 'mensual', 'francesa', 1, '2025-10-12', b'0', 2, NULL, NULL),
(49, 49, 50, '4500000.00', '0.00', '35.00', 12, '1950000.00', 'mensual', 'mixta', 1, '2025-10-12', b'0', 1, NULL, NULL),
(50, 50, 50, '5000000.00', '0.00', '25.00', 365, '1250000.00', 'diario', 'estaunidense', 1, '2025-10-12', b'0', 1, NULL, NULL),
(51, 51, 50, '1000000.00', '0.00', '25.00', 5, '450000.00', 'mensual', 'mixta', 1, '2025-10-12', b'0', 1, NULL, NULL),
(52, 52, 50, '5000000.00', '0.00', '50.00', 5, '2879146.92', 'mensual', 'francesa', 1, '2025-10-12', b'0', 1, NULL, NULL),
(53, 53, 50, '2500000.00', '0.00', '2.00', 5, '530395.99', 'mensual', 'francesa', 1, '2025-10-12', b'0', 1, NULL, NULL),
(54, 54, 50, '2500000.00', '0.00', '15.00', 5, '745788.88', 'mensual', 'francesa', 1, '2025-10-12', b'0', 1, NULL, NULL),
(55, 55, 50, '50000.00', '0.00', '12.00', 5, '13870.49', 'mensual', 'francesa', 1, '2025-10-12', b'0', 1, NULL, NULL),
(56, 56, 50, '50000.00', '0.00', '2.00', 12, '4727.98', 'mensual', 'francesa', 1, '2025-10-12', b'0', 1, NULL, NULL),
(57, 57, 50, '50000.00', '0.00', '12.00', 6, '6000.00', 'mensual', 'estaunidense', 1, '2025-10-12', b'0', 1, NULL, NULL),
(58, 58, 50, '5000000.00', '0.00', '12.00', 5, '1387048.66', 'mensual', 'francesa', 1, '2025-10-12', b'0', 1, NULL, NULL),
(59, 59, 50, '500000.00', '0.00', '12.00', 5, '5000.00', 'mensual', 'estaunidense', 1, '2025-10-12', b'0', 1, NULL, NULL),
(60, 60, 50, '5000000.00', '0.00', '35.00', 12, '1750000.00', 'mensual', 'estaunidense', 1, '2025-10-12', b'0', 1, NULL, NULL),
(61, 61, 50, '600000.00', '0.00', '12.00', 365, '72000.00', 'diario', 'estaunidense', 1, '2025-10-12', b'0', 1, NULL, NULL),
(62, 62, 50, '2200000.00', '0.00', '12.00', 12, '355160.98', 'mensual', 'francesa', 1, '2025-10-12', b'0', 1, NULL, NULL),
(63, 63, 50, '3000000.00', '0.00', '35.00', 12, '337500.00', 'mensual', 'mixta', 1, '2025-10-12', b'0', 1, NULL, NULL),
(64, 64, 50, '60000.00', '0.00', '2.00', 6, '10711.55', 'mensual', 'francesa', 1, '2025-10-12', b'0', 1, NULL, NULL),
(65, 65, 50, '50000.00', '0.00', '2.00', 5, '1000.00', 'mensual', 'estaunidense', 1, '2025-10-12', b'0', 1, NULL, NULL),
(66, 66, 50, '5000000.00', '0.00', '10.00', 12, '733816.58', 'mensual', 'francesa', 1, '2025-10-12', b'0', 1, NULL, NULL),
(67, 67, 50, '500000.00', '0.00', '12.00', 12, '60000.00', 'mensual', 'estaunidense', 1, '2025-10-12', b'0', 1, NULL, NULL),
(68, 68, 51, '500000.00', '0.00', '12.00', 12, '60000.00', 'mensual', 'estaunidense', 1, '2025-10-13', b'0', 1, NULL, NULL),
(69, 69, 50, '5000000.00', '0.00', '12.00', 12, '600000.00', 'mensual', 'estaunidense', 1, '2025-10-13', b'0', 1, NULL, NULL),
(70, 70, 10, '1200000.00', '0.00', '12.00', 12, '144000.00', 'mensual', 'estaunidense', 1, '2025-10-13', b'0', 1, NULL, NULL),
(71, 71, 51, '500000.00', '0.00', '12.00', 12, '60000.00', 'mensual', 'estaunidense', 1, '2025-10-13', b'0', 1, NULL, NULL),
(72, 72, 51, '1000000.00', '0.00', '25.00', 12, '268447.58', 'mensual', 'francesa', 1, '2025-10-13', b'0', 1, NULL, NULL),
(73, 73, 51, '5000000.00', '0.00', '12.00', 12, '600000.00', 'mensual', 'estaunidense', 1, '2025-10-13', b'0', 1, NULL, NULL),
(74, 74, 52, '400000.00', '0.00', '12.00', 5, '48000.00', 'mensual', 'estaunidense', 1, '2025-10-13', b'0', 1, NULL, NULL),
(75, 75, 52, '1000000.00', '0.00', '25.00', 5, '250000.00', 'mensual', 'estaunidense', 1, '2025-10-13', b'0', 1, NULL, NULL),
(76, 76, 52, '4000000.00', '0.00', '12.00', 5, '480000.00', 'mensual', 'estaunidense', 1, '2025-10-13', b'0', 1, NULL, NULL),
(77, 77, 53, '500000.00', '0.00', '12.00', 7, '60000.00', 'mensual', 'estaunidense', 1, '2025-10-13', b'0', 1, NULL, NULL),
(78, 78, 53, '1000000.00', '0.00', '12.00', 5, '320000.00', 'mensual', 'mixta', 1, '2025-10-13', b'0', 1, NULL, NULL),
(79, 79, 53, '1000000.00', '0.00', '25.00', 3, '250000.00', 'mensual', 'estaunidense', 1, '2025-10-13', b'0', 1, NULL, NULL),
(80, 80, 53, '5000000.00', '0.00', '12.00', 4, '600000.00', 'mensual', 'estaunidense', 1, '2025-10-13', b'0', 1, NULL, NULL),
(81, 81, 54, '500000.00', '0.00', '25.00', 6, '125000.00', 'mensual', 'estaunidense', 1, '2025-10-13', b'0', 1, NULL, NULL),
(82, 82, 54, '1000000.00', '0.00', '12.00', 5, '120000.00', 'mensual', 'estaunidense', 1, '2025-10-13', b'0', 1, NULL, NULL),
(83, 83, 55, '400000.00', '0.00', '12.00', 4, '48000.00', 'mensual', 'estaunidense', 1, '2025-10-13', b'0', 1, NULL, NULL),
(84, 84, 55, '1000000.00', '0.00', '15.00', 12, '150000.00', 'mensual', 'estaunidense', 1, '2025-10-13', b'0', 1, NULL, NULL),
(85, 85, 51, '5000000.00', '0.00', '57.00', 15, '2853287.39', 'mensual', 'francesa', 1, '2025-10-13', b'0', 1, NULL, NULL),
(86, 86, 10, '1200000.00', '16081511.54', '36.00', 15, '436332.45', 'mensual', 'francesa', 1, '2025-10-14', b'0', 1, NULL, NULL),
(87, 87, 10, '1300000.00', '6368736.82', '57.00', 6, '741000.00', 'mensual', 'estaunidense', 1, '2025-10-14', b'0', 1, NULL, NULL),
(88, 88, 51, '5000000.00', '30526676.63', '47.00', 8, '2350000.00', 'mensual', 'estaunidense', 1, '2025-10-14', b'1', 1, NULL, NULL),
(89, 89, 56, '50000.00', '0.00', '10.00', 12, '7338.17', 'mensual', 'francesa', 1, '2025-10-14', b'1', 1, NULL, NULL),
(90, 90, 57, '500000.00', '0.00', '30.00', 5, '150000.00', 'mensual', 'estaunidense', 1, '2025-10-14', b'0', 1, NULL, NULL),
(91, 91, 57, '1200000.00', '0.00', '40.00', 4, '480000.00', 'mensual', 'estaunidense', 1, '2025-10-14', b'0', 1, NULL, NULL),
(92, 92, 57, '500000.00', '0.00', '12.00', 5, '60000.00', 'mensual', 'estaunidense', 1, '2025-08-13', b'0', 1, NULL, NULL),
(93, 93, 55, '600000.00', '0.00', '12.00', 5, '166445.84', 'mensual', 'francesa', 1, '2025-10-14', b'1', 1, NULL, NULL),
(94, 94, 49, '500000.00', '0.00', '12.00', 12, '60000.00', 'mensual', 'estaunidense', 1, '2025-10-14', b'0', 1, NULL, NULL);

-- --------------------------------------------------------

--
-- Estructura de tabla para la tabla `loan_items`
--

CREATE TABLE `loan_items` (
  `id` int(11) NOT NULL,
  `loan_id` int(11) NOT NULL,
  `date` date NOT NULL,
  `num_quota` int(11) NOT NULL,
  `fee_amount` decimal(25,2) NOT NULL,
  `capital_amount` decimal(25,2) DEFAULT 0.00,
  `capital_paid` decimal(10,2) DEFAULT 0.00,
  `interest_amount` decimal(25,2) DEFAULT 0.00,
  `interest_paid` decimal(10,2) DEFAULT 0.00,
  `balance` decimal(25,2) NOT NULL DEFAULT 0.00,
  `extra_payment` decimal(25,2) DEFAULT 0.00,
  `payment_desc` varchar(255) COLLATE utf8_spanish_ci DEFAULT NULL,
  `pay_date` timestamp NOT NULL DEFAULT current_timestamp() ON UPDATE current_timestamp(),
  `status` bit(1) NOT NULL DEFAULT b'1',
  `paid_by` int(11) DEFAULT NULL
) ENGINE=InnoDB DEFAULT CHARSET=utf8 COLLATE=utf8_spanish_ci;

--
-- Volcado de datos para la tabla `loan_items`
--

INSERT INTO `loan_items` (`id`, `loan_id`, `date`, `num_quota`, `fee_amount`, `capital_amount`, `capital_paid`, `interest_amount`, `interest_paid`, `balance`, `extra_payment`, `payment_desc`, `pay_date`, `status`, `paid_by`) VALUES
(41, 10, '2025-08-04', 1, '772.50', '0.00', '0.00', '0.00', '0.00', '0.00', '0.00', NULL, '2025-07-08 22:40:50', b'0', NULL),
(42, 10, '2025-09-04', 2, '772.50', '0.00', '0.00', '0.00', '0.00', '0.00', '0.00', NULL, '2025-07-08 22:40:50', b'0', NULL),
(43, 10, '2025-10-04', 3, '772.50', '0.00', '0.00', '0.00', '0.00', '3000.00', '0.00', NULL, '2025-10-13 17:05:20', b'1', NULL),
(44, 10, '2025-11-04', 4, '772.50', '0.00', '0.00', '0.00', '0.00', '3000.00', '0.00', NULL, '2025-10-13 17:05:20', b'1', NULL),
(45, 11, '2025-08-18', 1, '1040.00', '0.00', '0.00', '0.00', '0.00', '0.00', '0.00', NULL, '2025-07-19 00:56:48', b'0', NULL),
(46, 11, '2025-09-18', 2, '1040.00', '0.00', '0.00', '0.00', '0.00', '3000.00', '0.00', NULL, '2025-10-13 17:05:20', b'1', NULL),
(47, 11, '2025-10-18', 3, '1040.00', '0.00', '0.00', '0.00', '0.00', '3000.00', '0.00', NULL, '2025-10-13 17:05:20', b'1', NULL),
(48, 12, '2025-08-18', 1, '680.00', '0.00', '0.00', '0.00', '0.00', '2000.00', '0.00', NULL, '2025-10-13 17:05:20', b'1', NULL),
(49, 12, '2025-09-18', 2, '680.00', '0.00', '0.00', '0.00', '0.00', '2000.00', '0.00', NULL, '2025-10-13 17:05:20', b'1', NULL),
(50, 12, '2025-10-18', 3, '680.00', '0.00', '0.00', '0.00', '0.00', '2000.00', '0.00', NULL, '2025-10-13 17:05:20', b'1', NULL),
(51, 13, '2025-08-18', 1, '255.00', '0.00', '0.00', '0.00', '0.00', '1000.00', '0.00', NULL, '2025-10-13 17:05:20', b'1', NULL),
(52, 13, '2025-09-18', 2, '255.00', '0.00', '0.00', '0.00', '0.00', '1000.00', '0.00', NULL, '2025-10-13 17:05:20', b'1', NULL),
(53, 13, '2025-10-18', 3, '255.00', '0.00', '0.00', '0.00', '0.00', '1000.00', '0.00', NULL, '2025-10-13 17:05:20', b'1', NULL),
(54, 13, '2025-11-18', 4, '255.00', '0.00', '0.00', '0.00', '0.00', '1000.00', '0.00', NULL, '2025-10-13 17:05:20', b'1', NULL),
(55, 14, '2025-08-18', 1, '1030.00', '0.00', '0.00', '0.00', '0.00', '0.00', '0.00', NULL, '2025-07-19 02:26:15', b'0', NULL),
(56, 14, '2025-09-18', 2, '1030.00', '0.00', '0.00', '0.00', '0.00', '0.00', '0.00', NULL, '2025-07-19 02:26:16', b'0', NULL),
(57, 14, '2025-10-18', 3, '1030.00', '0.00', '0.00', '0.00', '0.00', '0.00', '0.00', NULL, '2025-08-28 16:22:43', b'0', NULL),
(58, 14, '2025-11-18', 4, '1030.00', '0.00', '0.00', '0.00', '0.00', '4000.00', '0.00', NULL, '2025-10-13 17:05:20', b'1', NULL),
(59, 15, '2025-09-28', 1, '5150.00', '0.00', '0.00', '0.00', '0.00', '0.00', '0.00', NULL, '2025-08-28 16:22:07', b'0', NULL),
(60, 15, '2025-10-28', 2, '5150.00', '0.00', '0.00', '0.00', '0.00', '10000.00', '0.00', NULL, '2025-10-13 17:05:20', b'1', NULL),
(61, 16, '2025-09-12', 1, '366666666.67', '0.00', '0.00', '0.00', '0.00', '1000000000.00', '0.00', NULL, '2025-10-13 17:05:20', b'1', NULL),
(62, 16, '2025-09-27', 2, '366666666.67', '0.00', '0.00', '0.00', '0.00', '1000000000.00', '0.00', NULL, '2025-10-13 17:05:20', b'1', NULL),
(63, 16, '2025-10-12', 3, '366666666.67', '0.00', '0.00', '0.00', '0.00', '1000000000.00', '0.00', NULL, '2025-10-13 17:05:20', b'1', NULL),
(64, 17, '2025-09-12', 1, '255223.89', '0.00', '0.00', '0.00', '0.00', '0.00', '0.00', NULL, '2025-08-28 16:21:23', b'0', NULL),
(65, 17, '2025-09-27', 2, '255223.89', '0.00', '0.00', '0.00', '0.00', '0.00', '0.00', NULL, '2025-08-28 16:21:23', b'0', NULL),
(66, 17, '2025-10-12', 3, '255223.89', '0.00', '0.00', '0.00', '0.00', '1000878.00', '0.00', NULL, '2025-10-13 17:05:20', b'1', NULL),
(67, 17, '2025-10-27', 4, '255223.89', '0.00', '0.00', '0.00', '0.00', '1000878.00', '0.00', NULL, '2025-10-13 17:05:20', b'1', NULL),
(68, 18, '2025-09-28', 1, '1275000.00', '0.00', '0.00', '0.00', '0.00', '0.00', '0.00', NULL, '2025-08-28 16:24:43', b'0', NULL),
(69, 18, '2025-10-28', 2, '1275000.00', '0.00', '0.00', '0.00', '0.00', '0.00', '0.00', NULL, '2025-08-28 16:24:43', b'0', NULL),
(70, 18, '2025-11-28', 3, '1275000.00', '0.00', '0.00', '0.00', '0.00', '0.00', '0.00', NULL, '2025-08-28 16:24:43', b'0', NULL),
(71, 18, '2025-12-28', 4, '1275000.00', '0.00', '0.00', '0.00', '0.00', '20000000.00', '0.00', NULL, '2025-10-13 17:05:20', b'1', NULL),
(72, 18, '2026-01-28', 5, '1275000.00', '0.00', '0.00', '0.00', '0.00', '20000000.00', '0.00', NULL, '2025-10-13 17:05:20', b'1', NULL),
(73, 18, '2026-02-28', 6, '1275000.00', '0.00', '0.00', '0.00', '0.00', '20000000.00', '0.00', NULL, '2025-10-13 17:05:20', b'1', NULL),
(74, 18, '2026-03-28', 7, '1275000.00', '0.00', '0.00', '0.00', '0.00', '20000000.00', '0.00', NULL, '2025-10-13 17:05:20', b'1', NULL),
(75, 18, '2026-04-28', 8, '1275000.00', '0.00', '0.00', '0.00', '0.00', '20000000.00', '0.00', NULL, '2025-10-13 17:05:20', b'1', NULL),
(76, 18, '2026-05-28', 9, '1275000.00', '0.00', '0.00', '0.00', '0.00', '20000000.00', '0.00', NULL, '2025-10-13 17:05:20', b'1', NULL),
(77, 18, '2026-06-28', 10, '1275000.00', '0.00', '0.00', '0.00', '0.00', '20000000.00', '0.00', NULL, '2025-10-13 17:05:20', b'1', NULL),
(78, 18, '2026-07-28', 11, '1275000.00', '0.00', '0.00', '0.00', '0.00', '20000000.00', '0.00', NULL, '2025-10-13 17:05:20', b'1', NULL),
(79, 18, '2026-08-28', 12, '1275000.00', '0.00', '0.00', '0.00', '0.00', '20000000.00', '0.00', NULL, '2025-10-13 17:05:20', b'1', NULL),
(80, 18, '2026-09-28', 13, '1275000.00', '0.00', '0.00', '0.00', '0.00', '20000000.00', '0.00', NULL, '2025-10-13 17:05:20', b'1', NULL),
(81, 18, '2026-10-28', 14, '1275000.00', '0.00', '0.00', '0.00', '0.00', '20000000.00', '0.00', NULL, '2025-10-13 17:05:20', b'1', NULL),
(82, 18, '2026-11-28', 15, '1275000.00', '0.00', '0.00', '0.00', '0.00', '20000000.00', '0.00', NULL, '2025-10-13 17:05:20', b'1', NULL),
(83, 18, '2026-12-28', 16, '1275000.00', '0.00', '0.00', '0.00', '0.00', '20000000.00', '0.00', NULL, '2025-10-13 17:05:20', b'1', NULL),
(84, 19, '2025-09-12', 1, '6866666.67', '0.00', '0.00', '0.00', '0.00', '20000000.00', '0.00', NULL, '2025-10-13 17:05:20', b'1', NULL),
(85, 19, '2025-09-27', 2, '6866666.67', '0.00', '0.00', '0.00', '0.00', '20000000.00', '0.00', NULL, '2025-10-13 17:05:20', b'1', NULL),
(86, 19, '2025-10-12', 3, '6866666.67', '0.00', '0.00', '0.00', '0.00', '20000000.00', '0.00', NULL, '2025-10-13 17:05:20', b'1', NULL),
(87, 20, '2025-09-21', 1, '5100.00', '0.00', '0.00', '0.00', '0.00', '0.00', '0.00', NULL, '2025-09-06 19:37:14', b'0', NULL),
(88, 20, '2025-10-06', 2, '5100.00', '0.00', '0.00', '0.00', '0.00', '0.00', '0.00', NULL, '2025-09-06 19:37:14', b'0', NULL),
(89, 21, '2025-09-07', 1, '5200.00', '0.00', '0.00', '0.00', '0.00', '10000.00', '0.00', NULL, '2025-10-13 17:05:20', b'1', NULL),
(90, 21, '2025-09-08', 2, '5200.00', '0.00', '0.00', '0.00', '0.00', '10000.00', '0.00', NULL, '2025-10-13 17:05:20', b'1', NULL),
(91, 22, '2025-09-21', 1, '5100.00', '0.00', '0.00', '0.00', '0.00', '0.00', '0.00', NULL, '2025-09-06 21:46:58', b'0', NULL),
(92, 22, '2025-10-06', 2, '5100.00', '0.00', '0.00', '0.00', '0.00', '0.00', '0.00', NULL, '2025-09-06 21:46:58', b'0', NULL),
(93, 24, '2025-09-22', 1, '50.50', '50.00', '0.00', '1.00', '0.00', '0.00', '0.00', NULL, '2025-10-13 17:05:20', b'0', NULL),
(94, 24, '2025-10-07', 2, '50.50', '50.00', '0.00', '0.50', '0.00', '0.00', '0.00', NULL, '2025-09-06 22:03:59', b'0', NULL),
(95, 25, '2025-09-22', 1, '51000.00', '50000.00', '0.00', '2000.00', '0.00', '0.00', '0.00', NULL, '2025-10-14 17:43:20', b'0', 1),
(96, 25, '2025-10-07', 2, '51000.00', '50000.00', '0.00', '1000.00', '0.00', '0.00', '0.00', NULL, '2025-09-06 22:04:16', b'1', NULL),
(97, 26, '2025-09-22', 1, '5100.00', '5000.00', '0.00', '200.00', '0.00', '0.00', '0.00', NULL, '2025-10-13 17:05:20', b'0', 2),
(98, 26, '2025-10-07', 2, '5100.00', '5000.00', '0.00', '100.00', '0.00', '0.00', '0.00', NULL, '2025-10-10 17:02:31', b'0', 2),
(99, 27, '2025-09-22', 1, '5100.00', '5000.00', '0.00', '200.00', '0.00', '0.00', '0.00', NULL, '2025-10-13 17:05:20', b'0', NULL),
(100, 27, '2025-10-07', 2, '5100.00', '5000.00', '0.00', '100.00', '0.00', '0.00', '0.00', NULL, '2025-09-06 22:17:05', b'0', NULL),
(101, 28, '2025-09-14', 1, '5100.00', '0.00', '0.00', '200.00', '0.00', '0.00', '0.00', NULL, '2025-10-13 17:05:20', b'0', 4),
(102, 28, '2025-09-21', 2, '5100.00', '10000.00', '0.00', '200.00', '0.00', '0.00', '0.00', NULL, '2025-10-09 20:23:01', b'0', 4),
(103, 29, '2025-09-21', 1, '0.00', '0.00', '0.00', '0.00', '0.00', '0.00', '0.00', NULL, '2025-10-13 17:05:20', b'0', 1),
(104, 29, '2025-09-28', 2, '0.00', '0.00', '0.00', '0.00', '0.00', '0.00', '0.00', NULL, '2025-10-13 17:05:20', b'0', 1),
(105, 29, '2025-10-05', 3, '0.00', '0.00', '0.00', '0.00', '0.00', '0.00', '0.00', NULL, '2025-10-13 17:05:20', b'0', 1),
(106, 29, '2025-10-12', 4, '0.00', '0.00', '0.00', '0.00', '0.00', '0.00', '0.00', NULL, '2025-10-13 17:05:20', b'0', 1),
(107, 29, '2025-10-19', 5, '0.00', '0.00', '0.00', '0.00', '0.00', '0.00', '0.00', NULL, '2025-10-13 17:05:20', b'0', 1),
(108, 29, '2025-10-26', 6, '0.00', '0.00', '0.00', '0.00', '0.00', '0.00', '0.00', NULL, '2025-10-13 17:05:20', b'0', 1),
(109, 29, '2025-11-02', 7, '0.00', '0.00', '0.00', '0.00', '0.00', '0.00', '0.00', NULL, '2025-10-13 17:05:20', b'0', 1),
(110, 29, '2025-11-09', 8, '0.00', '0.00', '0.00', '0.00', '0.00', '0.00', '0.00', NULL, '2025-10-13 17:05:20', b'0', 1),
(111, 29, '2025-11-16', 9, '0.00', '0.00', '0.00', '0.00', '0.00', '0.00', '0.00', NULL, '2025-10-13 17:05:20', b'0', 1),
(112, 29, '2025-11-23', 10, '0.00', '0.00', '0.00', '0.00', '0.00', '0.00', '0.00', NULL, '2025-10-13 17:05:20', b'0', 1),
(113, 29, '2025-11-30', 11, '0.00', '0.00', '0.00', '0.00', '0.00', '0.00', '0.00', NULL, '2025-10-13 17:05:20', b'0', 1),
(114, 29, '2025-12-07', 12, '0.00', '0.00', '0.00', '0.00', '0.00', '0.00', '0.00', NULL, '2025-10-13 17:05:20', b'0', 1),
(115, 29, '2025-12-14', 13, '0.00', '0.00', '0.00', '0.00', '0.00', '0.00', '0.00', NULL, '2025-10-13 17:05:20', b'0', 1),
(116, 29, '2025-12-21', 14, '0.00', '0.00', '0.00', '0.00', '0.00', '0.00', '0.00', NULL, '2025-10-13 17:05:20', b'0', 1),
(117, 29, '2025-12-28', 15, '0.00', '0.00', '0.00', '0.00', '0.00', '0.00', '0.00', NULL, '2025-10-13 17:05:20', b'0', 1),
(118, 29, '2026-01-04', 16, '0.00', '0.00', '0.00', '0.00', '0.00', '0.00', '0.00', NULL, '2025-10-13 17:05:20', b'0', 1),
(119, 29, '2026-01-11', 17, '1.00', '1.00', '0.00', '0.00', '0.00', '0.00', '0.00', NULL, '2025-10-12 00:35:39', b'0', 1),
(120, 0, '2025-10-27', 1, '202506.93', '198340.26', '0.00', '4166.67', '0.00', '0.00', '0.00', NULL, '2025-10-13 18:04:08', b'0', 3),
(121, 0, '2025-11-27', 2, '202506.93', '199166.68', '0.00', '3340.25', '0.00', '0.00', '0.00', NULL, '2025-10-13 18:04:08', b'0', 3),
(122, 0, '2025-12-27', 3, '202506.93', '199996.54', '0.00', '2510.39', '0.00', '0.00', '0.00', NULL, '2025-10-13 18:04:08', b'0', 3),
(123, 0, '2026-01-27', 4, '202506.93', '200829.86', '0.00', '1677.07', '0.00', '0.00', '0.00', NULL, '2025-10-13 18:04:08', b'0', 3),
(124, 0, '2026-02-27', 5, '202506.93', '201666.65', '0.00', '840.28', '0.00', '0.00', '0.00', NULL, '2025-10-12 05:04:15', b'0', 3),
(125, 30, '2025-10-05', 1, '0.20', '0.20', '0.00', '0.00', '0.00', '0.00', '0.00', NULL, '2025-10-13 17:05:20', b'0', 3),
(126, 30, '2025-10-06', 2, '0.20', '0.20', '0.00', '0.00', '0.00', '0.00', '0.00', NULL, '2025-10-13 17:05:20', b'0', 3),
(127, 30, '2025-10-07', 3, '0.20', '0.20', '0.00', '0.00', '0.00', '0.00', '0.00', NULL, '2025-10-13 17:05:20', b'0', 3),
(128, 30, '2025-10-08', 4, '0.20', '0.20', '0.00', '0.00', '0.00', '0.00', '0.00', NULL, '2025-10-13 17:05:20', b'0', 3),
(129, 30, '2025-10-09', 5, '0.20', '0.20', '0.00', '0.00', '0.00', '0.00', '0.00', NULL, '2025-10-12 05:04:15', b'0', 3),
(130, 31, '2025-11-04', 1, '0.15', '0.14', '0.00', '0.01', '0.00', '0.00', '0.00', NULL, '2025-10-13 17:05:20', b'0', 3),
(131, 31, '2025-12-04', 2, '0.15', '0.14', '0.00', '0.01', '0.00', '0.00', '0.00', NULL, '2025-10-13 17:05:20', b'0', 3),
(132, 31, '2026-01-04', 3, '0.15', '0.14', '0.00', '0.01', '0.00', '0.00', '0.00', NULL, '2025-10-13 17:05:20', b'0', 3),
(133, 31, '2026-02-04', 4, '0.15', '0.14', '0.00', '0.01', '0.00', '0.00', '0.00', NULL, '2025-10-13 17:05:20', b'0', 3),
(134, 31, '2026-03-04', 5, '0.15', '0.14', '0.00', '0.00', '0.00', '0.00', '0.00', NULL, '2025-10-13 17:05:20', b'0', 3),
(135, 31, '2026-04-04', 6, '0.15', '0.15', '0.00', '0.00', '0.00', '0.00', '0.00', NULL, '2025-10-13 17:05:20', b'0', 3),
(136, 31, '2026-05-04', 7, '0.15', '0.15', '0.00', '0.00', '0.00', '0.00', '0.00', NULL, '2025-10-12 05:04:15', b'0', 3),
(137, 32, '2025-11-04', 1, '0.09', '0.08', '0.00', '0.01', '0.00', '0.00', '0.00', NULL, '2025-10-13 17:05:20', b'0', 3),
(138, 32, '2025-12-04', 2, '0.09', '0.08', '0.00', '0.01', '0.00', '0.00', '0.00', NULL, '2025-10-13 17:05:20', b'0', 3),
(139, 32, '2026-01-04', 3, '0.09', '0.08', '0.00', '0.01', '0.00', '0.00', '0.00', NULL, '2025-10-13 17:05:20', b'0', 3),
(140, 32, '2026-02-04', 4, '0.09', '0.08', '0.00', '0.01', '0.00', '0.00', '0.00', NULL, '2025-10-13 17:05:20', b'0', 3),
(141, 32, '2026-03-04', 5, '0.09', '0.08', '0.00', '0.01', '0.00', '0.00', '0.00', NULL, '2025-10-13 17:05:20', b'0', 3),
(142, 32, '2026-04-04', 6, '0.09', '0.08', '0.00', '0.01', '0.00', '0.00', '0.00', NULL, '2025-10-13 17:05:20', b'0', 3),
(143, 32, '2026-05-04', 7, '0.09', '0.08', '0.00', '0.01', '0.00', '0.00', '0.00', NULL, '2025-10-13 17:05:20', b'0', 3),
(144, 32, '2026-06-04', 8, '0.09', '0.08', '0.00', '0.00', '0.00', '0.00', '0.00', NULL, '2025-10-13 17:05:20', b'0', 3),
(145, 32, '2026-07-04', 9, '0.09', '0.09', '0.00', '0.00', '0.00', '0.00', '0.00', NULL, '2025-10-13 17:05:20', b'0', 3),
(146, 32, '2026-08-04', 10, '0.09', '0.09', '0.00', '0.00', '0.00', '0.00', '0.00', NULL, '2025-10-13 17:05:20', b'0', 3),
(147, 32, '2026-09-04', 11, '0.09', '0.09', '0.00', '0.00', '0.00', '0.00', '0.00', NULL, '2025-10-13 17:05:20', b'0', 3),
(148, 32, '2026-10-04', 12, '0.09', '0.09', '0.00', '0.00', '0.00', '0.00', '0.00', NULL, '2025-10-12 05:04:15', b'0', 3),
(149, 33, '2025-11-04', 1, '671118.94', '46118.94', '0.00', '625000.00', '0.00', '0.00', '0.00', NULL, '2025-10-13 17:05:20', b'0', 3),
(150, 33, '2025-12-04', 2, '671118.94', '57648.68', '0.00', '613470.26', '0.00', '0.00', '0.00', NULL, '2025-10-13 17:05:20', b'0', 3),
(151, 33, '2026-01-04', 3, '671118.94', '72060.85', '0.00', '599058.09', '0.00', '0.00', '0.00', NULL, '2025-10-13 17:05:20', b'0', 3),
(152, 33, '2026-02-04', 4, '671118.94', '90076.06', '0.00', '581042.88', '0.00', '0.00', '0.00', NULL, '2025-10-13 17:05:20', b'0', 3),
(153, 33, '2026-03-04', 5, '671118.94', '112595.07', '0.00', '558523.87', '0.00', '0.00', '0.00', NULL, '2025-10-13 17:05:20', b'0', 3),
(154, 33, '2026-04-04', 6, '671118.94', '140743.84', '0.00', '530375.10', '0.00', '0.00', '0.00', NULL, '2025-10-13 17:05:20', b'0', 3),
(155, 33, '2026-05-04', 7, '671118.94', '175929.80', '0.00', '495189.14', '0.00', '0.00', '0.00', NULL, '2025-10-13 17:05:20', b'0', 3),
(156, 33, '2026-06-04', 8, '671118.94', '219912.26', '0.00', '451206.69', '0.00', '0.00', '0.00', NULL, '2025-10-13 17:05:20', b'0', 3),
(157, 33, '2026-07-04', 9, '671118.94', '274890.32', '0.00', '396228.62', '0.00', '0.00', '0.00', NULL, '2025-10-13 17:05:20', b'0', 3),
(158, 33, '2026-08-04', 10, '671118.94', '343612.90', '0.00', '327506.04', '0.00', '0.00', '0.00', NULL, '2025-10-13 17:05:20', b'0', 3),
(159, 33, '2026-09-04', 11, '671118.94', '429516.12', '0.00', '241602.82', '0.00', '0.00', '0.00', NULL, '2025-10-13 17:05:20', b'0', 3),
(160, 33, '2026-10-04', 12, '671118.94', '536895.15', '0.00', '134223.79', '0.00', '0.00', '0.00', NULL, '2025-10-12 05:04:15', b'0', 3),
(161, 34, '2025-11-09', 1, '1337518.81', '537518.81', '0.00', '800000.00', '0.00', '0.00', '0.00', NULL, '2025-10-13 17:05:20', b'0', 3),
(162, 34, '2025-12-09', 2, '1337518.81', '645022.58', '0.00', '692496.24', '0.00', '0.00', '0.00', NULL, '2025-10-13 17:05:20', b'0', 3),
(163, 34, '2026-01-09', 3, '1337518.81', '774027.09', '0.00', '563491.72', '0.00', '0.00', '0.00', NULL, '2025-10-13 17:05:20', b'0', 3),
(164, 34, '2026-02-09', 4, '1337518.81', '928832.51', '0.00', '408686.30', '0.00', '0.00', '0.00', NULL, '2025-10-13 17:05:20', b'0', 3),
(165, 34, '2026-03-09', 5, '1337518.81', '1114599.01', '0.00', '222919.80', '0.00', '0.00', '0.00', NULL, '2025-10-12 05:04:15', b'0', 3),
(166, 35, '2025-11-09', 1, '322682.93', '292682.93', '0.00', '30000.00', '0.00', '0.00', '0.00', NULL, '2025-10-13 17:05:20', b'0', 3),
(167, 35, '2025-12-09', 2, '322682.93', '307317.07', '0.00', '15365.85', '0.00', '0.00', '0.00', NULL, '2025-10-12 05:04:15', b'0', 3),
(168, 36, '2025-11-10', 1, '179028.21', '158194.87', '0.00', '20833.33', '0.00', '0.00', '0.00', NULL, '2025-10-13 17:05:20', b'0', 3),
(169, 36, '2025-12-10', 2, '179028.21', '161490.60', '0.00', '17537.61', '0.00', '0.00', '0.00', NULL, '2025-10-13 17:05:20', b'0', 3),
(170, 36, '2026-01-10', 3, '179028.21', '164854.99', '0.00', '14173.22', '0.00', '0.00', '0.00', NULL, '2025-10-13 17:05:20', b'0', 3),
(171, 36, '2026-02-10', 4, '179028.21', '168289.47', '0.00', '10738.74', '0.00', '0.00', '0.00', NULL, '2025-10-13 17:05:20', b'0', 3),
(172, 36, '2026-03-10', 5, '179028.21', '171795.50', '0.00', '7232.71', '0.00', '0.00', '0.00', NULL, '2025-10-13 17:05:20', b'0', 3),
(173, 36, '2026-04-10', 6, '179028.21', '175374.57', '0.00', '3653.64', '0.00', '0.00', '0.00', NULL, '2025-10-12 05:04:15', b'0', 3),
(174, 37, '2025-11-10', 1, '80000.00', '0.00', '0.00', '80000.00', '0.00', '0.00', '0.00', NULL, '2025-10-13 17:05:20', b'0', 3),
(175, 37, '2025-12-10', 2, '80000.00', '0.00', '0.00', '80000.00', '0.00', '0.00', '0.00', NULL, '2025-10-13 17:05:20', b'0', 3),
(176, 37, '2026-01-10', 3, '80000.00', '0.00', '0.00', '80000.00', '0.00', '0.00', '0.00', NULL, '2025-10-13 17:05:20', b'0', 3),
(177, 37, '2026-02-10', 4, '80000.00', '0.00', '0.00', '80000.00', '0.00', '0.00', '0.00', NULL, '2025-10-13 17:05:20', b'0', 3),
(178, 37, '2026-03-10', 5, '80000.00', '0.00', '0.00', '80000.00', '0.00', '0.00', '0.00', NULL, '2025-10-13 17:05:20', b'0', 3),
(179, 37, '2026-04-10', 6, '80000.00', '0.00', '0.00', '80000.00', '0.00', '0.00', '0.00', NULL, '2025-10-13 17:05:20', b'0', 3),
(180, 37, '2026-05-10', 7, '80000.00', '0.00', '0.00', '80000.00', '0.00', '0.00', '0.00', NULL, '2025-10-13 17:05:20', b'0', 3),
(181, 37, '2026-06-10', 8, '80000.00', '0.00', '0.00', '80000.00', '0.00', '0.00', '0.00', NULL, '2025-10-13 17:05:20', b'0', 3),
(182, 37, '2026-07-10', 9, '1080000.00', '1000000.00', '0.00', '80000.00', '0.00', '0.00', '0.00', NULL, '2025-10-12 05:04:15', b'0', 3),
(183, 38, '2025-11-10', 1, '1200000.00', '0.00', '0.00', '1200000.00', '0.00', '0.00', '0.00', NULL, '2025-10-13 17:05:20', b'0', 3),
(184, 38, '2025-12-10', 2, '1200000.00', '0.00', '0.00', '1200000.00', '0.00', '0.00', '0.00', NULL, '2025-10-13 17:05:20', b'0', 3),
(185, 38, '2026-01-10', 3, '1200000.00', '0.00', '0.00', '1200000.00', '0.00', '0.00', '0.00', NULL, '2025-10-13 17:05:20', b'0', 3),
(186, 38, '2026-02-10', 4, '1200000.00', '0.00', '0.00', '1200000.00', '0.00', '0.00', '0.00', NULL, '2025-10-13 17:05:20', b'0', 3),
(187, 38, '2026-03-10', 5, '1200000.00', '0.00', '0.00', '1200000.00', '0.00', '0.00', '0.00', NULL, '2025-10-13 17:05:20', b'0', 3),
(188, 38, '2026-04-10', 6, '1200000.00', '0.00', '0.00', '1200000.00', '0.00', '0.00', '0.00', NULL, '2025-10-13 17:05:20', b'0', 3),
(189, 38, '2026-05-10', 7, '11200000.00', '10000000.00', '0.00', '1200000.00', '0.00', '0.00', '0.00', NULL, '2025-10-12 05:04:15', b'0', 3),
(190, 39, '2025-11-11', 1, '10000.00', '0.00', '0.00', '10000.00', '0.00', '0.00', '0.00', NULL, '2025-10-12 05:04:15', b'0', 3),
(191, 39, '2025-12-11', 2, '10000.00', '0.00', '0.00', '10000.00', '0.00', '0.00', '0.00', NULL, '2025-10-12 05:04:15', b'0', 3),
(192, 39, '2026-01-11', 3, '510000.00', '500000.00', '0.00', '10000.00', '0.00', '0.00', '0.00', NULL, '2025-10-12 05:04:15', b'0', 3),
(193, 40, '2025-11-11', 1, '255000.00', '75000.00', '0.00', '180000.00', '0.00', '0.00', '0.00', NULL, '2025-10-12 05:04:15', b'0', 3),
(194, 40, '2025-12-11', 2, '240000.00', '75000.00', '0.00', '165000.00', '0.00', '0.00', '0.00', NULL, '2025-10-12 05:04:15', b'0', 3),
(195, 40, '2026-01-11', 3, '225000.00', '75000.00', '0.00', '150000.00', '0.00', '0.00', '0.00', NULL, '2025-10-12 05:04:15', b'0', 3),
(196, 40, '2026-02-11', 4, '210000.00', '75000.00', '0.00', '135000.00', '0.00', '0.00', '0.00', NULL, '2025-10-12 05:04:15', b'0', 3),
(197, 40, '2026-03-11', 5, '195000.00', '75000.00', '0.00', '120000.00', '0.00', '0.00', '0.00', NULL, '2025-10-12 05:04:15', b'0', 3),
(198, 40, '2026-04-11', 6, '180000.00', '75000.00', '0.00', '105000.00', '0.00', '0.00', '0.00', NULL, '2025-10-12 05:04:15', b'0', 3),
(199, 40, '2026-05-11', 7, '165000.00', '75000.00', '0.00', '90000.00', '0.00', '0.00', '0.00', NULL, '2025-10-12 05:04:15', b'0', 3),
(200, 40, '2026-06-11', 8, '150000.00', '75000.00', '0.00', '75000.00', '0.00', '0.00', '0.00', NULL, '2025-10-12 05:04:15', b'0', 3),
(201, 40, '2026-07-11', 9, '135000.00', '75000.00', '0.00', '60000.00', '0.00', '0.00', '0.00', NULL, '2025-10-12 05:04:15', b'0', 3),
(202, 40, '2026-08-11', 10, '120000.00', '75000.00', '0.00', '45000.00', '0.00', '0.00', '0.00', NULL, '2025-10-12 05:04:15', b'0', 3),
(203, 40, '2026-09-11', 11, '105000.00', '75000.00', '0.00', '30000.00', '0.00', '0.00', '0.00', NULL, '2025-10-12 05:04:15', b'0', 3),
(204, 40, '2026-10-11', 12, '90000.00', '75000.00', '0.00', '15000.00', '0.00', '0.00', '0.00', NULL, '2025-10-12 05:04:15', b'0', 3),
(205, 41, '2025-11-11', 1, '242155.21', '62155.21', '0.00', '180000.00', '0.00', '0.00', '0.00', NULL, '2025-10-12 05:04:15', b'0', 3),
(206, 41, '2025-12-11', 2, '242155.21', '69613.84', '0.00', '172541.37', '0.00', '0.00', '0.00', NULL, '2025-10-12 05:04:15', b'0', 3),
(207, 41, '2026-01-11', 3, '242155.21', '77967.50', '0.00', '164187.71', '0.00', '0.00', '0.00', NULL, '2025-10-12 05:04:15', b'0', 3),
(208, 41, '2026-02-11', 4, '242155.21', '87323.60', '0.00', '154831.61', '0.00', '0.00', '0.00', NULL, '2025-10-12 05:04:15', b'0', 3),
(209, 41, '2026-03-11', 5, '242155.21', '97802.43', '0.00', '144352.78', '0.00', '0.00', '0.00', NULL, '2025-10-12 05:04:15', b'0', 3),
(210, 41, '2026-04-11', 6, '242155.21', '109538.72', '0.00', '132616.49', '0.00', '0.00', '0.00', NULL, '2025-10-12 05:04:15', b'0', 3),
(211, 41, '2026-05-11', 7, '242155.21', '122683.37', '0.00', '119471.85', '0.00', '0.00', '0.00', NULL, '2025-10-12 05:04:15', b'0', 3),
(212, 41, '2026-06-11', 8, '242155.21', '137405.37', '0.00', '104749.84', '0.00', '0.00', '0.00', NULL, '2025-10-12 05:04:15', b'0', 3),
(213, 41, '2026-07-11', 9, '242155.21', '153894.01', '0.00', '88261.20', '0.00', '0.00', '0.00', NULL, '2025-10-12 05:04:15', b'0', 3),
(214, 41, '2026-08-11', 10, '242155.21', '172361.30', '0.00', '69793.92', '0.00', '0.00', '0.00', NULL, '2025-10-12 05:04:15', b'0', 3),
(215, 41, '2026-09-11', 11, '242155.21', '193044.65', '0.00', '49110.56', '0.00', '0.00', '0.00', NULL, '2025-10-12 05:04:15', b'0', 3),
(216, 41, '2026-10-11', 12, '242155.21', '216210.01', '0.00', '25945.20', '0.00', '0.00', '0.00', NULL, '2025-10-12 05:04:15', b'0', 3),
(217, 42, '2025-11-11', 1, '807184.04', '207184.04', '0.00', '600000.00', '0.00', '0.00', '0.00', NULL, '2025-10-12 05:04:15', b'0', 3),
(218, 42, '2025-12-11', 2, '807184.04', '232046.12', '0.00', '575137.92', '0.00', '0.00', '0.00', NULL, '2025-10-12 05:04:15', b'0', 3),
(219, 42, '2026-01-11', 3, '807184.04', '259891.66', '0.00', '547292.38', '0.00', '0.00', '0.00', NULL, '2025-10-12 05:04:15', b'0', 3),
(220, 42, '2026-02-11', 4, '807184.04', '291078.66', '0.00', '516105.38', '0.00', '0.00', '0.00', NULL, '2025-10-12 05:04:15', b'0', 3),
(221, 42, '2026-03-11', 5, '807184.04', '326008.09', '0.00', '481175.94', '0.00', '0.00', '0.00', NULL, '2025-10-12 05:04:15', b'0', 3),
(222, 42, '2026-04-11', 6, '807184.04', '365129.07', '0.00', '442054.97', '0.00', '0.00', '0.00', NULL, '2025-10-12 05:04:15', b'0', 3),
(223, 42, '2026-05-11', 7, '807184.04', '408944.55', '0.00', '398239.48', '0.00', '0.00', '0.00', NULL, '2025-10-12 05:04:15', b'0', 3),
(224, 42, '2026-06-11', 8, '807184.04', '458017.90', '0.00', '349166.14', '0.00', '0.00', '0.00', NULL, '2025-10-12 05:04:15', b'0', 3),
(225, 42, '2026-07-11', 9, '807184.04', '512980.05', '0.00', '294203.99', '0.00', '0.00', '0.00', NULL, '2025-10-12 05:04:15', b'0', 3),
(226, 42, '2026-08-11', 10, '807184.04', '574537.65', '0.00', '232646.38', '0.00', '0.00', '0.00', NULL, '2025-10-12 05:04:15', b'0', 3),
(227, 42, '2026-09-11', 11, '807184.04', '643482.17', '0.00', '163701.86', '0.00', '0.00', '0.00', NULL, '2025-10-12 05:04:15', b'0', 3),
(228, 42, '2026-10-11', 12, '807184.04', '720700.03', '0.00', '86484.00', '0.00', '0.00', '0.00', NULL, '2025-10-12 05:04:15', b'0', 3),
(229, 43, '2025-11-11', 1, '144000.00', '0.00', '0.00', '144000.00', '0.00', '0.00', '0.00', NULL, '2025-10-12 05:04:15', b'0', 3),
(230, 43, '2025-12-11', 2, '144000.00', '0.00', '0.00', '144000.00', '0.00', '0.00', '0.00', NULL, '2025-10-12 05:04:15', b'0', 3),
(231, 43, '2026-01-11', 3, '144000.00', '0.00', '0.00', '144000.00', '0.00', '0.00', '0.00', NULL, '2025-10-12 05:04:15', b'0', 3),
(232, 43, '2026-02-11', 4, '1344000.00', '1200000.00', '0.00', '144000.00', '0.00', '0.00', '0.00', NULL, '2025-10-12 05:04:15', b'0', 3),
(233, 44, '2025-11-11', 1, '1342237.89', '92237.89', '0.00', '1250000.00', '0.00', '0.00', '0.00', NULL, '2025-10-12 05:04:15', b'0', 3),
(234, 44, '2025-12-11', 2, '1342237.89', '115297.36', '0.00', '1226940.53', '0.00', '0.00', '0.00', NULL, '2025-10-12 05:04:15', b'0', 3),
(235, 44, '2026-01-11', 3, '1342237.89', '144121.70', '0.00', '1198116.19', '0.00', '0.00', '0.00', NULL, '2025-10-12 05:04:15', b'0', 3),
(236, 44, '2026-02-11', 4, '1342237.89', '180152.12', '0.00', '1162085.77', '0.00', '0.00', '0.00', NULL, '2025-10-12 05:04:15', b'0', 3),
(237, 44, '2026-03-11', 5, '1342237.89', '225190.15', '0.00', '1117047.74', '0.00', '0.00', '0.00', NULL, '2025-10-12 05:04:15', b'0', 3),
(238, 44, '2026-04-11', 6, '1342237.89', '281487.69', '0.00', '1060750.20', '0.00', '0.00', '0.00', NULL, '2025-10-12 05:04:15', b'0', 3),
(239, 44, '2026-05-11', 7, '1342237.89', '351859.61', '0.00', '990378.28', '0.00', '0.00', '0.00', NULL, '2025-10-12 05:04:15', b'0', 3),
(240, 44, '2026-06-11', 8, '1342237.89', '439824.51', '0.00', '902413.37', '0.00', '0.00', '0.00', NULL, '2025-10-12 05:04:15', b'0', 3),
(241, 44, '2026-07-11', 9, '1342237.89', '549780.64', '0.00', '792457.25', '0.00', '0.00', '0.00', NULL, '2025-10-12 05:04:15', b'0', 3),
(242, 44, '2026-08-11', 10, '1342237.89', '687225.80', '0.00', '655012.09', '0.00', '0.00', '0.00', NULL, '2025-10-12 05:04:15', b'0', 3),
(243, 44, '2026-09-11', 11, '1342237.89', '859032.25', '0.00', '483205.64', '0.00', '0.00', '0.00', NULL, '2025-10-12 05:04:15', b'0', 3),
(244, 44, '2026-10-11', 12, '1342237.89', '1073790.31', '0.00', '268447.58', '0.00', '0.00', '0.00', NULL, '2025-10-12 05:04:15', b'0', 3),
(245, 45, '2025-11-11', 1, '600000.00', '0.00', '0.00', '600000.00', '0.00', '0.00', '0.00', NULL, '2025-10-13 17:05:20', b'0', 3),
(246, 45, '2025-12-11', 2, '600000.00', '0.00', '0.00', '600000.00', '0.00', '0.00', '0.00', NULL, '2025-10-13 17:05:20', b'0', 3),
(247, 45, '2026-01-11', 3, '600000.00', '0.00', '0.00', '600000.00', '0.00', '0.00', '0.00', NULL, '2025-10-13 17:05:20', b'0', 3),
(248, 45, '2026-02-11', 4, '600000.00', '0.00', '0.00', '600000.00', '0.00', '0.00', '0.00', NULL, '2025-10-13 17:05:20', b'0', 3),
(249, 45, '2026-03-11', 5, '5600000.00', '5000000.00', '0.00', '600000.00', '0.00', '0.00', '0.00', NULL, '2025-10-12 05:04:15', b'0', 3),
(250, 46, '2025-11-11', 1, '3090596.99', '2940596.99', '0.00', '150000.00', '0.00', '0.00', '0.00', NULL, '2025-10-13 17:05:20', b'0', 3),
(251, 46, '2025-12-11', 2, '3090596.99', '2970002.96', '0.00', '120594.03', '0.00', '0.00', '0.00', NULL, '2025-10-13 17:05:20', b'0', 3),
(252, 46, '2026-01-11', 3, '3090596.99', '2999702.99', '0.00', '90894.00', '0.00', '0.00', '0.00', NULL, '2025-10-13 17:05:20', b'0', 3),
(253, 46, '2026-02-11', 4, '3090596.99', '3029700.02', '0.00', '60896.97', '0.00', '0.00', '0.00', NULL, '2025-10-13 17:05:20', b'0', 3),
(254, 46, '2026-03-11', 5, '3090596.99', '3059997.02', '0.00', '30599.97', '0.00', '0.00', '0.00', NULL, '2025-10-12 05:04:15', b'0', 3),
(255, 47, '2025-11-12', 1, '1467633.15', '467633.15', '0.00', '1000000.00', '0.00', '0.00', '0.00', NULL, '2025-10-13 17:05:20', b'0', 3),
(256, 47, '2025-12-12', 2, '1467633.15', '514396.47', '0.00', '953236.68', '0.00', '0.00', '0.00', NULL, '2025-10-13 17:05:20', b'0', 3),
(257, 47, '2026-01-12', 3, '1467633.15', '565836.11', '0.00', '901797.04', '0.00', '0.00', '0.00', NULL, '2025-10-13 17:05:20', b'0', 3),
(258, 47, '2026-02-12', 4, '1467633.15', '622419.72', '0.00', '845213.43', '0.00', '0.00', '0.00', NULL, '2025-10-13 17:05:20', b'0', 3),
(259, 47, '2026-03-12', 5, '1467633.15', '684661.70', '0.00', '782971.45', '0.00', '0.00', '0.00', NULL, '2025-10-13 17:05:20', b'0', 3),
(260, 47, '2026-04-12', 6, '1467633.15', '753127.87', '0.00', '714505.28', '0.00', '0.00', '0.00', NULL, '2025-10-13 17:05:20', b'0', 3),
(261, 47, '2026-05-12', 7, '1467633.15', '828440.65', '0.00', '639192.50', '0.00', '0.00', '0.00', NULL, '2025-10-13 17:05:20', b'0', 3),
(262, 47, '2026-06-12', 8, '1467633.15', '911284.72', '0.00', '556348.43', '0.00', '0.00', '0.00', NULL, '2025-10-13 17:05:20', b'0', 3),
(263, 47, '2026-07-12', 9, '1467633.15', '1002413.19', '0.00', '465219.96', '0.00', '0.00', '0.00', NULL, '2025-10-13 17:05:20', b'0', 3),
(264, 47, '2026-08-12', 10, '1467633.15', '1102654.51', '0.00', '364978.64', '0.00', '0.00', '0.00', NULL, '2025-10-13 17:05:20', b'0', 3),
(265, 47, '2026-09-12', 11, '1467633.15', '1212919.96', '0.00', '254713.19', '0.00', '0.00', '0.00', NULL, '2025-10-13 17:05:20', b'0', 3),
(266, 47, '2026-10-12', 12, '1467633.15', '1334211.96', '0.00', '133421.20', '0.00', '0.00', '0.00', NULL, '2025-10-12 05:04:15', b'0', 3),
(267, 48, '2025-11-12', 1, '1387048.66', '787048.66', '0.00', '600000.00', '0.00', '0.00', '0.00', NULL, '2025-10-13 17:05:20', b'0', 3),
(268, 48, '2025-12-12', 2, '1387048.66', '881494.50', '0.00', '505554.16', '0.00', '0.00', '0.00', NULL, '2025-10-13 17:05:20', b'0', 3),
(269, 48, '2026-01-12', 3, '1387048.66', '987273.84', '0.00', '399774.82', '0.00', '0.00', '0.00', NULL, '2025-10-13 17:05:20', b'0', 3),
(270, 48, '2026-02-12', 4, '1387048.66', '1105746.70', '0.00', '281301.96', '0.00', '0.00', '0.00', NULL, '2025-10-13 17:05:20', b'0', 3),
(271, 48, '2026-03-12', 5, '1387048.66', '1238436.30', '0.00', '148612.36', '0.00', '0.00', '0.00', NULL, '2025-10-12 05:04:15', b'0', 3),
(272, 49, '2025-11-12', 1, '1950000.00', '375000.00', '0.00', '1575000.00', '0.00', '0.00', '0.00', NULL, '2025-10-13 17:05:20', b'0', 3),
(273, 49, '2025-12-12', 2, '1818750.00', '375000.00', '0.00', '1443750.00', '0.00', '0.00', '0.00', NULL, '2025-10-13 17:05:20', b'0', 3),
(274, 49, '2026-01-12', 3, '1687500.00', '375000.00', '0.00', '1312500.00', '0.00', '0.00', '0.00', NULL, '2025-10-13 17:05:20', b'0', 3),
(275, 49, '2026-02-12', 4, '1556250.00', '375000.00', '0.00', '1181250.00', '0.00', '0.00', '0.00', NULL, '2025-10-13 17:05:20', b'0', 3),
(276, 49, '2026-03-12', 5, '1425000.00', '375000.00', '0.00', '1050000.00', '0.00', '0.00', '0.00', NULL, '2025-10-13 17:05:20', b'0', 3),
(277, 49, '2026-04-12', 6, '1293750.00', '375000.00', '0.00', '918750.00', '0.00', '0.00', '0.00', NULL, '2025-10-13 17:05:20', b'0', 3),
(278, 49, '2026-05-12', 7, '1162500.00', '375000.00', '0.00', '787500.00', '0.00', '0.00', '0.00', NULL, '2025-10-13 17:05:20', b'0', 3),
(279, 49, '2026-06-12', 8, '1031250.00', '375000.00', '0.00', '656250.00', '0.00', '0.00', '0.00', NULL, '2025-10-13 17:05:20', b'0', 3),
(280, 49, '2026-07-12', 9, '900000.00', '375000.00', '0.00', '525000.00', '0.00', '0.00', '0.00', NULL, '2025-10-13 17:05:20', b'0', 3),
(281, 49, '2026-08-12', 10, '768750.00', '375000.00', '0.00', '393750.00', '0.00', '0.00', '0.00', NULL, '2025-10-13 17:05:20', b'0', 3),
(282, 49, '2026-09-12', 11, '637500.00', '375000.00', '0.00', '262500.00', '0.00', '0.00', '0.00', NULL, '2025-10-13 17:05:20', b'0', 3),
(283, 49, '2026-10-12', 12, '506250.00', '375000.00', '0.00', '131250.00', '0.00', '0.00', '0.00', NULL, '2025-10-12 05:04:15', b'0', 3),
(284, 50, '2025-10-13', 1, '1250000.00', '0.00', '0.00', '1250000.00', '0.00', '0.00', '0.00', NULL, '2025-10-13 17:05:20', b'0', 3),
(285, 50, '2025-10-14', 2, '1250000.00', '0.00', '0.00', '1250000.00', '0.00', '0.00', '0.00', NULL, '2025-10-13 17:05:20', b'0', 3),
(286, 50, '2025-10-15', 3, '1250000.00', '0.00', '0.00', '1250000.00', '0.00', '0.00', '0.00', NULL, '2025-10-13 17:05:20', b'0', 3),
(287, 50, '2025-10-16', 4, '1250000.00', '0.00', '0.00', '1250000.00', '0.00', '0.00', '0.00', NULL, '2025-10-13 17:05:20', b'0', 3),
(288, 50, '2025-10-17', 5, '1250000.00', '0.00', '0.00', '1250000.00', '0.00', '0.00', '0.00', NULL, '2025-10-13 17:05:20', b'0', 3),
(289, 50, '2025-10-18', 6, '1250000.00', '0.00', '0.00', '1250000.00', '0.00', '0.00', '0.00', NULL, '2025-10-13 17:05:20', b'0', 3),
(290, 50, '2025-10-19', 7, '1250000.00', '0.00', '0.00', '1250000.00', '0.00', '0.00', '0.00', NULL, '2025-10-13 17:05:20', b'0', 3),
(291, 50, '2025-10-20', 8, '1250000.00', '0.00', '0.00', '1250000.00', '0.00', '0.00', '0.00', NULL, '2025-10-13 17:05:20', b'0', 3),
(292, 50, '2025-10-21', 9, '1250000.00', '0.00', '0.00', '1250000.00', '0.00', '0.00', '0.00', NULL, '2025-10-13 17:05:20', b'0', 3),
(293, 50, '2025-10-22', 10, '1250000.00', '0.00', '0.00', '1250000.00', '0.00', '0.00', '0.00', NULL, '2025-10-13 17:05:20', b'0', 3),
(294, 50, '2025-10-23', 11, '1250000.00', '0.00', '0.00', '1250000.00', '0.00', '0.00', '0.00', NULL, '2025-10-13 17:05:20', b'0', 3),
(295, 50, '2025-10-24', 12, '1250000.00', '0.00', '0.00', '1250000.00', '0.00', '0.00', '0.00', NULL, '2025-10-13 17:05:20', b'0', 3),
(296, 50, '2025-10-25', 13, '1250000.00', '0.00', '0.00', '1250000.00', '0.00', '0.00', '0.00', NULL, '2025-10-13 17:05:20', b'0', 3),
(297, 50, '2025-10-26', 14, '1250000.00', '0.00', '0.00', '1250000.00', '0.00', '0.00', '0.00', NULL, '2025-10-13 17:05:20', b'0', 3),
(298, 50, '2025-10-27', 15, '1250000.00', '0.00', '0.00', '1250000.00', '0.00', '0.00', '0.00', NULL, '2025-10-13 17:05:20', b'0', 3),
(299, 50, '2025-10-28', 16, '1250000.00', '0.00', '0.00', '1250000.00', '0.00', '0.00', '0.00', NULL, '2025-10-13 17:05:20', b'0', 3),
(300, 50, '2025-10-29', 17, '1250000.00', '0.00', '0.00', '1250000.00', '0.00', '0.00', '0.00', NULL, '2025-10-13 17:05:20', b'0', 3),
(301, 50, '2025-10-30', 18, '1250000.00', '0.00', '0.00', '1250000.00', '0.00', '0.00', '0.00', NULL, '2025-10-13 17:05:20', b'0', 3),
(302, 50, '2025-10-31', 19, '1250000.00', '0.00', '0.00', '1250000.00', '0.00', '0.00', '0.00', NULL, '2025-10-13 17:05:20', b'0', 3),
(303, 50, '2025-11-01', 20, '1250000.00', '0.00', '0.00', '1250000.00', '0.00', '0.00', '0.00', NULL, '2025-10-13 17:05:20', b'0', 3),
(304, 50, '2025-11-02', 21, '1250000.00', '0.00', '0.00', '1250000.00', '0.00', '0.00', '0.00', NULL, '2025-10-13 17:05:20', b'0', 3),
(305, 50, '2025-11-03', 22, '1250000.00', '0.00', '0.00', '1250000.00', '0.00', '0.00', '0.00', NULL, '2025-10-13 17:05:20', b'0', 3),
(306, 50, '2025-11-04', 23, '1250000.00', '0.00', '0.00', '1250000.00', '0.00', '0.00', '0.00', NULL, '2025-10-13 17:05:20', b'0', 3),
(307, 50, '2025-11-05', 24, '1250000.00', '0.00', '0.00', '1250000.00', '0.00', '0.00', '0.00', NULL, '2025-10-13 17:05:20', b'0', 3),
(308, 50, '2025-11-06', 25, '1250000.00', '0.00', '0.00', '1250000.00', '0.00', '0.00', '0.00', NULL, '2025-10-13 17:05:20', b'0', 3),
(309, 50, '2025-11-07', 26, '1250000.00', '0.00', '0.00', '1250000.00', '0.00', '0.00', '0.00', NULL, '2025-10-13 17:05:20', b'0', 3),
(310, 50, '2025-11-08', 27, '1250000.00', '0.00', '0.00', '1250000.00', '0.00', '0.00', '0.00', NULL, '2025-10-13 17:05:20', b'0', 3),
(311, 50, '2025-11-09', 28, '1250000.00', '0.00', '0.00', '1250000.00', '0.00', '0.00', '0.00', NULL, '2025-10-13 17:05:20', b'0', 3),
(312, 50, '2025-11-10', 29, '1250000.00', '0.00', '0.00', '1250000.00', '0.00', '0.00', '0.00', NULL, '2025-10-13 17:05:20', b'0', 3),
(313, 50, '2025-11-11', 30, '1250000.00', '0.00', '0.00', '1250000.00', '0.00', '0.00', '0.00', NULL, '2025-10-13 17:05:20', b'0', 3),
(314, 50, '2025-11-12', 31, '1250000.00', '0.00', '0.00', '1250000.00', '0.00', '0.00', '0.00', NULL, '2025-10-13 17:05:20', b'0', 3),
(315, 50, '2025-11-13', 32, '1250000.00', '0.00', '0.00', '1250000.00', '0.00', '0.00', '0.00', NULL, '2025-10-13 17:05:20', b'0', 3),
(316, 50, '2025-11-14', 33, '1250000.00', '0.00', '0.00', '1250000.00', '0.00', '0.00', '0.00', NULL, '2025-10-13 17:05:20', b'0', 3),
(317, 50, '2025-11-15', 34, '1250000.00', '0.00', '0.00', '1250000.00', '0.00', '0.00', '0.00', NULL, '2025-10-13 17:05:20', b'0', 3),
(318, 50, '2025-11-16', 35, '1250000.00', '0.00', '0.00', '1250000.00', '0.00', '0.00', '0.00', NULL, '2025-10-13 17:05:20', b'0', 3),
(319, 50, '2025-11-17', 36, '1250000.00', '0.00', '0.00', '1250000.00', '0.00', '0.00', '0.00', NULL, '2025-10-13 17:05:20', b'0', 3),
(320, 50, '2025-11-18', 37, '1250000.00', '0.00', '0.00', '1250000.00', '0.00', '0.00', '0.00', NULL, '2025-10-13 17:05:20', b'0', 3),
(321, 50, '2025-11-19', 38, '1250000.00', '0.00', '0.00', '1250000.00', '0.00', '0.00', '0.00', NULL, '2025-10-13 17:05:20', b'0', 3),
(322, 50, '2025-11-20', 39, '1250000.00', '0.00', '0.00', '1250000.00', '0.00', '0.00', '0.00', NULL, '2025-10-13 17:05:20', b'0', 3),
(323, 50, '2025-11-21', 40, '1250000.00', '0.00', '0.00', '1250000.00', '0.00', '0.00', '0.00', NULL, '2025-10-13 17:05:20', b'0', 3),
(324, 50, '2025-11-22', 41, '1250000.00', '0.00', '0.00', '1250000.00', '0.00', '0.00', '0.00', NULL, '2025-10-13 17:05:20', b'0', 3),
(325, 50, '2025-11-23', 42, '1250000.00', '0.00', '0.00', '1250000.00', '0.00', '0.00', '0.00', NULL, '2025-10-13 17:05:20', b'0', 3),
(326, 50, '2025-11-24', 43, '1250000.00', '0.00', '0.00', '1250000.00', '0.00', '0.00', '0.00', NULL, '2025-10-13 17:05:20', b'0', 3),
(327, 50, '2025-11-25', 44, '1250000.00', '0.00', '0.00', '1250000.00', '0.00', '0.00', '0.00', NULL, '2025-10-13 17:05:20', b'0', 3),
(328, 50, '2025-11-26', 45, '1250000.00', '0.00', '0.00', '1250000.00', '0.00', '0.00', '0.00', NULL, '2025-10-13 17:05:20', b'0', 3),
(329, 50, '2025-11-27', 46, '1250000.00', '0.00', '0.00', '1250000.00', '0.00', '0.00', '0.00', NULL, '2025-10-13 17:05:20', b'0', 3),
(330, 50, '2025-11-28', 47, '1250000.00', '0.00', '0.00', '1250000.00', '0.00', '0.00', '0.00', NULL, '2025-10-13 17:05:20', b'0', 3),
(331, 50, '2025-11-29', 48, '1250000.00', '0.00', '0.00', '1250000.00', '0.00', '0.00', '0.00', NULL, '2025-10-13 17:05:20', b'0', 3),
(332, 50, '2025-11-30', 49, '1250000.00', '0.00', '0.00', '1250000.00', '0.00', '0.00', '0.00', NULL, '2025-10-13 17:05:20', b'0', 3),
(333, 50, '2025-12-01', 50, '1250000.00', '0.00', '0.00', '1250000.00', '0.00', '0.00', '0.00', NULL, '2025-10-13 17:05:20', b'0', 3),
(334, 50, '2025-12-02', 51, '1250000.00', '0.00', '0.00', '1250000.00', '0.00', '0.00', '0.00', NULL, '2025-10-13 17:05:20', b'0', 3),
(335, 50, '2025-12-03', 52, '1250000.00', '0.00', '0.00', '1250000.00', '0.00', '0.00', '0.00', NULL, '2025-10-13 17:05:20', b'0', 3),
(336, 50, '2025-12-04', 53, '1250000.00', '0.00', '0.00', '1250000.00', '0.00', '0.00', '0.00', NULL, '2025-10-13 17:05:20', b'0', 3),
(337, 50, '2025-12-05', 54, '1250000.00', '0.00', '0.00', '1250000.00', '0.00', '0.00', '0.00', NULL, '2025-10-13 17:05:20', b'0', 3),
(338, 50, '2025-12-06', 55, '1250000.00', '0.00', '0.00', '1250000.00', '0.00', '0.00', '0.00', NULL, '2025-10-13 17:05:20', b'0', 3),
(339, 50, '2025-12-07', 56, '1250000.00', '0.00', '0.00', '1250000.00', '0.00', '0.00', '0.00', NULL, '2025-10-13 17:05:20', b'0', 3),
(340, 50, '2025-12-08', 57, '1250000.00', '0.00', '0.00', '1250000.00', '0.00', '0.00', '0.00', NULL, '2025-10-13 17:05:20', b'0', 3),
(341, 50, '2025-12-09', 58, '1250000.00', '0.00', '0.00', '1250000.00', '0.00', '0.00', '0.00', NULL, '2025-10-13 17:05:20', b'0', 3),
(342, 50, '2025-12-10', 59, '1250000.00', '0.00', '0.00', '1250000.00', '0.00', '0.00', '0.00', NULL, '2025-10-13 17:05:20', b'0', 3),
(343, 50, '2025-12-11', 60, '1250000.00', '0.00', '0.00', '1250000.00', '0.00', '0.00', '0.00', NULL, '2025-10-13 17:05:20', b'0', 3),
(344, 50, '2025-12-12', 61, '1250000.00', '0.00', '0.00', '1250000.00', '0.00', '0.00', '0.00', NULL, '2025-10-13 17:05:20', b'0', 3),
(345, 50, '2025-12-13', 62, '1250000.00', '0.00', '0.00', '1250000.00', '0.00', '0.00', '0.00', NULL, '2025-10-13 17:05:20', b'0', 3),
(346, 50, '2025-12-14', 63, '1250000.00', '0.00', '0.00', '1250000.00', '0.00', '0.00', '0.00', NULL, '2025-10-13 17:05:20', b'0', 3),
(347, 50, '2025-12-15', 64, '1250000.00', '0.00', '0.00', '1250000.00', '0.00', '0.00', '0.00', NULL, '2025-10-13 17:05:20', b'0', 3),
(348, 50, '2025-12-16', 65, '1250000.00', '0.00', '0.00', '1250000.00', '0.00', '0.00', '0.00', NULL, '2025-10-13 17:05:20', b'0', 3),
(349, 50, '2025-12-17', 66, '1250000.00', '0.00', '0.00', '1250000.00', '0.00', '0.00', '0.00', NULL, '2025-10-13 17:05:20', b'0', 3),
(350, 50, '2025-12-18', 67, '1250000.00', '0.00', '0.00', '1250000.00', '0.00', '0.00', '0.00', NULL, '2025-10-13 17:05:20', b'0', 3),
(351, 50, '2025-12-19', 68, '1250000.00', '0.00', '0.00', '1250000.00', '0.00', '0.00', '0.00', NULL, '2025-10-13 17:05:20', b'0', 3),
(352, 50, '2025-12-20', 69, '1250000.00', '0.00', '0.00', '1250000.00', '0.00', '0.00', '0.00', NULL, '2025-10-13 17:05:20', b'0', 3),
(353, 50, '2025-12-21', 70, '1250000.00', '0.00', '0.00', '1250000.00', '0.00', '0.00', '0.00', NULL, '2025-10-13 17:05:20', b'0', 3),
(354, 50, '2025-12-22', 71, '1250000.00', '0.00', '0.00', '1250000.00', '0.00', '0.00', '0.00', NULL, '2025-10-13 17:05:20', b'0', 3),
(355, 50, '2025-12-23', 72, '1250000.00', '0.00', '0.00', '1250000.00', '0.00', '0.00', '0.00', NULL, '2025-10-13 17:05:20', b'0', 3),
(356, 50, '2025-12-24', 73, '1250000.00', '0.00', '0.00', '1250000.00', '0.00', '0.00', '0.00', NULL, '2025-10-13 17:05:20', b'0', 3),
(357, 50, '2025-12-25', 74, '1250000.00', '0.00', '0.00', '1250000.00', '0.00', '0.00', '0.00', NULL, '2025-10-13 17:05:20', b'0', 3),
(358, 50, '2025-12-26', 75, '1250000.00', '0.00', '0.00', '1250000.00', '0.00', '0.00', '0.00', NULL, '2025-10-13 17:05:20', b'0', 3),
(359, 50, '2025-12-27', 76, '1250000.00', '0.00', '0.00', '1250000.00', '0.00', '0.00', '0.00', NULL, '2025-10-13 17:05:20', b'0', 3),
(360, 50, '2025-12-28', 77, '1250000.00', '0.00', '0.00', '1250000.00', '0.00', '0.00', '0.00', NULL, '2025-10-13 17:05:20', b'0', 3),
(361, 50, '2025-12-29', 78, '1250000.00', '0.00', '0.00', '1250000.00', '0.00', '0.00', '0.00', NULL, '2025-10-13 17:05:20', b'0', 3),
(362, 50, '2025-12-30', 79, '1250000.00', '0.00', '0.00', '1250000.00', '0.00', '0.00', '0.00', NULL, '2025-10-13 17:05:20', b'0', 3),
(363, 50, '2025-12-31', 80, '1250000.00', '0.00', '0.00', '1250000.00', '0.00', '0.00', '0.00', NULL, '2025-10-13 17:05:20', b'0', 3),
(364, 50, '2026-01-01', 81, '1250000.00', '0.00', '0.00', '1250000.00', '0.00', '0.00', '0.00', NULL, '2025-10-13 17:05:20', b'0', 3),
(365, 50, '2026-01-02', 82, '1250000.00', '0.00', '0.00', '1250000.00', '0.00', '0.00', '0.00', NULL, '2025-10-13 17:05:20', b'0', 3),
(366, 50, '2026-01-03', 83, '1250000.00', '0.00', '0.00', '1250000.00', '0.00', '0.00', '0.00', NULL, '2025-10-13 17:05:20', b'0', 3),
(367, 50, '2026-01-04', 84, '1250000.00', '0.00', '0.00', '1250000.00', '0.00', '0.00', '0.00', NULL, '2025-10-13 17:05:20', b'0', 3),
(368, 50, '2026-01-05', 85, '1250000.00', '0.00', '0.00', '1250000.00', '0.00', '0.00', '0.00', NULL, '2025-10-13 17:05:20', b'0', 3),
(369, 50, '2026-01-06', 86, '1250000.00', '0.00', '0.00', '1250000.00', '0.00', '0.00', '0.00', NULL, '2025-10-13 17:05:20', b'0', 3),
(370, 50, '2026-01-07', 87, '1250000.00', '0.00', '0.00', '1250000.00', '0.00', '0.00', '0.00', NULL, '2025-10-13 17:05:20', b'0', 3),
(371, 50, '2026-01-08', 88, '1250000.00', '0.00', '0.00', '1250000.00', '0.00', '0.00', '0.00', NULL, '2025-10-13 17:05:20', b'0', 3),
(372, 50, '2026-01-09', 89, '1250000.00', '0.00', '0.00', '1250000.00', '0.00', '0.00', '0.00', NULL, '2025-10-13 17:05:20', b'0', 3),
(373, 50, '2026-01-10', 90, '1250000.00', '0.00', '0.00', '1250000.00', '0.00', '0.00', '0.00', NULL, '2025-10-13 17:05:20', b'0', 3),
(374, 50, '2026-01-11', 91, '1250000.00', '0.00', '0.00', '1250000.00', '0.00', '0.00', '0.00', NULL, '2025-10-13 17:05:20', b'0', 3),
(375, 50, '2026-01-12', 92, '1250000.00', '0.00', '0.00', '1250000.00', '0.00', '0.00', '0.00', NULL, '2025-10-13 17:05:20', b'0', 3),
(376, 50, '2026-01-13', 93, '1250000.00', '0.00', '0.00', '1250000.00', '0.00', '0.00', '0.00', NULL, '2025-10-13 17:05:20', b'0', 3),
(377, 50, '2026-01-14', 94, '1250000.00', '0.00', '0.00', '1250000.00', '0.00', '0.00', '0.00', NULL, '2025-10-13 17:05:20', b'0', 3),
(378, 50, '2026-01-15', 95, '1250000.00', '0.00', '0.00', '1250000.00', '0.00', '0.00', '0.00', NULL, '2025-10-13 17:05:20', b'0', 3),
(379, 50, '2026-01-16', 96, '1250000.00', '0.00', '0.00', '1250000.00', '0.00', '0.00', '0.00', NULL, '2025-10-13 17:05:20', b'0', 3),
(380, 50, '2026-01-17', 97, '1250000.00', '0.00', '0.00', '1250000.00', '0.00', '0.00', '0.00', NULL, '2025-10-13 17:05:20', b'0', 3),
(381, 50, '2026-01-18', 98, '1250000.00', '0.00', '0.00', '1250000.00', '0.00', '0.00', '0.00', NULL, '2025-10-13 17:05:20', b'0', 3),
(382, 50, '2026-01-19', 99, '1250000.00', '0.00', '0.00', '1250000.00', '0.00', '0.00', '0.00', NULL, '2025-10-13 17:05:20', b'0', 3),
(383, 50, '2026-01-20', 100, '1250000.00', '0.00', '0.00', '1250000.00', '0.00', '0.00', '0.00', NULL, '2025-10-13 17:05:20', b'0', 3),
(384, 50, '2026-01-21', 101, '1250000.00', '0.00', '0.00', '1250000.00', '0.00', '0.00', '0.00', NULL, '2025-10-13 17:05:20', b'0', 3),
(385, 50, '2026-01-22', 102, '1250000.00', '0.00', '0.00', '1250000.00', '0.00', '0.00', '0.00', NULL, '2025-10-13 17:05:20', b'0', 3),
(386, 50, '2026-01-23', 103, '1250000.00', '0.00', '0.00', '1250000.00', '0.00', '0.00', '0.00', NULL, '2025-10-13 17:05:20', b'0', 3),
(387, 50, '2026-01-24', 104, '1250000.00', '0.00', '0.00', '1250000.00', '0.00', '0.00', '0.00', NULL, '2025-10-13 17:05:20', b'0', 3),
(388, 50, '2026-01-25', 105, '1250000.00', '0.00', '0.00', '1250000.00', '0.00', '0.00', '0.00', NULL, '2025-10-13 17:05:20', b'0', 3),
(389, 50, '2026-01-26', 106, '1250000.00', '0.00', '0.00', '1250000.00', '0.00', '0.00', '0.00', NULL, '2025-10-13 17:05:20', b'0', 3),
(390, 50, '2026-01-27', 107, '1250000.00', '0.00', '0.00', '1250000.00', '0.00', '0.00', '0.00', NULL, '2025-10-13 17:05:20', b'0', 3),
(391, 50, '2026-01-28', 108, '1250000.00', '0.00', '0.00', '1250000.00', '0.00', '0.00', '0.00', NULL, '2025-10-13 17:05:20', b'0', 3),
(392, 50, '2026-01-29', 109, '1250000.00', '0.00', '0.00', '1250000.00', '0.00', '0.00', '0.00', NULL, '2025-10-13 17:05:20', b'0', 3),
(393, 50, '2026-01-30', 110, '1250000.00', '0.00', '0.00', '1250000.00', '0.00', '0.00', '0.00', NULL, '2025-10-13 17:05:20', b'0', 3),
(394, 50, '2026-01-31', 111, '1250000.00', '0.00', '0.00', '1250000.00', '0.00', '0.00', '0.00', NULL, '2025-10-13 17:05:20', b'0', 3),
(395, 50, '2026-02-01', 112, '1250000.00', '0.00', '0.00', '1250000.00', '0.00', '0.00', '0.00', NULL, '2025-10-13 17:05:20', b'0', 3),
(396, 50, '2026-02-02', 113, '1250000.00', '0.00', '0.00', '1250000.00', '0.00', '0.00', '0.00', NULL, '2025-10-13 17:05:20', b'0', 3),
(397, 50, '2026-02-03', 114, '1250000.00', '0.00', '0.00', '1250000.00', '0.00', '0.00', '0.00', NULL, '2025-10-13 17:05:20', b'0', 3),
(398, 50, '2026-02-04', 115, '1250000.00', '0.00', '0.00', '1250000.00', '0.00', '0.00', '0.00', NULL, '2025-10-13 17:05:20', b'0', 3),
(399, 50, '2026-02-05', 116, '1250000.00', '0.00', '0.00', '1250000.00', '0.00', '0.00', '0.00', NULL, '2025-10-13 17:05:20', b'0', 3),
(400, 50, '2026-02-06', 117, '1250000.00', '0.00', '0.00', '1250000.00', '0.00', '0.00', '0.00', NULL, '2025-10-13 17:05:20', b'0', 3),
(401, 50, '2026-02-07', 118, '1250000.00', '0.00', '0.00', '1250000.00', '0.00', '0.00', '0.00', NULL, '2025-10-13 17:05:20', b'0', 3),
(402, 50, '2026-02-08', 119, '1250000.00', '0.00', '0.00', '1250000.00', '0.00', '0.00', '0.00', NULL, '2025-10-13 17:05:20', b'0', 3),
(403, 50, '2026-02-09', 120, '1250000.00', '0.00', '0.00', '1250000.00', '0.00', '0.00', '0.00', NULL, '2025-10-13 17:05:20', b'0', 3),
(404, 50, '2026-02-10', 121, '1250000.00', '0.00', '0.00', '1250000.00', '0.00', '0.00', '0.00', NULL, '2025-10-13 17:05:20', b'0', 3),
(405, 50, '2026-02-11', 122, '1250000.00', '0.00', '0.00', '1250000.00', '0.00', '0.00', '0.00', NULL, '2025-10-13 17:05:20', b'0', 3),
(406, 50, '2026-02-12', 123, '1250000.00', '0.00', '0.00', '1250000.00', '0.00', '0.00', '0.00', NULL, '2025-10-13 17:05:20', b'0', 3),
(407, 50, '2026-02-13', 124, '1250000.00', '0.00', '0.00', '1250000.00', '0.00', '0.00', '0.00', NULL, '2025-10-13 17:05:20', b'0', 3),
(408, 50, '2026-02-14', 125, '1250000.00', '0.00', '0.00', '1250000.00', '0.00', '0.00', '0.00', NULL, '2025-10-13 17:05:20', b'0', 3),
(409, 50, '2026-02-15', 126, '1250000.00', '0.00', '0.00', '1250000.00', '0.00', '0.00', '0.00', NULL, '2025-10-13 17:05:20', b'0', 3),
(410, 50, '2026-02-16', 127, '1250000.00', '0.00', '0.00', '1250000.00', '0.00', '0.00', '0.00', NULL, '2025-10-13 17:05:20', b'0', 3),
(411, 50, '2026-02-17', 128, '1250000.00', '0.00', '0.00', '1250000.00', '0.00', '0.00', '0.00', NULL, '2025-10-13 17:05:20', b'0', 3),
(412, 50, '2026-02-18', 129, '1250000.00', '0.00', '0.00', '1250000.00', '0.00', '0.00', '0.00', NULL, '2025-10-13 17:05:20', b'0', 3),
(413, 50, '2026-02-19', 130, '1250000.00', '0.00', '0.00', '1250000.00', '0.00', '0.00', '0.00', NULL, '2025-10-13 17:05:20', b'0', 3),
(414, 50, '2026-02-20', 131, '1250000.00', '0.00', '0.00', '1250000.00', '0.00', '0.00', '0.00', NULL, '2025-10-13 17:05:20', b'0', 3),
(415, 50, '2026-02-21', 132, '1250000.00', '0.00', '0.00', '1250000.00', '0.00', '0.00', '0.00', NULL, '2025-10-13 17:05:20', b'0', 3),
(416, 50, '2026-02-22', 133, '1250000.00', '0.00', '0.00', '1250000.00', '0.00', '0.00', '0.00', NULL, '2025-10-13 17:05:20', b'0', 3),
(417, 50, '2026-02-23', 134, '1250000.00', '0.00', '0.00', '1250000.00', '0.00', '0.00', '0.00', NULL, '2025-10-13 17:05:20', b'0', 3);
INSERT INTO `loan_items` (`id`, `loan_id`, `date`, `num_quota`, `fee_amount`, `capital_amount`, `capital_paid`, `interest_amount`, `interest_paid`, `balance`, `extra_payment`, `payment_desc`, `pay_date`, `status`, `paid_by`) VALUES
(418, 50, '2026-02-24', 135, '1250000.00', '0.00', '0.00', '1250000.00', '0.00', '0.00', '0.00', NULL, '2025-10-13 17:05:20', b'0', 3),
(419, 50, '2026-02-25', 136, '1250000.00', '0.00', '0.00', '1250000.00', '0.00', '0.00', '0.00', NULL, '2025-10-13 17:05:20', b'0', 3),
(420, 50, '2026-02-26', 137, '1250000.00', '0.00', '0.00', '1250000.00', '0.00', '0.00', '0.00', NULL, '2025-10-13 17:05:20', b'0', 3),
(421, 50, '2026-02-27', 138, '1250000.00', '0.00', '0.00', '1250000.00', '0.00', '0.00', '0.00', NULL, '2025-10-13 17:05:20', b'0', 3),
(422, 50, '2026-02-28', 139, '1250000.00', '0.00', '0.00', '1250000.00', '0.00', '0.00', '0.00', NULL, '2025-10-13 17:05:20', b'0', 3),
(423, 50, '2026-03-01', 140, '1250000.00', '0.00', '0.00', '1250000.00', '0.00', '0.00', '0.00', NULL, '2025-10-13 17:05:20', b'0', 3),
(424, 50, '2026-03-02', 141, '1250000.00', '0.00', '0.00', '1250000.00', '0.00', '0.00', '0.00', NULL, '2025-10-13 17:05:20', b'0', 3),
(425, 50, '2026-03-03', 142, '1250000.00', '0.00', '0.00', '1250000.00', '0.00', '0.00', '0.00', NULL, '2025-10-13 17:05:20', b'0', 3),
(426, 50, '2026-03-04', 143, '1250000.00', '0.00', '0.00', '1250000.00', '0.00', '0.00', '0.00', NULL, '2025-10-13 17:05:20', b'0', 3),
(427, 50, '2026-03-05', 144, '1250000.00', '0.00', '0.00', '1250000.00', '0.00', '0.00', '0.00', NULL, '2025-10-13 17:05:20', b'0', 3),
(428, 50, '2026-03-06', 145, '1250000.00', '0.00', '0.00', '1250000.00', '0.00', '0.00', '0.00', NULL, '2025-10-13 17:05:20', b'0', 3),
(429, 50, '2026-03-07', 146, '1250000.00', '0.00', '0.00', '1250000.00', '0.00', '0.00', '0.00', NULL, '2025-10-13 17:05:20', b'0', 3),
(430, 50, '2026-03-08', 147, '1250000.00', '0.00', '0.00', '1250000.00', '0.00', '0.00', '0.00', NULL, '2025-10-13 17:05:20', b'0', 3),
(431, 50, '2026-03-09', 148, '1250000.00', '0.00', '0.00', '1250000.00', '0.00', '0.00', '0.00', NULL, '2025-10-13 17:05:20', b'0', 3),
(432, 50, '2026-03-10', 149, '1250000.00', '0.00', '0.00', '1250000.00', '0.00', '0.00', '0.00', NULL, '2025-10-13 17:05:20', b'0', 3),
(433, 50, '2026-03-11', 150, '1250000.00', '0.00', '0.00', '1250000.00', '0.00', '0.00', '0.00', NULL, '2025-10-13 17:05:20', b'0', 3),
(434, 50, '2026-03-12', 151, '1250000.00', '0.00', '0.00', '1250000.00', '0.00', '0.00', '0.00', NULL, '2025-10-13 17:05:20', b'0', 3),
(435, 50, '2026-03-13', 152, '1250000.00', '0.00', '0.00', '1250000.00', '0.00', '0.00', '0.00', NULL, '2025-10-13 17:05:20', b'0', 3),
(436, 50, '2026-03-14', 153, '1250000.00', '0.00', '0.00', '1250000.00', '0.00', '0.00', '0.00', NULL, '2025-10-13 17:05:20', b'0', 3),
(437, 50, '2026-03-15', 154, '1250000.00', '0.00', '0.00', '1250000.00', '0.00', '0.00', '0.00', NULL, '2025-10-13 17:05:20', b'0', 3),
(438, 50, '2026-03-16', 155, '1250000.00', '0.00', '0.00', '1250000.00', '0.00', '0.00', '0.00', NULL, '2025-10-13 17:05:20', b'0', 3),
(439, 50, '2026-03-17', 156, '1250000.00', '0.00', '0.00', '1250000.00', '0.00', '0.00', '0.00', NULL, '2025-10-13 17:05:20', b'0', 3),
(440, 50, '2026-03-18', 157, '1250000.00', '0.00', '0.00', '1250000.00', '0.00', '0.00', '0.00', NULL, '2025-10-13 17:05:20', b'0', 3),
(441, 50, '2026-03-19', 158, '1250000.00', '0.00', '0.00', '1250000.00', '0.00', '0.00', '0.00', NULL, '2025-10-13 17:05:20', b'0', 3),
(442, 50, '2026-03-20', 159, '1250000.00', '0.00', '0.00', '1250000.00', '0.00', '0.00', '0.00', NULL, '2025-10-13 17:05:20', b'0', 3),
(443, 50, '2026-03-21', 160, '1250000.00', '0.00', '0.00', '1250000.00', '0.00', '0.00', '0.00', NULL, '2025-10-13 17:05:20', b'0', 3),
(444, 50, '2026-03-22', 161, '1250000.00', '0.00', '0.00', '1250000.00', '0.00', '0.00', '0.00', NULL, '2025-10-13 17:05:20', b'0', 3),
(445, 50, '2026-03-23', 162, '1250000.00', '0.00', '0.00', '1250000.00', '0.00', '0.00', '0.00', NULL, '2025-10-13 17:05:20', b'0', 3),
(446, 50, '2026-03-24', 163, '1250000.00', '0.00', '0.00', '1250000.00', '0.00', '0.00', '0.00', NULL, '2025-10-13 17:05:20', b'0', 3),
(447, 50, '2026-03-25', 164, '1250000.00', '0.00', '0.00', '1250000.00', '0.00', '0.00', '0.00', NULL, '2025-10-13 17:05:20', b'0', 3),
(448, 50, '2026-03-26', 165, '1250000.00', '0.00', '0.00', '1250000.00', '0.00', '0.00', '0.00', NULL, '2025-10-13 17:05:20', b'0', 3),
(449, 50, '2026-03-27', 166, '1250000.00', '0.00', '0.00', '1250000.00', '0.00', '0.00', '0.00', NULL, '2025-10-13 17:05:20', b'0', 3),
(450, 50, '2026-03-28', 167, '1250000.00', '0.00', '0.00', '1250000.00', '0.00', '0.00', '0.00', NULL, '2025-10-13 17:05:20', b'0', 3),
(451, 50, '2026-03-29', 168, '1250000.00', '0.00', '0.00', '1250000.00', '0.00', '0.00', '0.00', NULL, '2025-10-13 17:05:20', b'0', 3),
(452, 50, '2026-03-30', 169, '1250000.00', '0.00', '0.00', '1250000.00', '0.00', '0.00', '0.00', NULL, '2025-10-13 17:05:20', b'0', 3),
(453, 50, '2026-03-31', 170, '1250000.00', '0.00', '0.00', '1250000.00', '0.00', '0.00', '0.00', NULL, '2025-10-13 17:05:20', b'0', 3),
(454, 50, '2026-04-01', 171, '1250000.00', '0.00', '0.00', '1250000.00', '0.00', '0.00', '0.00', NULL, '2025-10-13 17:05:20', b'0', 3),
(455, 50, '2026-04-02', 172, '1250000.00', '0.00', '0.00', '1250000.00', '0.00', '0.00', '0.00', NULL, '2025-10-13 17:05:20', b'0', 3),
(456, 50, '2026-04-03', 173, '1250000.00', '0.00', '0.00', '1250000.00', '0.00', '0.00', '0.00', NULL, '2025-10-13 17:05:20', b'0', 3),
(457, 50, '2026-04-04', 174, '1250000.00', '0.00', '0.00', '1250000.00', '0.00', '0.00', '0.00', NULL, '2025-10-13 17:05:20', b'0', 3),
(458, 50, '2026-04-05', 175, '1250000.00', '0.00', '0.00', '1250000.00', '0.00', '0.00', '0.00', NULL, '2025-10-13 17:05:20', b'0', 3),
(459, 50, '2026-04-06', 176, '1250000.00', '0.00', '0.00', '1250000.00', '0.00', '0.00', '0.00', NULL, '2025-10-13 17:05:20', b'0', 3),
(460, 50, '2026-04-07', 177, '1250000.00', '0.00', '0.00', '1250000.00', '0.00', '0.00', '0.00', NULL, '2025-10-13 17:05:20', b'0', 3),
(461, 50, '2026-04-08', 178, '1250000.00', '0.00', '0.00', '1250000.00', '0.00', '0.00', '0.00', NULL, '2025-10-13 17:05:20', b'0', 3),
(462, 50, '2026-04-09', 179, '1250000.00', '0.00', '0.00', '1250000.00', '0.00', '0.00', '0.00', NULL, '2025-10-13 17:05:20', b'0', 3),
(463, 50, '2026-04-10', 180, '1250000.00', '0.00', '0.00', '1250000.00', '0.00', '0.00', '0.00', NULL, '2025-10-13 17:05:20', b'0', 3),
(464, 50, '2026-04-11', 181, '1250000.00', '0.00', '0.00', '1250000.00', '0.00', '0.00', '0.00', NULL, '2025-10-13 17:05:20', b'0', 3),
(465, 50, '2026-04-12', 182, '1250000.00', '0.00', '0.00', '1250000.00', '0.00', '0.00', '0.00', NULL, '2025-10-13 17:05:20', b'0', 3),
(466, 50, '2026-04-13', 183, '1250000.00', '0.00', '0.00', '1250000.00', '0.00', '0.00', '0.00', NULL, '2025-10-13 17:05:20', b'0', 3),
(467, 50, '2026-04-14', 184, '1250000.00', '0.00', '0.00', '1250000.00', '0.00', '0.00', '0.00', NULL, '2025-10-13 17:05:20', b'0', 3),
(468, 50, '2026-04-15', 185, '1250000.00', '0.00', '0.00', '1250000.00', '0.00', '0.00', '0.00', NULL, '2025-10-13 17:05:20', b'0', 3),
(469, 50, '2026-04-16', 186, '1250000.00', '0.00', '0.00', '1250000.00', '0.00', '0.00', '0.00', NULL, '2025-10-13 17:05:20', b'0', 3),
(470, 50, '2026-04-17', 187, '1250000.00', '0.00', '0.00', '1250000.00', '0.00', '0.00', '0.00', NULL, '2025-10-13 17:05:20', b'0', 3),
(471, 50, '2026-04-18', 188, '1250000.00', '0.00', '0.00', '1250000.00', '0.00', '0.00', '0.00', NULL, '2025-10-13 17:05:20', b'0', 3),
(472, 50, '2026-04-19', 189, '1250000.00', '0.00', '0.00', '1250000.00', '0.00', '0.00', '0.00', NULL, '2025-10-13 17:05:20', b'0', 3),
(473, 50, '2026-04-20', 190, '1250000.00', '0.00', '0.00', '1250000.00', '0.00', '0.00', '0.00', NULL, '2025-10-13 17:05:20', b'0', 3),
(474, 50, '2026-04-21', 191, '1250000.00', '0.00', '0.00', '1250000.00', '0.00', '0.00', '0.00', NULL, '2025-10-13 17:05:20', b'0', 3),
(475, 50, '2026-04-22', 192, '1250000.00', '0.00', '0.00', '1250000.00', '0.00', '0.00', '0.00', NULL, '2025-10-13 17:05:20', b'0', 3),
(476, 50, '2026-04-23', 193, '1250000.00', '0.00', '0.00', '1250000.00', '0.00', '0.00', '0.00', NULL, '2025-10-13 17:05:20', b'0', 3),
(477, 50, '2026-04-24', 194, '1250000.00', '0.00', '0.00', '1250000.00', '0.00', '0.00', '0.00', NULL, '2025-10-13 17:05:20', b'0', 3),
(478, 50, '2026-04-25', 195, '1250000.00', '0.00', '0.00', '1250000.00', '0.00', '0.00', '0.00', NULL, '2025-10-13 17:05:20', b'0', 3),
(479, 50, '2026-04-26', 196, '1250000.00', '0.00', '0.00', '1250000.00', '0.00', '0.00', '0.00', NULL, '2025-10-13 17:05:20', b'0', 3),
(480, 50, '2026-04-27', 197, '1250000.00', '0.00', '0.00', '1250000.00', '0.00', '0.00', '0.00', NULL, '2025-10-13 17:05:20', b'0', 3),
(481, 50, '2026-04-28', 198, '1250000.00', '0.00', '0.00', '1250000.00', '0.00', '0.00', '0.00', NULL, '2025-10-13 17:05:20', b'0', 3),
(482, 50, '2026-04-29', 199, '1250000.00', '0.00', '0.00', '1250000.00', '0.00', '0.00', '0.00', NULL, '2025-10-13 17:05:20', b'0', 3),
(483, 50, '2026-04-30', 200, '1250000.00', '0.00', '0.00', '1250000.00', '0.00', '0.00', '0.00', NULL, '2025-10-13 17:05:20', b'0', 3),
(484, 50, '2026-05-01', 201, '1250000.00', '0.00', '0.00', '1250000.00', '0.00', '0.00', '0.00', NULL, '2025-10-13 17:05:20', b'0', 3),
(485, 50, '2026-05-02', 202, '1250000.00', '0.00', '0.00', '1250000.00', '0.00', '0.00', '0.00', NULL, '2025-10-13 17:05:20', b'0', 3),
(486, 50, '2026-05-03', 203, '1250000.00', '0.00', '0.00', '1250000.00', '0.00', '0.00', '0.00', NULL, '2025-10-13 17:05:20', b'0', 3),
(487, 50, '2026-05-04', 204, '1250000.00', '0.00', '0.00', '1250000.00', '0.00', '0.00', '0.00', NULL, '2025-10-13 17:05:20', b'0', 3),
(488, 50, '2026-05-05', 205, '1250000.00', '0.00', '0.00', '1250000.00', '0.00', '0.00', '0.00', NULL, '2025-10-13 17:05:20', b'0', 3),
(489, 50, '2026-05-06', 206, '1250000.00', '0.00', '0.00', '1250000.00', '0.00', '0.00', '0.00', NULL, '2025-10-13 17:05:20', b'0', 3),
(490, 50, '2026-05-07', 207, '1250000.00', '0.00', '0.00', '1250000.00', '0.00', '0.00', '0.00', NULL, '2025-10-13 17:05:20', b'0', 3),
(491, 50, '2026-05-08', 208, '1250000.00', '0.00', '0.00', '1250000.00', '0.00', '0.00', '0.00', NULL, '2025-10-13 17:05:20', b'0', 3),
(492, 50, '2026-05-09', 209, '1250000.00', '0.00', '0.00', '1250000.00', '0.00', '0.00', '0.00', NULL, '2025-10-13 17:05:20', b'0', 3),
(493, 50, '2026-05-10', 210, '1250000.00', '0.00', '0.00', '1250000.00', '0.00', '0.00', '0.00', NULL, '2025-10-13 17:05:20', b'0', 3),
(494, 50, '2026-05-11', 211, '1250000.00', '0.00', '0.00', '1250000.00', '0.00', '0.00', '0.00', NULL, '2025-10-13 17:05:20', b'0', 3),
(495, 50, '2026-05-12', 212, '1250000.00', '0.00', '0.00', '1250000.00', '0.00', '0.00', '0.00', NULL, '2025-10-13 17:05:20', b'0', 3),
(496, 50, '2026-05-13', 213, '1250000.00', '0.00', '0.00', '1250000.00', '0.00', '0.00', '0.00', NULL, '2025-10-13 17:05:20', b'0', 3),
(497, 50, '2026-05-14', 214, '1250000.00', '0.00', '0.00', '1250000.00', '0.00', '0.00', '0.00', NULL, '2025-10-13 17:05:20', b'0', 3),
(498, 50, '2026-05-15', 215, '1250000.00', '0.00', '0.00', '1250000.00', '0.00', '0.00', '0.00', NULL, '2025-10-13 17:05:20', b'0', 3),
(499, 50, '2026-05-16', 216, '1250000.00', '0.00', '0.00', '1250000.00', '0.00', '0.00', '0.00', NULL, '2025-10-13 17:05:20', b'0', 3),
(500, 50, '2026-05-17', 217, '1250000.00', '0.00', '0.00', '1250000.00', '0.00', '0.00', '0.00', NULL, '2025-10-13 17:05:20', b'0', 3),
(501, 50, '2026-05-18', 218, '1250000.00', '0.00', '0.00', '1250000.00', '0.00', '0.00', '0.00', NULL, '2025-10-13 17:05:20', b'0', 3),
(502, 50, '2026-05-19', 219, '1250000.00', '0.00', '0.00', '1250000.00', '0.00', '0.00', '0.00', NULL, '2025-10-13 17:05:20', b'0', 3),
(503, 50, '2026-05-20', 220, '1250000.00', '0.00', '0.00', '1250000.00', '0.00', '0.00', '0.00', NULL, '2025-10-13 17:05:20', b'0', 3),
(504, 50, '2026-05-21', 221, '1250000.00', '0.00', '0.00', '1250000.00', '0.00', '0.00', '0.00', NULL, '2025-10-13 17:05:20', b'0', 3),
(505, 50, '2026-05-22', 222, '1250000.00', '0.00', '0.00', '1250000.00', '0.00', '0.00', '0.00', NULL, '2025-10-13 17:05:20', b'0', 3),
(506, 50, '2026-05-23', 223, '1250000.00', '0.00', '0.00', '1250000.00', '0.00', '0.00', '0.00', NULL, '2025-10-13 17:05:20', b'0', 3),
(507, 50, '2026-05-24', 224, '1250000.00', '0.00', '0.00', '1250000.00', '0.00', '0.00', '0.00', NULL, '2025-10-13 17:05:20', b'0', 3),
(508, 50, '2026-05-25', 225, '1250000.00', '0.00', '0.00', '1250000.00', '0.00', '0.00', '0.00', NULL, '2025-10-13 17:05:20', b'0', 3),
(509, 50, '2026-05-26', 226, '1250000.00', '0.00', '0.00', '1250000.00', '0.00', '0.00', '0.00', NULL, '2025-10-13 17:05:20', b'0', 3),
(510, 50, '2026-05-27', 227, '1250000.00', '0.00', '0.00', '1250000.00', '0.00', '0.00', '0.00', NULL, '2025-10-13 17:05:20', b'0', 3),
(511, 50, '2026-05-28', 228, '1250000.00', '0.00', '0.00', '1250000.00', '0.00', '0.00', '0.00', NULL, '2025-10-13 17:05:20', b'0', 3),
(512, 50, '2026-05-29', 229, '1250000.00', '0.00', '0.00', '1250000.00', '0.00', '0.00', '0.00', NULL, '2025-10-13 17:05:20', b'0', 3),
(513, 50, '2026-05-30', 230, '1250000.00', '0.00', '0.00', '1250000.00', '0.00', '0.00', '0.00', NULL, '2025-10-13 17:05:20', b'0', 3),
(514, 50, '2026-05-31', 231, '1250000.00', '0.00', '0.00', '1250000.00', '0.00', '0.00', '0.00', NULL, '2025-10-13 17:05:20', b'0', 3),
(515, 50, '2026-06-01', 232, '1250000.00', '0.00', '0.00', '1250000.00', '0.00', '0.00', '0.00', NULL, '2025-10-13 17:05:20', b'0', 3),
(516, 50, '2026-06-02', 233, '1250000.00', '0.00', '0.00', '1250000.00', '0.00', '0.00', '0.00', NULL, '2025-10-13 17:05:20', b'0', 3),
(517, 50, '2026-06-03', 234, '1250000.00', '0.00', '0.00', '1250000.00', '0.00', '0.00', '0.00', NULL, '2025-10-13 17:05:20', b'0', 3),
(518, 50, '2026-06-04', 235, '1250000.00', '0.00', '0.00', '1250000.00', '0.00', '0.00', '0.00', NULL, '2025-10-13 17:05:20', b'0', 3),
(519, 50, '2026-06-05', 236, '1250000.00', '0.00', '0.00', '1250000.00', '0.00', '0.00', '0.00', NULL, '2025-10-13 17:05:20', b'0', 3),
(520, 50, '2026-06-06', 237, '1250000.00', '0.00', '0.00', '1250000.00', '0.00', '0.00', '0.00', NULL, '2025-10-13 17:05:20', b'0', 3),
(521, 50, '2026-06-07', 238, '1250000.00', '0.00', '0.00', '1250000.00', '0.00', '0.00', '0.00', NULL, '2025-10-13 17:05:20', b'0', 3),
(522, 50, '2026-06-08', 239, '1250000.00', '0.00', '0.00', '1250000.00', '0.00', '0.00', '0.00', NULL, '2025-10-13 17:05:20', b'0', 3),
(523, 50, '2026-06-09', 240, '1250000.00', '0.00', '0.00', '1250000.00', '0.00', '0.00', '0.00', NULL, '2025-10-13 17:05:20', b'0', 3),
(524, 50, '2026-06-10', 241, '1250000.00', '0.00', '0.00', '1250000.00', '0.00', '0.00', '0.00', NULL, '2025-10-13 17:05:20', b'0', 3),
(525, 50, '2026-06-11', 242, '1250000.00', '0.00', '0.00', '1250000.00', '0.00', '0.00', '0.00', NULL, '2025-10-13 17:05:20', b'0', 3),
(526, 50, '2026-06-12', 243, '1250000.00', '0.00', '0.00', '1250000.00', '0.00', '0.00', '0.00', NULL, '2025-10-13 17:05:20', b'0', 3),
(527, 50, '2026-06-13', 244, '1250000.00', '0.00', '0.00', '1250000.00', '0.00', '0.00', '0.00', NULL, '2025-10-13 17:05:20', b'0', 3),
(528, 50, '2026-06-14', 245, '1250000.00', '0.00', '0.00', '1250000.00', '0.00', '0.00', '0.00', NULL, '2025-10-13 17:05:20', b'0', 3),
(529, 50, '2026-06-15', 246, '1250000.00', '0.00', '0.00', '1250000.00', '0.00', '0.00', '0.00', NULL, '2025-10-13 17:05:20', b'0', 3),
(530, 50, '2026-06-16', 247, '1250000.00', '0.00', '0.00', '1250000.00', '0.00', '0.00', '0.00', NULL, '2025-10-13 17:05:20', b'0', 3),
(531, 50, '2026-06-17', 248, '1250000.00', '0.00', '0.00', '1250000.00', '0.00', '0.00', '0.00', NULL, '2025-10-13 17:05:20', b'0', 3),
(532, 50, '2026-06-18', 249, '1250000.00', '0.00', '0.00', '1250000.00', '0.00', '0.00', '0.00', NULL, '2025-10-13 17:05:20', b'0', 3),
(533, 50, '2026-06-19', 250, '1250000.00', '0.00', '0.00', '1250000.00', '0.00', '0.00', '0.00', NULL, '2025-10-13 17:05:20', b'0', 3),
(534, 50, '2026-06-20', 251, '1250000.00', '0.00', '0.00', '1250000.00', '0.00', '0.00', '0.00', NULL, '2025-10-13 17:05:20', b'0', 3),
(535, 50, '2026-06-21', 252, '1250000.00', '0.00', '0.00', '1250000.00', '0.00', '0.00', '0.00', NULL, '2025-10-13 17:05:20', b'0', 3),
(536, 50, '2026-06-22', 253, '1250000.00', '0.00', '0.00', '1250000.00', '0.00', '0.00', '0.00', NULL, '2025-10-13 17:05:20', b'0', 3),
(537, 50, '2026-06-23', 254, '1250000.00', '0.00', '0.00', '1250000.00', '0.00', '0.00', '0.00', NULL, '2025-10-13 17:05:20', b'0', 3),
(538, 50, '2026-06-24', 255, '1250000.00', '0.00', '0.00', '1250000.00', '0.00', '0.00', '0.00', NULL, '2025-10-13 17:05:20', b'0', 3),
(539, 50, '2026-06-25', 256, '1250000.00', '0.00', '0.00', '1250000.00', '0.00', '0.00', '0.00', NULL, '2025-10-13 17:05:20', b'0', 3),
(540, 50, '2026-06-26', 257, '1250000.00', '0.00', '0.00', '1250000.00', '0.00', '0.00', '0.00', NULL, '2025-10-13 17:05:20', b'0', 3),
(541, 50, '2026-06-27', 258, '1250000.00', '0.00', '0.00', '1250000.00', '0.00', '0.00', '0.00', NULL, '2025-10-13 17:05:20', b'0', 3),
(542, 50, '2026-06-28', 259, '1250000.00', '0.00', '0.00', '1250000.00', '0.00', '0.00', '0.00', NULL, '2025-10-13 17:05:20', b'0', 3),
(543, 50, '2026-06-29', 260, '1250000.00', '0.00', '0.00', '1250000.00', '0.00', '0.00', '0.00', NULL, '2025-10-13 17:05:20', b'0', 3),
(544, 50, '2026-06-30', 261, '1250000.00', '0.00', '0.00', '1250000.00', '0.00', '0.00', '0.00', NULL, '2025-10-13 17:05:20', b'0', 3),
(545, 50, '2026-07-01', 262, '1250000.00', '0.00', '0.00', '1250000.00', '0.00', '0.00', '0.00', NULL, '2025-10-13 17:05:20', b'0', 3),
(546, 50, '2026-07-02', 263, '1250000.00', '0.00', '0.00', '1250000.00', '0.00', '0.00', '0.00', NULL, '2025-10-13 17:05:20', b'0', 3),
(547, 50, '2026-07-03', 264, '1250000.00', '0.00', '0.00', '1250000.00', '0.00', '0.00', '0.00', NULL, '2025-10-13 17:05:20', b'0', 3),
(548, 50, '2026-07-04', 265, '1250000.00', '0.00', '0.00', '1250000.00', '0.00', '0.00', '0.00', NULL, '2025-10-13 17:05:20', b'0', 3),
(549, 50, '2026-07-05', 266, '1250000.00', '0.00', '0.00', '1250000.00', '0.00', '0.00', '0.00', NULL, '2025-10-13 17:05:20', b'0', 3),
(550, 50, '2026-07-06', 267, '1250000.00', '0.00', '0.00', '1250000.00', '0.00', '0.00', '0.00', NULL, '2025-10-13 17:05:20', b'0', 3),
(551, 50, '2026-07-07', 268, '1250000.00', '0.00', '0.00', '1250000.00', '0.00', '0.00', '0.00', NULL, '2025-10-13 17:05:20', b'0', 3),
(552, 50, '2026-07-08', 269, '1250000.00', '0.00', '0.00', '1250000.00', '0.00', '0.00', '0.00', NULL, '2025-10-13 17:05:20', b'0', 3),
(553, 50, '2026-07-09', 270, '1250000.00', '0.00', '0.00', '1250000.00', '0.00', '0.00', '0.00', NULL, '2025-10-13 17:05:20', b'0', 3),
(554, 50, '2026-07-10', 271, '1250000.00', '0.00', '0.00', '1250000.00', '0.00', '0.00', '0.00', NULL, '2025-10-13 17:05:20', b'0', 3),
(555, 50, '2026-07-11', 272, '1250000.00', '0.00', '0.00', '1250000.00', '0.00', '0.00', '0.00', NULL, '2025-10-13 17:05:20', b'0', 3),
(556, 50, '2026-07-12', 273, '1250000.00', '0.00', '0.00', '1250000.00', '0.00', '0.00', '0.00', NULL, '2025-10-13 17:05:20', b'0', 3),
(557, 50, '2026-07-13', 274, '1250000.00', '0.00', '0.00', '1250000.00', '0.00', '0.00', '0.00', NULL, '2025-10-13 17:05:20', b'0', 3),
(558, 50, '2026-07-14', 275, '1250000.00', '0.00', '0.00', '1250000.00', '0.00', '0.00', '0.00', NULL, '2025-10-13 17:05:20', b'0', 3),
(559, 50, '2026-07-15', 276, '1250000.00', '0.00', '0.00', '1250000.00', '0.00', '0.00', '0.00', NULL, '2025-10-13 17:05:20', b'0', 3),
(560, 50, '2026-07-16', 277, '1250000.00', '0.00', '0.00', '1250000.00', '0.00', '0.00', '0.00', NULL, '2025-10-13 17:05:20', b'0', 3),
(561, 50, '2026-07-17', 278, '1250000.00', '0.00', '0.00', '1250000.00', '0.00', '0.00', '0.00', NULL, '2025-10-13 17:05:20', b'0', 3),
(562, 50, '2026-07-18', 279, '1250000.00', '0.00', '0.00', '1250000.00', '0.00', '0.00', '0.00', NULL, '2025-10-13 17:05:20', b'0', 3),
(563, 50, '2026-07-19', 280, '1250000.00', '0.00', '0.00', '1250000.00', '0.00', '0.00', '0.00', NULL, '2025-10-13 17:05:20', b'0', 3),
(564, 50, '2026-07-20', 281, '1250000.00', '0.00', '0.00', '1250000.00', '0.00', '0.00', '0.00', NULL, '2025-10-13 17:05:20', b'0', 3),
(565, 50, '2026-07-21', 282, '1250000.00', '0.00', '0.00', '1250000.00', '0.00', '0.00', '0.00', NULL, '2025-10-13 17:05:20', b'0', 3),
(566, 50, '2026-07-22', 283, '1250000.00', '0.00', '0.00', '1250000.00', '0.00', '0.00', '0.00', NULL, '2025-10-13 17:05:20', b'0', 3),
(567, 50, '2026-07-23', 284, '1250000.00', '0.00', '0.00', '1250000.00', '0.00', '0.00', '0.00', NULL, '2025-10-13 17:05:20', b'0', 3),
(568, 50, '2026-07-24', 285, '1250000.00', '0.00', '0.00', '1250000.00', '0.00', '0.00', '0.00', NULL, '2025-10-13 17:05:20', b'0', 3),
(569, 50, '2026-07-25', 286, '1250000.00', '0.00', '0.00', '1250000.00', '0.00', '0.00', '0.00', NULL, '2025-10-13 17:05:20', b'0', 3),
(570, 50, '2026-07-26', 287, '1250000.00', '0.00', '0.00', '1250000.00', '0.00', '0.00', '0.00', NULL, '2025-10-13 17:05:20', b'0', 3),
(571, 50, '2026-07-27', 288, '1250000.00', '0.00', '0.00', '1250000.00', '0.00', '0.00', '0.00', NULL, '2025-10-13 17:05:20', b'0', 3),
(572, 50, '2026-07-28', 289, '1250000.00', '0.00', '0.00', '1250000.00', '0.00', '0.00', '0.00', NULL, '2025-10-13 17:05:20', b'0', 3),
(573, 50, '2026-07-29', 290, '1250000.00', '0.00', '0.00', '1250000.00', '0.00', '0.00', '0.00', NULL, '2025-10-13 17:05:20', b'0', 3),
(574, 50, '2026-07-30', 291, '1250000.00', '0.00', '0.00', '1250000.00', '0.00', '0.00', '0.00', NULL, '2025-10-13 17:05:20', b'0', 3),
(575, 50, '2026-07-31', 292, '1250000.00', '0.00', '0.00', '1250000.00', '0.00', '0.00', '0.00', NULL, '2025-10-13 17:05:20', b'0', 3),
(576, 50, '2026-08-01', 293, '1250000.00', '0.00', '0.00', '1250000.00', '0.00', '0.00', '0.00', NULL, '2025-10-13 17:05:20', b'0', 3),
(577, 50, '2026-08-02', 294, '1250000.00', '0.00', '0.00', '1250000.00', '0.00', '0.00', '0.00', NULL, '2025-10-13 17:05:20', b'0', 3),
(578, 50, '2026-08-03', 295, '1250000.00', '0.00', '0.00', '1250000.00', '0.00', '0.00', '0.00', NULL, '2025-10-13 17:05:20', b'0', 3),
(579, 50, '2026-08-04', 296, '1250000.00', '0.00', '0.00', '1250000.00', '0.00', '0.00', '0.00', NULL, '2025-10-13 17:05:20', b'0', 3),
(580, 50, '2026-08-05', 297, '1250000.00', '0.00', '0.00', '1250000.00', '0.00', '0.00', '0.00', NULL, '2025-10-13 17:05:20', b'0', 3),
(581, 50, '2026-08-06', 298, '1250000.00', '0.00', '0.00', '1250000.00', '0.00', '0.00', '0.00', NULL, '2025-10-13 17:05:20', b'0', 3),
(582, 50, '2026-08-07', 299, '1250000.00', '0.00', '0.00', '1250000.00', '0.00', '0.00', '0.00', NULL, '2025-10-13 17:05:20', b'0', 3),
(583, 50, '2026-08-08', 300, '1250000.00', '0.00', '0.00', '1250000.00', '0.00', '0.00', '0.00', NULL, '2025-10-13 17:05:20', b'0', 3),
(584, 50, '2026-08-09', 301, '1250000.00', '0.00', '0.00', '1250000.00', '0.00', '0.00', '0.00', NULL, '2025-10-13 17:05:20', b'0', 3),
(585, 50, '2026-08-10', 302, '1250000.00', '0.00', '0.00', '1250000.00', '0.00', '0.00', '0.00', NULL, '2025-10-13 17:05:20', b'0', 3),
(586, 50, '2026-08-11', 303, '1250000.00', '0.00', '0.00', '1250000.00', '0.00', '0.00', '0.00', NULL, '2025-10-13 17:05:20', b'0', 3),
(587, 50, '2026-08-12', 304, '1250000.00', '0.00', '0.00', '1250000.00', '0.00', '0.00', '0.00', NULL, '2025-10-13 17:05:20', b'0', 3),
(588, 50, '2026-08-13', 305, '1250000.00', '0.00', '0.00', '1250000.00', '0.00', '0.00', '0.00', NULL, '2025-10-13 17:05:20', b'0', 3),
(589, 50, '2026-08-14', 306, '1250000.00', '0.00', '0.00', '1250000.00', '0.00', '0.00', '0.00', NULL, '2025-10-13 17:05:21', b'0', 3),
(590, 50, '2026-08-15', 307, '1250000.00', '0.00', '0.00', '1250000.00', '0.00', '0.00', '0.00', NULL, '2025-10-13 17:05:21', b'0', 3),
(591, 50, '2026-08-16', 308, '1250000.00', '0.00', '0.00', '1250000.00', '0.00', '0.00', '0.00', NULL, '2025-10-13 17:05:21', b'0', 3),
(592, 50, '2026-08-17', 309, '1250000.00', '0.00', '0.00', '1250000.00', '0.00', '0.00', '0.00', NULL, '2025-10-13 17:05:21', b'0', 3),
(593, 50, '2026-08-18', 310, '1250000.00', '0.00', '0.00', '1250000.00', '0.00', '0.00', '0.00', NULL, '2025-10-13 17:05:21', b'0', 3),
(594, 50, '2026-08-19', 311, '1250000.00', '0.00', '0.00', '1250000.00', '0.00', '0.00', '0.00', NULL, '2025-10-13 17:05:21', b'0', 3),
(595, 50, '2026-08-20', 312, '1250000.00', '0.00', '0.00', '1250000.00', '0.00', '0.00', '0.00', NULL, '2025-10-13 17:05:21', b'0', 3),
(596, 50, '2026-08-21', 313, '1250000.00', '0.00', '0.00', '1250000.00', '0.00', '0.00', '0.00', NULL, '2025-10-13 17:05:21', b'0', 3),
(597, 50, '2026-08-22', 314, '1250000.00', '0.00', '0.00', '1250000.00', '0.00', '0.00', '0.00', NULL, '2025-10-13 17:05:21', b'0', 3),
(598, 50, '2026-08-23', 315, '1250000.00', '0.00', '0.00', '1250000.00', '0.00', '0.00', '0.00', NULL, '2025-10-13 17:05:21', b'0', 3),
(599, 50, '2026-08-24', 316, '1250000.00', '0.00', '0.00', '1250000.00', '0.00', '0.00', '0.00', NULL, '2025-10-13 17:05:21', b'0', 3),
(600, 50, '2026-08-25', 317, '1250000.00', '0.00', '0.00', '1250000.00', '0.00', '0.00', '0.00', NULL, '2025-10-13 17:05:21', b'0', 3),
(601, 50, '2026-08-26', 318, '1250000.00', '0.00', '0.00', '1250000.00', '0.00', '0.00', '0.00', NULL, '2025-10-13 17:05:21', b'0', 3),
(602, 50, '2026-08-27', 319, '1250000.00', '0.00', '0.00', '1250000.00', '0.00', '0.00', '0.00', NULL, '2025-10-13 17:05:21', b'0', 3),
(603, 50, '2026-08-28', 320, '1250000.00', '0.00', '0.00', '1250000.00', '0.00', '0.00', '0.00', NULL, '2025-10-13 17:05:21', b'0', 3),
(604, 50, '2026-08-29', 321, '1250000.00', '0.00', '0.00', '1250000.00', '0.00', '0.00', '0.00', NULL, '2025-10-13 17:05:21', b'0', 3),
(605, 50, '2026-08-30', 322, '1250000.00', '0.00', '0.00', '1250000.00', '0.00', '0.00', '0.00', NULL, '2025-10-13 17:05:21', b'0', 3),
(606, 50, '2026-08-31', 323, '1250000.00', '0.00', '0.00', '1250000.00', '0.00', '0.00', '0.00', NULL, '2025-10-13 17:05:21', b'0', 3),
(607, 50, '2026-09-01', 324, '1250000.00', '0.00', '0.00', '1250000.00', '0.00', '0.00', '0.00', NULL, '2025-10-13 17:05:21', b'0', 3),
(608, 50, '2026-09-02', 325, '1250000.00', '0.00', '0.00', '1250000.00', '0.00', '0.00', '0.00', NULL, '2025-10-13 17:05:21', b'0', 3),
(609, 50, '2026-09-03', 326, '1250000.00', '0.00', '0.00', '1250000.00', '0.00', '0.00', '0.00', NULL, '2025-10-13 17:05:21', b'0', 3),
(610, 50, '2026-09-04', 327, '1250000.00', '0.00', '0.00', '1250000.00', '0.00', '0.00', '0.00', NULL, '2025-10-13 17:05:21', b'0', 3),
(611, 50, '2026-09-05', 328, '1250000.00', '0.00', '0.00', '1250000.00', '0.00', '0.00', '0.00', NULL, '2025-10-13 17:05:21', b'0', 3),
(612, 50, '2026-09-06', 329, '1250000.00', '0.00', '0.00', '1250000.00', '0.00', '0.00', '0.00', NULL, '2025-10-13 17:05:21', b'0', 3),
(613, 50, '2026-09-07', 330, '1250000.00', '0.00', '0.00', '1250000.00', '0.00', '0.00', '0.00', NULL, '2025-10-13 17:05:21', b'0', 3),
(614, 50, '2026-09-08', 331, '1250000.00', '0.00', '0.00', '1250000.00', '0.00', '0.00', '0.00', NULL, '2025-10-13 17:05:21', b'0', 3),
(615, 50, '2026-09-09', 332, '1250000.00', '0.00', '0.00', '1250000.00', '0.00', '0.00', '0.00', NULL, '2025-10-13 17:05:21', b'0', 3),
(616, 50, '2026-09-10', 333, '1250000.00', '0.00', '0.00', '1250000.00', '0.00', '0.00', '0.00', NULL, '2025-10-13 17:05:21', b'0', 3),
(617, 50, '2026-09-11', 334, '1250000.00', '0.00', '0.00', '1250000.00', '0.00', '0.00', '0.00', NULL, '2025-10-13 17:05:21', b'0', 3),
(618, 50, '2026-09-12', 335, '1250000.00', '0.00', '0.00', '1250000.00', '0.00', '0.00', '0.00', NULL, '2025-10-13 17:05:21', b'0', 3),
(619, 50, '2026-09-13', 336, '1250000.00', '0.00', '0.00', '1250000.00', '0.00', '0.00', '0.00', NULL, '2025-10-13 17:05:21', b'0', 3),
(620, 50, '2026-09-14', 337, '1250000.00', '0.00', '0.00', '1250000.00', '0.00', '0.00', '0.00', NULL, '2025-10-13 17:05:21', b'0', 3),
(621, 50, '2026-09-15', 338, '1250000.00', '0.00', '0.00', '1250000.00', '0.00', '0.00', '0.00', NULL, '2025-10-13 17:05:21', b'0', 3),
(622, 50, '2026-09-16', 339, '1250000.00', '0.00', '0.00', '1250000.00', '0.00', '0.00', '0.00', NULL, '2025-10-13 17:05:21', b'0', 3),
(623, 50, '2026-09-17', 340, '1250000.00', '0.00', '0.00', '1250000.00', '0.00', '0.00', '0.00', NULL, '2025-10-13 17:05:21', b'0', 3),
(624, 50, '2026-09-18', 341, '1250000.00', '0.00', '0.00', '1250000.00', '0.00', '0.00', '0.00', NULL, '2025-10-13 17:05:21', b'0', 3),
(625, 50, '2026-09-19', 342, '1250000.00', '0.00', '0.00', '1250000.00', '0.00', '0.00', '0.00', NULL, '2025-10-13 17:05:21', b'0', 3),
(626, 50, '2026-09-20', 343, '1250000.00', '0.00', '0.00', '1250000.00', '0.00', '0.00', '0.00', NULL, '2025-10-13 17:05:21', b'0', 3),
(627, 50, '2026-09-21', 344, '1250000.00', '0.00', '0.00', '1250000.00', '0.00', '0.00', '0.00', NULL, '2025-10-13 17:05:21', b'0', 3),
(628, 50, '2026-09-22', 345, '1250000.00', '0.00', '0.00', '1250000.00', '0.00', '0.00', '0.00', NULL, '2025-10-13 17:05:21', b'0', 3),
(629, 50, '2026-09-23', 346, '1250000.00', '0.00', '0.00', '1250000.00', '0.00', '0.00', '0.00', NULL, '2025-10-13 17:05:21', b'0', 3),
(630, 50, '2026-09-24', 347, '1250000.00', '0.00', '0.00', '1250000.00', '0.00', '0.00', '0.00', NULL, '2025-10-13 17:05:21', b'0', 3),
(631, 50, '2026-09-25', 348, '1250000.00', '0.00', '0.00', '1250000.00', '0.00', '0.00', '0.00', NULL, '2025-10-13 17:05:21', b'0', 3),
(632, 50, '2026-09-26', 349, '1250000.00', '0.00', '0.00', '1250000.00', '0.00', '0.00', '0.00', NULL, '2025-10-13 17:05:21', b'0', 3),
(633, 50, '2026-09-27', 350, '1250000.00', '0.00', '0.00', '1250000.00', '0.00', '0.00', '0.00', NULL, '2025-10-13 17:05:21', b'0', 3),
(634, 50, '2026-09-28', 351, '1250000.00', '0.00', '0.00', '1250000.00', '0.00', '0.00', '0.00', NULL, '2025-10-13 17:05:21', b'0', 3),
(635, 50, '2026-09-29', 352, '1250000.00', '0.00', '0.00', '1250000.00', '0.00', '0.00', '0.00', NULL, '2025-10-13 17:05:21', b'0', 3),
(636, 50, '2026-09-30', 353, '1250000.00', '0.00', '0.00', '1250000.00', '0.00', '0.00', '0.00', NULL, '2025-10-13 17:05:21', b'0', 3),
(637, 50, '2026-10-01', 354, '1250000.00', '0.00', '0.00', '1250000.00', '0.00', '0.00', '0.00', NULL, '2025-10-13 17:05:21', b'0', 3),
(638, 50, '2026-10-02', 355, '1250000.00', '0.00', '0.00', '1250000.00', '0.00', '0.00', '0.00', NULL, '2025-10-13 17:05:21', b'0', 3),
(639, 50, '2026-10-03', 356, '1250000.00', '0.00', '0.00', '1250000.00', '0.00', '0.00', '0.00', NULL, '2025-10-13 17:05:21', b'0', 3),
(640, 50, '2026-10-04', 357, '1250000.00', '0.00', '0.00', '1250000.00', '0.00', '0.00', '0.00', NULL, '2025-10-13 17:05:21', b'0', 3),
(641, 50, '2026-10-05', 358, '1250000.00', '0.00', '0.00', '1250000.00', '0.00', '0.00', '0.00', NULL, '2025-10-13 17:05:21', b'0', 3),
(642, 50, '2026-10-06', 359, '1250000.00', '0.00', '0.00', '1250000.00', '0.00', '0.00', '0.00', NULL, '2025-10-13 17:05:21', b'0', 3),
(643, 50, '2026-10-07', 360, '1250000.00', '0.00', '0.00', '1250000.00', '0.00', '0.00', '0.00', NULL, '2025-10-13 17:05:21', b'0', 3),
(644, 50, '2026-10-08', 361, '1250000.00', '0.00', '0.00', '1250000.00', '0.00', '0.00', '0.00', NULL, '2025-10-13 17:05:21', b'0', 3),
(645, 50, '2026-10-09', 362, '1250000.00', '0.00', '0.00', '1250000.00', '0.00', '0.00', '0.00', NULL, '2025-10-13 17:05:21', b'0', 3),
(646, 50, '2026-10-10', 363, '1250000.00', '0.00', '0.00', '1250000.00', '0.00', '0.00', '0.00', NULL, '2025-10-13 17:05:21', b'0', 3),
(647, 50, '2026-10-11', 364, '1250000.00', '0.00', '0.00', '1250000.00', '0.00', '0.00', '0.00', NULL, '2025-10-13 17:05:21', b'0', 3),
(648, 50, '2026-10-12', 365, '6250000.00', '5000000.00', '0.00', '1250000.00', '0.00', '0.00', '0.00', NULL, '2025-10-12 05:04:16', b'0', 3),
(649, 51, '2025-11-12', 1, '450000.00', '200000.00', '0.00', '250000.00', '0.00', '0.00', '0.00', NULL, '2025-10-13 17:05:21', b'0', 3),
(650, 51, '2025-12-12', 2, '400000.00', '200000.00', '0.00', '200000.00', '0.00', '0.00', '0.00', NULL, '2025-10-13 17:05:21', b'0', 3),
(651, 51, '2026-01-12', 3, '350000.00', '200000.00', '0.00', '150000.00', '0.00', '0.00', '0.00', NULL, '2025-10-13 17:05:21', b'0', 3),
(652, 51, '2026-02-12', 4, '300000.00', '200000.00', '0.00', '100000.00', '0.00', '0.00', '0.00', NULL, '2025-10-13 17:05:21', b'0', 3),
(653, 51, '2026-03-12', 5, '250000.00', '200000.00', '0.00', '50000.00', '0.00', '0.00', '0.00', NULL, '2025-10-12 05:04:16', b'0', 3),
(654, 52, '2025-11-12', 1, '2879146.92', '379146.92', '0.00', '2500000.00', '0.00', '0.00', '0.00', NULL, '2025-10-13 17:05:21', b'0', 3),
(655, 52, '2025-12-12', 2, '2879146.92', '568720.38', '0.00', '2310426.54', '0.00', '0.00', '0.00', NULL, '2025-10-13 17:05:21', b'0', 3),
(656, 52, '2026-01-12', 3, '2879146.92', '853080.57', '0.00', '2026066.35', '0.00', '0.00', '0.00', NULL, '2025-10-13 17:05:21', b'0', 3),
(657, 52, '2026-02-12', 4, '2879146.92', '1279620.85', '0.00', '1599526.07', '0.00', '0.00', '0.00', NULL, '2025-10-13 17:05:21', b'0', 3),
(658, 52, '2026-03-12', 5, '2879146.92', '1919431.28', '0.00', '959715.64', '0.00', '0.00', '0.00', NULL, '2025-10-12 16:14:17', b'0', 3),
(659, 53, '2025-11-12', 1, '530395.99', '480395.99', '0.00', '50000.00', '0.00', '0.00', '0.00', NULL, '2025-10-13 17:05:21', b'0', 3),
(660, 53, '2025-12-12', 2, '530395.99', '490003.90', '0.00', '40392.08', '0.00', '0.00', '0.00', NULL, '2025-10-13 17:05:21', b'0', 3),
(661, 53, '2026-01-12', 3, '530395.99', '499803.98', '0.00', '30592.00', '0.00', '0.00', '0.00', NULL, '2025-10-13 17:05:21', b'0', 3),
(662, 53, '2026-02-12', 4, '530395.99', '509800.06', '0.00', '20595.92', '0.00', '0.00', '0.00', NULL, '2025-10-13 17:05:21', b'0', 3),
(663, 53, '2026-03-12', 5, '530395.99', '519996.06', '0.00', '10399.92', '0.00', '0.00', '0.00', NULL, '2025-10-12 16:14:17', b'0', 3),
(664, 54, '2025-11-12', 1, '745788.88', '370788.88', '0.00', '375000.00', '0.00', '0.00', '0.00', NULL, '2025-10-13 17:05:21', b'0', 3),
(665, 54, '2025-12-12', 2, '745788.88', '426407.21', '0.00', '319381.67', '0.00', '0.00', '0.00', NULL, '2025-10-13 17:05:21', b'0', 3),
(666, 54, '2026-01-12', 3, '745788.88', '490368.30', '0.00', '255420.59', '0.00', '0.00', '0.00', NULL, '2025-10-13 17:05:21', b'0', 3),
(667, 54, '2026-02-12', 4, '745788.88', '563923.54', '0.00', '181865.34', '0.00', '0.00', '0.00', NULL, '2025-10-13 17:05:21', b'0', 3),
(668, 54, '2026-03-12', 5, '745788.88', '648512.07', '0.00', '97276.81', '0.00', '0.00', '0.00', NULL, '2025-10-12 16:14:17', b'0', 3),
(669, 55, '2025-11-12', 1, '13870.49', '7870.49', '0.00', '6000.00', '0.00', '0.00', '0.00', NULL, '2025-10-13 17:05:21', b'0', 3),
(670, 55, '2025-12-12', 2, '13870.49', '8814.94', '0.00', '5055.54', '0.00', '0.00', '0.00', NULL, '2025-10-13 17:05:21', b'0', 3),
(671, 55, '2026-01-12', 3, '13870.49', '9872.74', '0.00', '3997.75', '0.00', '0.00', '0.00', NULL, '2025-10-13 17:05:21', b'0', 3),
(672, 55, '2026-02-12', 4, '13870.49', '11057.47', '0.00', '2813.02', '0.00', '0.00', '0.00', NULL, '2025-10-13 17:05:21', b'0', 3),
(673, 55, '2026-03-12', 5, '13870.49', '12384.36', '0.00', '1486.12', '0.00', '0.00', '0.00', NULL, '2025-10-12 16:14:17', b'0', 3),
(674, 56, '2025-11-12', 1, '4727.98', '3727.98', '0.00', '1000.00', '0.00', '0.00', '0.00', NULL, '2025-10-13 17:05:21', b'0', 3),
(675, 56, '2025-12-12', 2, '4727.98', '3802.54', '0.00', '925.44', '0.00', '0.00', '0.00', NULL, '2025-10-13 17:05:21', b'0', 3),
(676, 56, '2026-01-12', 3, '4727.98', '3878.59', '0.00', '849.39', '0.00', '0.00', '0.00', NULL, '2025-10-13 17:05:21', b'0', 3),
(677, 56, '2026-02-12', 4, '4727.98', '3956.16', '0.00', '771.82', '0.00', '0.00', '0.00', NULL, '2025-10-13 17:05:21', b'0', 3),
(678, 56, '2026-03-12', 5, '4727.98', '4035.29', '0.00', '692.69', '0.00', '0.00', '0.00', NULL, '2025-10-13 17:05:21', b'0', 3),
(679, 56, '2026-04-12', 6, '4727.98', '4115.99', '0.00', '611.99', '0.00', '0.00', '0.00', NULL, '2025-10-13 17:05:21', b'0', 3),
(680, 56, '2026-05-12', 7, '4727.98', '4198.31', '0.00', '529.67', '0.00', '0.00', '0.00', NULL, '2025-10-13 17:05:21', b'0', 3),
(681, 56, '2026-06-12', 8, '4727.98', '4282.28', '0.00', '445.70', '0.00', '0.00', '0.00', NULL, '2025-10-13 17:05:21', b'0', 3),
(682, 56, '2026-07-12', 9, '4727.98', '4367.92', '0.00', '360.06', '0.00', '0.00', '0.00', NULL, '2025-10-13 17:05:21', b'0', 3),
(683, 56, '2026-08-12', 10, '4727.98', '4455.28', '0.00', '272.70', '0.00', '0.00', '0.00', NULL, '2025-10-13 17:05:21', b'0', 3),
(684, 56, '2026-09-12', 11, '4727.98', '4544.39', '0.00', '183.59', '0.00', '0.00', '0.00', NULL, '2025-10-13 17:05:21', b'0', 3),
(685, 56, '2026-10-12', 12, '4727.98', '4635.27', '0.00', '92.71', '0.00', '0.00', '0.00', NULL, '2025-10-12 16:14:17', b'0', 3),
(686, 57, '2025-11-12', 1, '6000.00', '0.00', '0.00', '6000.00', '0.00', '0.00', '0.00', NULL, '2025-10-13 17:05:21', b'0', 3),
(687, 57, '2025-12-12', 2, '6000.00', '0.00', '0.00', '6000.00', '0.00', '0.00', '0.00', NULL, '2025-10-13 17:05:21', b'0', 3),
(688, 57, '2026-01-12', 3, '6000.00', '0.00', '0.00', '6000.00', '0.00', '0.00', '0.00', NULL, '2025-10-13 17:05:21', b'0', 3),
(689, 57, '2026-02-12', 4, '6000.00', '0.00', '0.00', '6000.00', '0.00', '0.00', '0.00', NULL, '2025-10-13 17:05:21', b'0', 3),
(690, 57, '2026-03-12', 5, '6000.00', '0.00', '0.00', '6000.00', '0.00', '0.00', '0.00', NULL, '2025-10-13 17:05:21', b'0', 3),
(691, 57, '2026-04-12', 6, '56000.00', '50000.00', '0.00', '6000.00', '0.00', '0.00', '0.00', NULL, '2025-10-12 16:31:36', b'0', 3),
(692, 58, '2025-11-12', 1, '1387048.66', '787048.66', '0.00', '600000.00', '0.00', '0.00', '0.00', NULL, '2025-10-13 17:05:21', b'0', 3),
(693, 58, '2025-12-12', 2, '1387048.66', '881494.50', '0.00', '505554.16', '0.00', '0.00', '0.00', NULL, '2025-10-13 17:05:21', b'0', 3),
(694, 58, '2026-01-12', 3, '1387048.66', '987273.84', '0.00', '399774.82', '0.00', '0.00', '0.00', NULL, '2025-10-13 17:05:21', b'0', 3),
(695, 58, '2026-02-12', 4, '1387048.66', '1105746.70', '0.00', '281301.96', '0.00', '0.00', '0.00', NULL, '2025-10-13 17:05:21', b'0', 3),
(696, 58, '2026-03-12', 5, '1387048.66', '1238436.30', '0.00', '148612.36', '0.00', '0.00', '0.00', NULL, '2025-10-12 16:31:36', b'0', 3),
(697, 59, '2025-11-12', 1, '5000.00', '0.00', '0.00', '5000.00', '0.00', '0.00', '0.00', NULL, '2025-10-13 17:05:21', b'0', 3),
(698, 59, '2025-12-12', 2, '5000.00', '0.00', '0.00', '5000.00', '0.00', '0.00', '0.00', NULL, '2025-10-13 17:05:21', b'0', 3),
(699, 59, '2026-01-12', 3, '5000.00', '0.00', '0.00', '5000.00', '0.00', '0.00', '0.00', NULL, '2025-10-13 17:05:21', b'0', 3),
(700, 59, '2026-02-12', 4, '5000.00', '0.00', '0.00', '5000.00', '0.00', '0.00', '0.00', NULL, '2025-10-13 17:05:21', b'0', 3),
(701, 59, '2026-03-12', 5, '505000.00', '500000.00', '0.00', '5000.00', '0.00', '0.00', '0.00', NULL, '2025-10-12 23:48:46', b'0', 3),
(702, 60, '2025-11-12', 1, '1750000.00', '0.00', '0.00', '1750000.00', '0.00', '0.00', '0.00', NULL, '2025-10-13 17:05:21', b'0', 3),
(703, 60, '2025-12-12', 2, '1750000.00', '0.00', '0.00', '1750000.00', '0.00', '0.00', '0.00', NULL, '2025-10-13 17:05:21', b'0', 3),
(704, 60, '2026-01-12', 3, '1750000.00', '0.00', '0.00', '1750000.00', '0.00', '0.00', '0.00', NULL, '2025-10-13 17:05:21', b'0', 3),
(705, 60, '2026-02-12', 4, '1750000.00', '0.00', '0.00', '1750000.00', '0.00', '0.00', '0.00', NULL, '2025-10-13 17:05:21', b'0', 3),
(706, 60, '2026-03-12', 5, '1750000.00', '0.00', '0.00', '1750000.00', '0.00', '0.00', '0.00', NULL, '2025-10-13 17:05:21', b'0', 3),
(707, 60, '2026-04-12', 6, '1750000.00', '0.00', '0.00', '1750000.00', '0.00', '0.00', '0.00', NULL, '2025-10-13 17:05:21', b'0', 3),
(708, 60, '2026-05-12', 7, '1750000.00', '0.00', '0.00', '1750000.00', '0.00', '0.00', '0.00', NULL, '2025-10-13 17:05:21', b'0', 3),
(709, 60, '2026-06-12', 8, '1750000.00', '0.00', '0.00', '1750000.00', '0.00', '0.00', '0.00', NULL, '2025-10-13 17:05:21', b'0', 3),
(710, 60, '2026-07-12', 9, '1750000.00', '0.00', '0.00', '1750000.00', '0.00', '0.00', '0.00', NULL, '2025-10-13 17:05:21', b'0', 3),
(711, 60, '2026-08-12', 10, '1750000.00', '0.00', '0.00', '1750000.00', '0.00', '0.00', '0.00', NULL, '2025-10-13 17:05:21', b'0', 3),
(712, 60, '2026-09-12', 11, '1750000.00', '0.00', '0.00', '1750000.00', '0.00', '0.00', '0.00', NULL, '2025-10-13 17:05:21', b'0', 3),
(713, 60, '2026-10-12', 12, '6750000.00', '5000000.00', '0.00', '1750000.00', '0.00', '0.00', '0.00', NULL, '2025-10-12 18:11:06', b'0', 3),
(714, 61, '2025-10-13', 1, '72000.00', '0.00', '0.00', '72000.00', '0.00', '0.00', '0.00', NULL, '2025-10-13 17:05:21', b'0', 3),
(715, 61, '2025-10-14', 2, '72000.00', '0.00', '0.00', '72000.00', '0.00', '0.00', '0.00', NULL, '2025-10-13 17:05:21', b'0', 3),
(716, 61, '2025-10-15', 3, '72000.00', '0.00', '0.00', '72000.00', '0.00', '0.00', '0.00', NULL, '2025-10-13 17:05:21', b'0', 3),
(717, 61, '2025-10-16', 4, '72000.00', '0.00', '0.00', '72000.00', '0.00', '0.00', '0.00', NULL, '2025-10-13 17:05:21', b'0', 3),
(718, 61, '2025-10-17', 5, '72000.00', '0.00', '0.00', '72000.00', '0.00', '0.00', '0.00', NULL, '2025-10-13 17:05:21', b'0', 3),
(719, 61, '2025-10-18', 6, '72000.00', '0.00', '0.00', '72000.00', '0.00', '0.00', '0.00', NULL, '2025-10-13 17:05:21', b'0', 3),
(720, 61, '2025-10-19', 7, '72000.00', '0.00', '0.00', '72000.00', '0.00', '0.00', '0.00', NULL, '2025-10-13 17:05:21', b'0', 3),
(721, 61, '2025-10-20', 8, '72000.00', '0.00', '0.00', '72000.00', '0.00', '0.00', '0.00', NULL, '2025-10-13 17:05:21', b'0', 3),
(722, 61, '2025-10-21', 9, '72000.00', '0.00', '0.00', '72000.00', '0.00', '0.00', '0.00', NULL, '2025-10-13 17:05:21', b'0', 3),
(723, 61, '2025-10-22', 10, '72000.00', '0.00', '0.00', '72000.00', '0.00', '0.00', '0.00', NULL, '2025-10-13 17:05:21', b'0', 3),
(724, 61, '2025-10-23', 11, '72000.00', '0.00', '0.00', '72000.00', '0.00', '0.00', '0.00', NULL, '2025-10-13 17:05:21', b'0', 3),
(725, 61, '2025-10-24', 12, '72000.00', '0.00', '0.00', '72000.00', '0.00', '0.00', '0.00', NULL, '2025-10-13 17:05:21', b'0', 3),
(726, 61, '2025-10-25', 13, '72000.00', '0.00', '0.00', '72000.00', '0.00', '0.00', '0.00', NULL, '2025-10-13 17:05:21', b'0', 3),
(727, 61, '2025-10-26', 14, '72000.00', '0.00', '0.00', '72000.00', '0.00', '0.00', '0.00', NULL, '2025-10-13 17:05:21', b'0', 3),
(728, 61, '2025-10-27', 15, '72000.00', '0.00', '0.00', '72000.00', '0.00', '0.00', '0.00', NULL, '2025-10-13 17:05:21', b'0', 3),
(729, 61, '2025-10-28', 16, '72000.00', '0.00', '0.00', '72000.00', '0.00', '0.00', '0.00', NULL, '2025-10-13 17:05:21', b'0', 3),
(730, 61, '2025-10-29', 17, '72000.00', '0.00', '0.00', '72000.00', '0.00', '0.00', '0.00', NULL, '2025-10-13 17:05:21', b'0', 3),
(731, 61, '2025-10-30', 18, '72000.00', '0.00', '0.00', '72000.00', '0.00', '0.00', '0.00', NULL, '2025-10-13 17:05:21', b'0', 3),
(732, 61, '2025-10-31', 19, '72000.00', '0.00', '0.00', '72000.00', '0.00', '0.00', '0.00', NULL, '2025-10-13 17:05:21', b'0', 3),
(733, 61, '2025-11-01', 20, '72000.00', '0.00', '0.00', '72000.00', '0.00', '0.00', '0.00', NULL, '2025-10-13 17:05:21', b'0', 3),
(734, 61, '2025-11-02', 21, '72000.00', '0.00', '0.00', '72000.00', '0.00', '0.00', '0.00', NULL, '2025-10-13 17:05:21', b'0', 3),
(735, 61, '2025-11-03', 22, '72000.00', '0.00', '0.00', '72000.00', '0.00', '0.00', '0.00', NULL, '2025-10-13 17:05:21', b'0', 3),
(736, 61, '2025-11-04', 23, '72000.00', '0.00', '0.00', '72000.00', '0.00', '0.00', '0.00', NULL, '2025-10-13 17:05:21', b'0', 3),
(737, 61, '2025-11-05', 24, '72000.00', '0.00', '0.00', '72000.00', '0.00', '0.00', '0.00', NULL, '2025-10-13 17:05:21', b'0', 3),
(738, 61, '2025-11-06', 25, '72000.00', '0.00', '0.00', '72000.00', '0.00', '0.00', '0.00', NULL, '2025-10-13 17:05:21', b'0', 3),
(739, 61, '2025-11-07', 26, '72000.00', '0.00', '0.00', '72000.00', '0.00', '0.00', '0.00', NULL, '2025-10-13 17:05:21', b'0', 3),
(740, 61, '2025-11-08', 27, '72000.00', '0.00', '0.00', '72000.00', '0.00', '0.00', '0.00', NULL, '2025-10-13 17:05:21', b'0', 3),
(741, 61, '2025-11-09', 28, '72000.00', '0.00', '0.00', '72000.00', '0.00', '0.00', '0.00', NULL, '2025-10-13 17:05:21', b'0', 3),
(742, 61, '2025-11-10', 29, '72000.00', '0.00', '0.00', '72000.00', '0.00', '0.00', '0.00', NULL, '2025-10-13 17:05:21', b'0', 3),
(743, 61, '2025-11-11', 30, '72000.00', '0.00', '0.00', '72000.00', '0.00', '0.00', '0.00', NULL, '2025-10-13 17:05:21', b'0', 3),
(744, 61, '2025-11-12', 31, '72000.00', '0.00', '0.00', '72000.00', '0.00', '0.00', '0.00', NULL, '2025-10-13 17:05:21', b'0', 3),
(745, 61, '2025-11-13', 32, '72000.00', '0.00', '0.00', '72000.00', '0.00', '0.00', '0.00', NULL, '2025-10-13 17:05:21', b'0', 3),
(746, 61, '2025-11-14', 33, '72000.00', '0.00', '0.00', '72000.00', '0.00', '0.00', '0.00', NULL, '2025-10-13 17:05:21', b'0', 3),
(747, 61, '2025-11-15', 34, '72000.00', '0.00', '0.00', '72000.00', '0.00', '0.00', '0.00', NULL, '2025-10-13 17:05:21', b'0', 3),
(748, 61, '2025-11-16', 35, '72000.00', '0.00', '0.00', '72000.00', '0.00', '0.00', '0.00', NULL, '2025-10-13 17:05:21', b'0', 3),
(749, 61, '2025-11-17', 36, '72000.00', '0.00', '0.00', '72000.00', '0.00', '0.00', '0.00', NULL, '2025-10-13 17:05:21', b'0', 3),
(750, 61, '2025-11-18', 37, '72000.00', '0.00', '0.00', '72000.00', '0.00', '0.00', '0.00', NULL, '2025-10-13 17:05:21', b'0', 3),
(751, 61, '2025-11-19', 38, '72000.00', '0.00', '0.00', '72000.00', '0.00', '0.00', '0.00', NULL, '2025-10-13 17:05:21', b'0', 3),
(752, 61, '2025-11-20', 39, '72000.00', '0.00', '0.00', '72000.00', '0.00', '0.00', '0.00', NULL, '2025-10-13 17:05:21', b'0', 3),
(753, 61, '2025-11-21', 40, '72000.00', '0.00', '0.00', '72000.00', '0.00', '0.00', '0.00', NULL, '2025-10-13 17:05:21', b'0', 3),
(754, 61, '2025-11-22', 41, '72000.00', '0.00', '0.00', '72000.00', '0.00', '0.00', '0.00', NULL, '2025-10-13 17:05:21', b'0', 3),
(755, 61, '2025-11-23', 42, '72000.00', '0.00', '0.00', '72000.00', '0.00', '0.00', '0.00', NULL, '2025-10-13 17:05:21', b'0', 3),
(756, 61, '2025-11-24', 43, '72000.00', '0.00', '0.00', '72000.00', '0.00', '0.00', '0.00', NULL, '2025-10-13 17:05:21', b'0', 3),
(757, 61, '2025-11-25', 44, '72000.00', '0.00', '0.00', '72000.00', '0.00', '0.00', '0.00', NULL, '2025-10-13 17:05:21', b'0', 3),
(758, 61, '2025-11-26', 45, '72000.00', '0.00', '0.00', '72000.00', '0.00', '0.00', '0.00', NULL, '2025-10-13 17:05:21', b'0', 3),
(759, 61, '2025-11-27', 46, '72000.00', '0.00', '0.00', '72000.00', '0.00', '0.00', '0.00', NULL, '2025-10-13 17:05:21', b'0', 3),
(760, 61, '2025-11-28', 47, '72000.00', '0.00', '0.00', '72000.00', '0.00', '0.00', '0.00', NULL, '2025-10-13 17:05:21', b'0', 3),
(761, 61, '2025-11-29', 48, '72000.00', '0.00', '0.00', '72000.00', '0.00', '0.00', '0.00', NULL, '2025-10-13 17:05:21', b'0', 3),
(762, 61, '2025-11-30', 49, '72000.00', '0.00', '0.00', '72000.00', '0.00', '0.00', '0.00', NULL, '2025-10-13 17:05:21', b'0', 3),
(763, 61, '2025-12-01', 50, '72000.00', '0.00', '0.00', '72000.00', '0.00', '0.00', '0.00', NULL, '2025-10-13 17:05:21', b'0', 3),
(764, 61, '2025-12-02', 51, '72000.00', '0.00', '0.00', '72000.00', '0.00', '0.00', '0.00', NULL, '2025-10-13 17:05:21', b'0', 3),
(765, 61, '2025-12-03', 52, '72000.00', '0.00', '0.00', '72000.00', '0.00', '0.00', '0.00', NULL, '2025-10-13 17:05:21', b'0', 3),
(766, 61, '2025-12-04', 53, '72000.00', '0.00', '0.00', '72000.00', '0.00', '0.00', '0.00', NULL, '2025-10-13 17:05:21', b'0', 3),
(767, 61, '2025-12-05', 54, '72000.00', '0.00', '0.00', '72000.00', '0.00', '0.00', '0.00', NULL, '2025-10-13 17:05:21', b'0', 3),
(768, 61, '2025-12-06', 55, '72000.00', '0.00', '0.00', '72000.00', '0.00', '0.00', '0.00', NULL, '2025-10-13 17:05:21', b'0', 3),
(769, 61, '2025-12-07', 56, '72000.00', '0.00', '0.00', '72000.00', '0.00', '0.00', '0.00', NULL, '2025-10-13 17:05:21', b'0', 3),
(770, 61, '2025-12-08', 57, '72000.00', '0.00', '0.00', '72000.00', '0.00', '0.00', '0.00', NULL, '2025-10-13 17:05:21', b'0', 3),
(771, 61, '2025-12-09', 58, '72000.00', '0.00', '0.00', '72000.00', '0.00', '0.00', '0.00', NULL, '2025-10-13 17:05:21', b'0', 3),
(772, 61, '2025-12-10', 59, '72000.00', '0.00', '0.00', '72000.00', '0.00', '0.00', '0.00', NULL, '2025-10-13 17:05:21', b'0', 3),
(773, 61, '2025-12-11', 60, '72000.00', '0.00', '0.00', '72000.00', '0.00', '0.00', '0.00', NULL, '2025-10-13 17:05:21', b'0', 3),
(774, 61, '2025-12-12', 61, '72000.00', '0.00', '0.00', '72000.00', '0.00', '0.00', '0.00', NULL, '2025-10-13 17:05:21', b'0', 3),
(775, 61, '2025-12-13', 62, '72000.00', '0.00', '0.00', '72000.00', '0.00', '0.00', '0.00', NULL, '2025-10-13 17:05:21', b'0', 3),
(776, 61, '2025-12-14', 63, '72000.00', '0.00', '0.00', '72000.00', '0.00', '0.00', '0.00', NULL, '2025-10-13 17:05:21', b'0', 3),
(777, 61, '2025-12-15', 64, '72000.00', '0.00', '0.00', '72000.00', '0.00', '0.00', '0.00', NULL, '2025-10-13 17:05:21', b'0', 3),
(778, 61, '2025-12-16', 65, '72000.00', '0.00', '0.00', '72000.00', '0.00', '0.00', '0.00', NULL, '2025-10-13 17:05:21', b'0', 3),
(779, 61, '2025-12-17', 66, '72000.00', '0.00', '0.00', '72000.00', '0.00', '0.00', '0.00', NULL, '2025-10-13 17:05:21', b'0', 3),
(780, 61, '2025-12-18', 67, '72000.00', '0.00', '0.00', '72000.00', '0.00', '0.00', '0.00', NULL, '2025-10-13 17:05:21', b'0', 3),
(781, 61, '2025-12-19', 68, '72000.00', '0.00', '0.00', '72000.00', '0.00', '0.00', '0.00', NULL, '2025-10-13 17:05:21', b'0', 3),
(782, 61, '2025-12-20', 69, '72000.00', '0.00', '0.00', '72000.00', '0.00', '0.00', '0.00', NULL, '2025-10-13 17:05:21', b'0', 3),
(783, 61, '2025-12-21', 70, '72000.00', '0.00', '0.00', '72000.00', '0.00', '0.00', '0.00', NULL, '2025-10-13 17:05:21', b'0', 3),
(784, 61, '2025-12-22', 71, '72000.00', '0.00', '0.00', '72000.00', '0.00', '0.00', '0.00', NULL, '2025-10-13 17:05:21', b'0', 3),
(785, 61, '2025-12-23', 72, '72000.00', '0.00', '0.00', '72000.00', '0.00', '0.00', '0.00', NULL, '2025-10-13 17:05:21', b'0', 3),
(786, 61, '2025-12-24', 73, '72000.00', '0.00', '0.00', '72000.00', '0.00', '0.00', '0.00', NULL, '2025-10-13 17:05:21', b'0', 3),
(787, 61, '2025-12-25', 74, '72000.00', '0.00', '0.00', '72000.00', '0.00', '0.00', '0.00', NULL, '2025-10-13 17:05:21', b'0', 3),
(788, 61, '2025-12-26', 75, '72000.00', '0.00', '0.00', '72000.00', '0.00', '0.00', '0.00', NULL, '2025-10-13 17:05:21', b'0', 3),
(789, 61, '2025-12-27', 76, '72000.00', '0.00', '0.00', '72000.00', '0.00', '0.00', '0.00', NULL, '2025-10-13 17:05:21', b'0', 3),
(790, 61, '2025-12-28', 77, '72000.00', '0.00', '0.00', '72000.00', '0.00', '0.00', '0.00', NULL, '2025-10-13 17:05:21', b'0', 3),
(791, 61, '2025-12-29', 78, '72000.00', '0.00', '0.00', '72000.00', '0.00', '0.00', '0.00', NULL, '2025-10-13 17:05:21', b'0', 3),
(792, 61, '2025-12-30', 79, '72000.00', '0.00', '0.00', '72000.00', '0.00', '0.00', '0.00', NULL, '2025-10-13 17:05:21', b'0', 3);
INSERT INTO `loan_items` (`id`, `loan_id`, `date`, `num_quota`, `fee_amount`, `capital_amount`, `capital_paid`, `interest_amount`, `interest_paid`, `balance`, `extra_payment`, `payment_desc`, `pay_date`, `status`, `paid_by`) VALUES
(793, 61, '2025-12-31', 80, '72000.00', '0.00', '0.00', '72000.00', '0.00', '0.00', '0.00', NULL, '2025-10-13 17:05:21', b'0', 3),
(794, 61, '2026-01-01', 81, '72000.00', '0.00', '0.00', '72000.00', '0.00', '0.00', '0.00', NULL, '2025-10-13 17:05:21', b'0', 3),
(795, 61, '2026-01-02', 82, '72000.00', '0.00', '0.00', '72000.00', '0.00', '0.00', '0.00', NULL, '2025-10-13 17:05:21', b'0', 3),
(796, 61, '2026-01-03', 83, '72000.00', '0.00', '0.00', '72000.00', '0.00', '0.00', '0.00', NULL, '2025-10-13 17:05:21', b'0', 3),
(797, 61, '2026-01-04', 84, '72000.00', '0.00', '0.00', '72000.00', '0.00', '0.00', '0.00', NULL, '2025-10-13 17:05:21', b'0', 3),
(798, 61, '2026-01-05', 85, '72000.00', '0.00', '0.00', '72000.00', '0.00', '0.00', '0.00', NULL, '2025-10-13 17:05:21', b'0', 3),
(799, 61, '2026-01-06', 86, '72000.00', '0.00', '0.00', '72000.00', '0.00', '0.00', '0.00', NULL, '2025-10-13 17:05:21', b'0', 3),
(800, 61, '2026-01-07', 87, '72000.00', '0.00', '0.00', '72000.00', '0.00', '0.00', '0.00', NULL, '2025-10-13 17:05:21', b'0', 3),
(801, 61, '2026-01-08', 88, '72000.00', '0.00', '0.00', '72000.00', '0.00', '0.00', '0.00', NULL, '2025-10-13 17:05:21', b'0', 3),
(802, 61, '2026-01-09', 89, '72000.00', '0.00', '0.00', '72000.00', '0.00', '0.00', '0.00', NULL, '2025-10-13 17:05:21', b'0', 3),
(803, 61, '2026-01-10', 90, '72000.00', '0.00', '0.00', '72000.00', '0.00', '0.00', '0.00', NULL, '2025-10-13 17:05:21', b'0', 3),
(804, 61, '2026-01-11', 91, '72000.00', '0.00', '0.00', '72000.00', '0.00', '0.00', '0.00', NULL, '2025-10-13 17:05:21', b'0', 3),
(805, 61, '2026-01-12', 92, '72000.00', '0.00', '0.00', '72000.00', '0.00', '0.00', '0.00', NULL, '2025-10-13 17:05:21', b'0', 3),
(806, 61, '2026-01-13', 93, '72000.00', '0.00', '0.00', '72000.00', '0.00', '0.00', '0.00', NULL, '2025-10-13 17:05:21', b'0', 3),
(807, 61, '2026-01-14', 94, '72000.00', '0.00', '0.00', '72000.00', '0.00', '0.00', '0.00', NULL, '2025-10-13 17:05:21', b'0', 3),
(808, 61, '2026-01-15', 95, '72000.00', '0.00', '0.00', '72000.00', '0.00', '0.00', '0.00', NULL, '2025-10-13 17:05:21', b'0', 3),
(809, 61, '2026-01-16', 96, '72000.00', '0.00', '0.00', '72000.00', '0.00', '0.00', '0.00', NULL, '2025-10-13 17:05:21', b'0', 3),
(810, 61, '2026-01-17', 97, '72000.00', '0.00', '0.00', '72000.00', '0.00', '0.00', '0.00', NULL, '2025-10-13 17:05:21', b'0', 3),
(811, 61, '2026-01-18', 98, '72000.00', '0.00', '0.00', '72000.00', '0.00', '0.00', '0.00', NULL, '2025-10-13 17:05:21', b'0', 3),
(812, 61, '2026-01-19', 99, '72000.00', '0.00', '0.00', '72000.00', '0.00', '0.00', '0.00', NULL, '2025-10-13 17:05:21', b'0', 3),
(813, 61, '2026-01-20', 100, '72000.00', '0.00', '0.00', '72000.00', '0.00', '0.00', '0.00', NULL, '2025-10-13 17:05:21', b'0', 3),
(814, 61, '2026-01-21', 101, '72000.00', '0.00', '0.00', '72000.00', '0.00', '0.00', '0.00', NULL, '2025-10-13 17:05:21', b'0', 3),
(815, 61, '2026-01-22', 102, '72000.00', '0.00', '0.00', '72000.00', '0.00', '0.00', '0.00', NULL, '2025-10-13 17:05:21', b'0', 3),
(816, 61, '2026-01-23', 103, '72000.00', '0.00', '0.00', '72000.00', '0.00', '0.00', '0.00', NULL, '2025-10-13 17:05:21', b'0', 3),
(817, 61, '2026-01-24', 104, '72000.00', '0.00', '0.00', '72000.00', '0.00', '0.00', '0.00', NULL, '2025-10-13 17:05:21', b'0', 3),
(818, 61, '2026-01-25', 105, '72000.00', '0.00', '0.00', '72000.00', '0.00', '0.00', '0.00', NULL, '2025-10-13 17:05:21', b'0', 3),
(819, 61, '2026-01-26', 106, '72000.00', '0.00', '0.00', '72000.00', '0.00', '0.00', '0.00', NULL, '2025-10-13 17:05:21', b'0', 3),
(820, 61, '2026-01-27', 107, '72000.00', '0.00', '0.00', '72000.00', '0.00', '0.00', '0.00', NULL, '2025-10-13 17:05:21', b'0', 3),
(821, 61, '2026-01-28', 108, '72000.00', '0.00', '0.00', '72000.00', '0.00', '0.00', '0.00', NULL, '2025-10-13 17:05:21', b'0', 3),
(822, 61, '2026-01-29', 109, '72000.00', '0.00', '0.00', '72000.00', '0.00', '0.00', '0.00', NULL, '2025-10-13 17:05:21', b'0', 3),
(823, 61, '2026-01-30', 110, '72000.00', '0.00', '0.00', '72000.00', '0.00', '0.00', '0.00', NULL, '2025-10-13 17:05:21', b'0', 3),
(824, 61, '2026-01-31', 111, '72000.00', '0.00', '0.00', '72000.00', '0.00', '0.00', '0.00', NULL, '2025-10-13 17:05:21', b'0', 3),
(825, 61, '2026-02-01', 112, '72000.00', '0.00', '0.00', '72000.00', '0.00', '0.00', '0.00', NULL, '2025-10-13 17:05:21', b'0', 3),
(826, 61, '2026-02-02', 113, '72000.00', '0.00', '0.00', '72000.00', '0.00', '0.00', '0.00', NULL, '2025-10-13 17:05:21', b'0', 3),
(827, 61, '2026-02-03', 114, '72000.00', '0.00', '0.00', '72000.00', '0.00', '0.00', '0.00', NULL, '2025-10-13 17:05:21', b'0', 3),
(828, 61, '2026-02-04', 115, '72000.00', '0.00', '0.00', '72000.00', '0.00', '0.00', '0.00', NULL, '2025-10-13 17:05:21', b'0', 3),
(829, 61, '2026-02-05', 116, '72000.00', '0.00', '0.00', '72000.00', '0.00', '0.00', '0.00', NULL, '2025-10-13 17:05:21', b'0', 3),
(830, 61, '2026-02-06', 117, '72000.00', '0.00', '0.00', '72000.00', '0.00', '0.00', '0.00', NULL, '2025-10-13 17:05:21', b'0', 3),
(831, 61, '2026-02-07', 118, '72000.00', '0.00', '0.00', '72000.00', '0.00', '0.00', '0.00', NULL, '2025-10-13 17:05:21', b'0', 3),
(832, 61, '2026-02-08', 119, '72000.00', '0.00', '0.00', '72000.00', '0.00', '0.00', '0.00', NULL, '2025-10-13 17:05:21', b'0', 3),
(833, 61, '2026-02-09', 120, '72000.00', '0.00', '0.00', '72000.00', '0.00', '0.00', '0.00', NULL, '2025-10-13 17:05:21', b'0', 3),
(834, 61, '2026-02-10', 121, '72000.00', '0.00', '0.00', '72000.00', '0.00', '0.00', '0.00', NULL, '2025-10-13 17:05:21', b'0', 3),
(835, 61, '2026-02-11', 122, '72000.00', '0.00', '0.00', '72000.00', '0.00', '0.00', '0.00', NULL, '2025-10-13 17:05:21', b'0', 3),
(836, 61, '2026-02-12', 123, '72000.00', '0.00', '0.00', '72000.00', '0.00', '0.00', '0.00', NULL, '2025-10-13 17:05:21', b'0', 3),
(837, 61, '2026-02-13', 124, '72000.00', '0.00', '0.00', '72000.00', '0.00', '0.00', '0.00', NULL, '2025-10-13 17:05:21', b'0', 3),
(838, 61, '2026-02-14', 125, '72000.00', '0.00', '0.00', '72000.00', '0.00', '0.00', '0.00', NULL, '2025-10-13 17:05:21', b'0', 3),
(839, 61, '2026-02-15', 126, '72000.00', '0.00', '0.00', '72000.00', '0.00', '0.00', '0.00', NULL, '2025-10-13 17:05:21', b'0', 3),
(840, 61, '2026-02-16', 127, '72000.00', '0.00', '0.00', '72000.00', '0.00', '0.00', '0.00', NULL, '2025-10-13 17:05:21', b'0', 3),
(841, 61, '2026-02-17', 128, '72000.00', '0.00', '0.00', '72000.00', '0.00', '0.00', '0.00', NULL, '2025-10-13 17:05:21', b'0', 3),
(842, 61, '2026-02-18', 129, '72000.00', '0.00', '0.00', '72000.00', '0.00', '0.00', '0.00', NULL, '2025-10-13 17:05:21', b'0', 3),
(843, 61, '2026-02-19', 130, '72000.00', '0.00', '0.00', '72000.00', '0.00', '0.00', '0.00', NULL, '2025-10-13 17:05:21', b'0', 3),
(844, 61, '2026-02-20', 131, '72000.00', '0.00', '0.00', '72000.00', '0.00', '0.00', '0.00', NULL, '2025-10-13 17:05:21', b'0', 3),
(845, 61, '2026-02-21', 132, '72000.00', '0.00', '0.00', '72000.00', '0.00', '0.00', '0.00', NULL, '2025-10-13 17:05:21', b'0', 3),
(846, 61, '2026-02-22', 133, '72000.00', '0.00', '0.00', '72000.00', '0.00', '0.00', '0.00', NULL, '2025-10-13 17:05:21', b'0', 3),
(847, 61, '2026-02-23', 134, '72000.00', '0.00', '0.00', '72000.00', '0.00', '0.00', '0.00', NULL, '2025-10-13 17:05:21', b'0', 3),
(848, 61, '2026-02-24', 135, '72000.00', '0.00', '0.00', '72000.00', '0.00', '0.00', '0.00', NULL, '2025-10-13 17:05:21', b'0', 3),
(849, 61, '2026-02-25', 136, '72000.00', '0.00', '0.00', '72000.00', '0.00', '0.00', '0.00', NULL, '2025-10-13 17:05:21', b'0', 3),
(850, 61, '2026-02-26', 137, '72000.00', '0.00', '0.00', '72000.00', '0.00', '0.00', '0.00', NULL, '2025-10-13 17:05:21', b'0', 3),
(851, 61, '2026-02-27', 138, '72000.00', '0.00', '0.00', '72000.00', '0.00', '0.00', '0.00', NULL, '2025-10-13 17:05:21', b'0', 3),
(852, 61, '2026-02-28', 139, '72000.00', '0.00', '0.00', '72000.00', '0.00', '0.00', '0.00', NULL, '2025-10-13 17:05:21', b'0', 3),
(853, 61, '2026-03-01', 140, '72000.00', '0.00', '0.00', '72000.00', '0.00', '0.00', '0.00', NULL, '2025-10-13 17:05:21', b'0', 3),
(854, 61, '2026-03-02', 141, '72000.00', '0.00', '0.00', '72000.00', '0.00', '0.00', '0.00', NULL, '2025-10-13 17:05:21', b'0', 3),
(855, 61, '2026-03-03', 142, '72000.00', '0.00', '0.00', '72000.00', '0.00', '0.00', '0.00', NULL, '2025-10-13 17:05:21', b'0', 3),
(856, 61, '2026-03-04', 143, '72000.00', '0.00', '0.00', '72000.00', '0.00', '0.00', '0.00', NULL, '2025-10-13 17:05:21', b'0', 3),
(857, 61, '2026-03-05', 144, '72000.00', '0.00', '0.00', '72000.00', '0.00', '0.00', '0.00', NULL, '2025-10-13 17:05:21', b'0', 3),
(858, 61, '2026-03-06', 145, '72000.00', '0.00', '0.00', '72000.00', '0.00', '0.00', '0.00', NULL, '2025-10-13 17:05:21', b'0', 3),
(859, 61, '2026-03-07', 146, '72000.00', '0.00', '0.00', '72000.00', '0.00', '0.00', '0.00', NULL, '2025-10-13 17:05:21', b'0', 3),
(860, 61, '2026-03-08', 147, '72000.00', '0.00', '0.00', '72000.00', '0.00', '0.00', '0.00', NULL, '2025-10-13 17:05:21', b'0', 3),
(861, 61, '2026-03-09', 148, '72000.00', '0.00', '0.00', '72000.00', '0.00', '0.00', '0.00', NULL, '2025-10-13 17:05:21', b'0', 3),
(862, 61, '2026-03-10', 149, '72000.00', '0.00', '0.00', '72000.00', '0.00', '0.00', '0.00', NULL, '2025-10-13 17:05:21', b'0', 3),
(863, 61, '2026-03-11', 150, '72000.00', '0.00', '0.00', '72000.00', '0.00', '0.00', '0.00', NULL, '2025-10-13 17:05:21', b'0', 3),
(864, 61, '2026-03-12', 151, '72000.00', '0.00', '0.00', '72000.00', '0.00', '0.00', '0.00', NULL, '2025-10-13 17:05:21', b'0', 3),
(865, 61, '2026-03-13', 152, '72000.00', '0.00', '0.00', '72000.00', '0.00', '0.00', '0.00', NULL, '2025-10-13 17:05:21', b'0', 3),
(866, 61, '2026-03-14', 153, '72000.00', '0.00', '0.00', '72000.00', '0.00', '0.00', '0.00', NULL, '2025-10-13 17:05:21', b'0', 3),
(867, 61, '2026-03-15', 154, '72000.00', '0.00', '0.00', '72000.00', '0.00', '0.00', '0.00', NULL, '2025-10-13 17:05:21', b'0', 3),
(868, 61, '2026-03-16', 155, '72000.00', '0.00', '0.00', '72000.00', '0.00', '0.00', '0.00', NULL, '2025-10-13 17:05:21', b'0', 3),
(869, 61, '2026-03-17', 156, '72000.00', '0.00', '0.00', '72000.00', '0.00', '0.00', '0.00', NULL, '2025-10-13 17:05:21', b'0', 3),
(870, 61, '2026-03-18', 157, '72000.00', '0.00', '0.00', '72000.00', '0.00', '0.00', '0.00', NULL, '2025-10-13 17:05:21', b'0', 3),
(871, 61, '2026-03-19', 158, '72000.00', '0.00', '0.00', '72000.00', '0.00', '0.00', '0.00', NULL, '2025-10-13 17:05:21', b'0', 3),
(872, 61, '2026-03-20', 159, '72000.00', '0.00', '0.00', '72000.00', '0.00', '0.00', '0.00', NULL, '2025-10-13 17:05:21', b'0', 3),
(873, 61, '2026-03-21', 160, '72000.00', '0.00', '0.00', '72000.00', '0.00', '0.00', '0.00', NULL, '2025-10-13 17:05:21', b'0', 3),
(874, 61, '2026-03-22', 161, '72000.00', '0.00', '0.00', '72000.00', '0.00', '0.00', '0.00', NULL, '2025-10-13 17:05:21', b'0', 3),
(875, 61, '2026-03-23', 162, '72000.00', '0.00', '0.00', '72000.00', '0.00', '0.00', '0.00', NULL, '2025-10-13 17:05:21', b'0', 3),
(876, 61, '2026-03-24', 163, '72000.00', '0.00', '0.00', '72000.00', '0.00', '0.00', '0.00', NULL, '2025-10-13 17:05:21', b'0', 3),
(877, 61, '2026-03-25', 164, '72000.00', '0.00', '0.00', '72000.00', '0.00', '0.00', '0.00', NULL, '2025-10-13 17:05:21', b'0', 3),
(878, 61, '2026-03-26', 165, '72000.00', '0.00', '0.00', '72000.00', '0.00', '0.00', '0.00', NULL, '2025-10-13 17:05:21', b'0', 3),
(879, 61, '2026-03-27', 166, '72000.00', '0.00', '0.00', '72000.00', '0.00', '0.00', '0.00', NULL, '2025-10-13 17:05:21', b'0', 3),
(880, 61, '2026-03-28', 167, '72000.00', '0.00', '0.00', '72000.00', '0.00', '0.00', '0.00', NULL, '2025-10-13 17:05:21', b'0', 3),
(881, 61, '2026-03-29', 168, '72000.00', '0.00', '0.00', '72000.00', '0.00', '0.00', '0.00', NULL, '2025-10-13 17:05:21', b'0', 3),
(882, 61, '2026-03-30', 169, '72000.00', '0.00', '0.00', '72000.00', '0.00', '0.00', '0.00', NULL, '2025-10-13 17:05:21', b'0', 3),
(883, 61, '2026-03-31', 170, '72000.00', '0.00', '0.00', '72000.00', '0.00', '0.00', '0.00', NULL, '2025-10-13 17:05:21', b'0', 3),
(884, 61, '2026-04-01', 171, '72000.00', '0.00', '0.00', '72000.00', '0.00', '0.00', '0.00', NULL, '2025-10-13 17:05:21', b'0', 3),
(885, 61, '2026-04-02', 172, '72000.00', '0.00', '0.00', '72000.00', '0.00', '0.00', '0.00', NULL, '2025-10-13 17:05:21', b'0', 3),
(886, 61, '2026-04-03', 173, '72000.00', '0.00', '0.00', '72000.00', '0.00', '0.00', '0.00', NULL, '2025-10-13 17:05:21', b'0', 3),
(887, 61, '2026-04-04', 174, '72000.00', '0.00', '0.00', '72000.00', '0.00', '0.00', '0.00', NULL, '2025-10-13 17:05:21', b'0', 3),
(888, 61, '2026-04-05', 175, '72000.00', '0.00', '0.00', '72000.00', '0.00', '0.00', '0.00', NULL, '2025-10-13 17:05:21', b'0', 3),
(889, 61, '2026-04-06', 176, '72000.00', '0.00', '0.00', '72000.00', '0.00', '0.00', '0.00', NULL, '2025-10-13 17:05:21', b'0', 3),
(890, 61, '2026-04-07', 177, '72000.00', '0.00', '0.00', '72000.00', '0.00', '0.00', '0.00', NULL, '2025-10-13 17:05:21', b'0', 3),
(891, 61, '2026-04-08', 178, '72000.00', '0.00', '0.00', '72000.00', '0.00', '0.00', '0.00', NULL, '2025-10-13 17:05:21', b'0', 3),
(892, 61, '2026-04-09', 179, '72000.00', '0.00', '0.00', '72000.00', '0.00', '0.00', '0.00', NULL, '2025-10-13 17:05:21', b'0', 3),
(893, 61, '2026-04-10', 180, '72000.00', '0.00', '0.00', '72000.00', '0.00', '0.00', '0.00', NULL, '2025-10-13 17:05:21', b'0', 3),
(894, 61, '2026-04-11', 181, '72000.00', '0.00', '0.00', '72000.00', '0.00', '0.00', '0.00', NULL, '2025-10-13 17:05:21', b'0', 3),
(895, 61, '2026-04-12', 182, '72000.00', '0.00', '0.00', '72000.00', '0.00', '0.00', '0.00', NULL, '2025-10-13 17:05:21', b'0', 3),
(896, 61, '2026-04-13', 183, '72000.00', '0.00', '0.00', '72000.00', '0.00', '0.00', '0.00', NULL, '2025-10-13 17:05:21', b'0', 3),
(897, 61, '2026-04-14', 184, '72000.00', '0.00', '0.00', '72000.00', '0.00', '0.00', '0.00', NULL, '2025-10-13 17:05:21', b'0', 3),
(898, 61, '2026-04-15', 185, '72000.00', '0.00', '0.00', '72000.00', '0.00', '0.00', '0.00', NULL, '2025-10-13 17:05:21', b'0', 3),
(899, 61, '2026-04-16', 186, '72000.00', '0.00', '0.00', '72000.00', '0.00', '0.00', '0.00', NULL, '2025-10-13 17:05:21', b'0', 3),
(900, 61, '2026-04-17', 187, '72000.00', '0.00', '0.00', '72000.00', '0.00', '0.00', '0.00', NULL, '2025-10-13 17:05:21', b'0', 3),
(901, 61, '2026-04-18', 188, '72000.00', '0.00', '0.00', '72000.00', '0.00', '0.00', '0.00', NULL, '2025-10-13 17:05:21', b'0', 3),
(902, 61, '2026-04-19', 189, '72000.00', '0.00', '0.00', '72000.00', '0.00', '0.00', '0.00', NULL, '2025-10-13 17:05:21', b'0', 3),
(903, 61, '2026-04-20', 190, '72000.00', '0.00', '0.00', '72000.00', '0.00', '0.00', '0.00', NULL, '2025-10-13 17:05:21', b'0', 3),
(904, 61, '2026-04-21', 191, '72000.00', '0.00', '0.00', '72000.00', '0.00', '0.00', '0.00', NULL, '2025-10-13 17:05:21', b'0', 3),
(905, 61, '2026-04-22', 192, '72000.00', '0.00', '0.00', '72000.00', '0.00', '0.00', '0.00', NULL, '2025-10-13 17:05:21', b'0', 3),
(906, 61, '2026-04-23', 193, '72000.00', '0.00', '0.00', '72000.00', '0.00', '0.00', '0.00', NULL, '2025-10-13 17:05:21', b'0', 3),
(907, 61, '2026-04-24', 194, '72000.00', '0.00', '0.00', '72000.00', '0.00', '0.00', '0.00', NULL, '2025-10-13 17:05:21', b'0', 3),
(908, 61, '2026-04-25', 195, '72000.00', '0.00', '0.00', '72000.00', '0.00', '0.00', '0.00', NULL, '2025-10-13 17:05:21', b'0', 3),
(909, 61, '2026-04-26', 196, '72000.00', '0.00', '0.00', '72000.00', '0.00', '0.00', '0.00', NULL, '2025-10-13 17:05:21', b'0', 3),
(910, 61, '2026-04-27', 197, '72000.00', '0.00', '0.00', '72000.00', '0.00', '0.00', '0.00', NULL, '2025-10-13 17:05:21', b'0', 3),
(911, 61, '2026-04-28', 198, '72000.00', '0.00', '0.00', '72000.00', '0.00', '0.00', '0.00', NULL, '2025-10-13 17:05:21', b'0', 3),
(912, 61, '2026-04-29', 199, '72000.00', '0.00', '0.00', '72000.00', '0.00', '0.00', '0.00', NULL, '2025-10-13 17:05:21', b'0', 3),
(913, 61, '2026-04-30', 200, '72000.00', '0.00', '0.00', '72000.00', '0.00', '0.00', '0.00', NULL, '2025-10-13 17:05:21', b'0', 3),
(914, 61, '2026-05-01', 201, '72000.00', '0.00', '0.00', '72000.00', '0.00', '0.00', '0.00', NULL, '2025-10-13 17:05:21', b'0', 3),
(915, 61, '2026-05-02', 202, '72000.00', '0.00', '0.00', '72000.00', '0.00', '0.00', '0.00', NULL, '2025-10-13 17:05:21', b'0', 3),
(916, 61, '2026-05-03', 203, '72000.00', '0.00', '0.00', '72000.00', '0.00', '0.00', '0.00', NULL, '2025-10-13 17:05:21', b'0', 3),
(917, 61, '2026-05-04', 204, '72000.00', '0.00', '0.00', '72000.00', '0.00', '0.00', '0.00', NULL, '2025-10-13 17:05:21', b'0', 3),
(918, 61, '2026-05-05', 205, '72000.00', '0.00', '0.00', '72000.00', '0.00', '0.00', '0.00', NULL, '2025-10-13 17:05:21', b'0', 3),
(919, 61, '2026-05-06', 206, '72000.00', '0.00', '0.00', '72000.00', '0.00', '0.00', '0.00', NULL, '2025-10-13 17:05:21', b'0', 3),
(920, 61, '2026-05-07', 207, '72000.00', '0.00', '0.00', '72000.00', '0.00', '0.00', '0.00', NULL, '2025-10-13 17:05:21', b'0', 3),
(921, 61, '2026-05-08', 208, '72000.00', '0.00', '0.00', '72000.00', '0.00', '0.00', '0.00', NULL, '2025-10-13 17:05:21', b'0', 3),
(922, 61, '2026-05-09', 209, '72000.00', '0.00', '0.00', '72000.00', '0.00', '0.00', '0.00', NULL, '2025-10-13 17:05:21', b'0', 3),
(923, 61, '2026-05-10', 210, '72000.00', '0.00', '0.00', '72000.00', '0.00', '0.00', '0.00', NULL, '2025-10-13 17:05:21', b'0', 3),
(924, 61, '2026-05-11', 211, '72000.00', '0.00', '0.00', '72000.00', '0.00', '0.00', '0.00', NULL, '2025-10-13 17:05:21', b'0', 3),
(925, 61, '2026-05-12', 212, '72000.00', '0.00', '0.00', '72000.00', '0.00', '0.00', '0.00', NULL, '2025-10-13 17:05:21', b'0', 3),
(926, 61, '2026-05-13', 213, '72000.00', '0.00', '0.00', '72000.00', '0.00', '0.00', '0.00', NULL, '2025-10-13 17:05:21', b'0', 3),
(927, 61, '2026-05-14', 214, '72000.00', '0.00', '0.00', '72000.00', '0.00', '0.00', '0.00', NULL, '2025-10-13 17:05:21', b'0', 3),
(928, 61, '2026-05-15', 215, '72000.00', '0.00', '0.00', '72000.00', '0.00', '0.00', '0.00', NULL, '2025-10-13 17:05:21', b'0', 3),
(929, 61, '2026-05-16', 216, '72000.00', '0.00', '0.00', '72000.00', '0.00', '0.00', '0.00', NULL, '2025-10-13 17:05:21', b'0', 3),
(930, 61, '2026-05-17', 217, '72000.00', '0.00', '0.00', '72000.00', '0.00', '0.00', '0.00', NULL, '2025-10-13 17:05:21', b'0', 3),
(931, 61, '2026-05-18', 218, '72000.00', '0.00', '0.00', '72000.00', '0.00', '0.00', '0.00', NULL, '2025-10-13 17:05:21', b'0', 3),
(932, 61, '2026-05-19', 219, '72000.00', '0.00', '0.00', '72000.00', '0.00', '0.00', '0.00', NULL, '2025-10-13 17:05:21', b'0', 3),
(933, 61, '2026-05-20', 220, '72000.00', '0.00', '0.00', '72000.00', '0.00', '0.00', '0.00', NULL, '2025-10-13 17:05:21', b'0', 3),
(934, 61, '2026-05-21', 221, '72000.00', '0.00', '0.00', '72000.00', '0.00', '0.00', '0.00', NULL, '2025-10-13 17:05:21', b'0', 3),
(935, 61, '2026-05-22', 222, '72000.00', '0.00', '0.00', '72000.00', '0.00', '0.00', '0.00', NULL, '2025-10-13 17:05:21', b'0', 3),
(936, 61, '2026-05-23', 223, '72000.00', '0.00', '0.00', '72000.00', '0.00', '0.00', '0.00', NULL, '2025-10-13 17:05:21', b'0', 3),
(937, 61, '2026-05-24', 224, '72000.00', '0.00', '0.00', '72000.00', '0.00', '0.00', '0.00', NULL, '2025-10-13 17:05:21', b'0', 3),
(938, 61, '2026-05-25', 225, '72000.00', '0.00', '0.00', '72000.00', '0.00', '0.00', '0.00', NULL, '2025-10-13 17:05:21', b'0', 3),
(939, 61, '2026-05-26', 226, '72000.00', '0.00', '0.00', '72000.00', '0.00', '0.00', '0.00', NULL, '2025-10-13 17:05:21', b'0', 3),
(940, 61, '2026-05-27', 227, '72000.00', '0.00', '0.00', '72000.00', '0.00', '0.00', '0.00', NULL, '2025-10-13 17:05:21', b'0', 3),
(941, 61, '2026-05-28', 228, '72000.00', '0.00', '0.00', '72000.00', '0.00', '0.00', '0.00', NULL, '2025-10-13 17:05:21', b'0', 3),
(942, 61, '2026-05-29', 229, '72000.00', '0.00', '0.00', '72000.00', '0.00', '0.00', '0.00', NULL, '2025-10-13 17:05:21', b'0', 3),
(943, 61, '2026-05-30', 230, '72000.00', '0.00', '0.00', '72000.00', '0.00', '0.00', '0.00', NULL, '2025-10-13 17:05:21', b'0', 3),
(944, 61, '2026-05-31', 231, '72000.00', '0.00', '0.00', '72000.00', '0.00', '0.00', '0.00', NULL, '2025-10-13 17:05:21', b'0', 3),
(945, 61, '2026-06-01', 232, '72000.00', '0.00', '0.00', '72000.00', '0.00', '0.00', '0.00', NULL, '2025-10-13 17:05:21', b'0', 3),
(946, 61, '2026-06-02', 233, '72000.00', '0.00', '0.00', '72000.00', '0.00', '0.00', '0.00', NULL, '2025-10-13 17:05:21', b'0', 3),
(947, 61, '2026-06-03', 234, '72000.00', '0.00', '0.00', '72000.00', '0.00', '0.00', '0.00', NULL, '2025-10-13 17:05:21', b'0', 3),
(948, 61, '2026-06-04', 235, '72000.00', '0.00', '0.00', '72000.00', '0.00', '0.00', '0.00', NULL, '2025-10-13 17:05:21', b'0', 3),
(949, 61, '2026-06-05', 236, '72000.00', '0.00', '0.00', '72000.00', '0.00', '0.00', '0.00', NULL, '2025-10-13 17:05:21', b'0', 3),
(950, 61, '2026-06-06', 237, '72000.00', '0.00', '0.00', '72000.00', '0.00', '0.00', '0.00', NULL, '2025-10-13 17:05:21', b'0', 3),
(951, 61, '2026-06-07', 238, '72000.00', '0.00', '0.00', '72000.00', '0.00', '0.00', '0.00', NULL, '2025-10-13 17:05:21', b'0', 3),
(952, 61, '2026-06-08', 239, '72000.00', '0.00', '0.00', '72000.00', '0.00', '0.00', '0.00', NULL, '2025-10-13 17:05:21', b'0', 3),
(953, 61, '2026-06-09', 240, '72000.00', '0.00', '0.00', '72000.00', '0.00', '0.00', '0.00', NULL, '2025-10-13 17:05:21', b'0', 3),
(954, 61, '2026-06-10', 241, '72000.00', '0.00', '0.00', '72000.00', '0.00', '0.00', '0.00', NULL, '2025-10-13 17:05:21', b'0', 3),
(955, 61, '2026-06-11', 242, '72000.00', '0.00', '0.00', '72000.00', '0.00', '0.00', '0.00', NULL, '2025-10-13 17:05:21', b'0', 3),
(956, 61, '2026-06-12', 243, '72000.00', '0.00', '0.00', '72000.00', '0.00', '0.00', '0.00', NULL, '2025-10-13 17:05:21', b'0', 3),
(957, 61, '2026-06-13', 244, '72000.00', '0.00', '0.00', '72000.00', '0.00', '0.00', '0.00', NULL, '2025-10-13 17:05:21', b'0', 3),
(958, 61, '2026-06-14', 245, '72000.00', '0.00', '0.00', '72000.00', '0.00', '0.00', '0.00', NULL, '2025-10-13 17:05:21', b'0', 3),
(959, 61, '2026-06-15', 246, '72000.00', '0.00', '0.00', '72000.00', '0.00', '0.00', '0.00', NULL, '2025-10-13 17:05:21', b'0', 3),
(960, 61, '2026-06-16', 247, '72000.00', '0.00', '0.00', '72000.00', '0.00', '0.00', '0.00', NULL, '2025-10-13 17:05:21', b'0', 3),
(961, 61, '2026-06-17', 248, '72000.00', '0.00', '0.00', '72000.00', '0.00', '0.00', '0.00', NULL, '2025-10-13 17:05:21', b'0', 3),
(962, 61, '2026-06-18', 249, '72000.00', '0.00', '0.00', '72000.00', '0.00', '0.00', '0.00', NULL, '2025-10-13 17:05:21', b'0', 3),
(963, 61, '2026-06-19', 250, '72000.00', '0.00', '0.00', '72000.00', '0.00', '0.00', '0.00', NULL, '2025-10-13 17:05:21', b'0', 3),
(964, 61, '2026-06-20', 251, '72000.00', '0.00', '0.00', '72000.00', '0.00', '0.00', '0.00', NULL, '2025-10-13 17:05:21', b'0', 3),
(965, 61, '2026-06-21', 252, '72000.00', '0.00', '0.00', '72000.00', '0.00', '0.00', '0.00', NULL, '2025-10-13 17:05:21', b'0', 3),
(966, 61, '2026-06-22', 253, '72000.00', '0.00', '0.00', '72000.00', '0.00', '0.00', '0.00', NULL, '2025-10-13 17:05:21', b'0', 3),
(967, 61, '2026-06-23', 254, '72000.00', '0.00', '0.00', '72000.00', '0.00', '0.00', '0.00', NULL, '2025-10-13 17:05:21', b'0', 3),
(968, 61, '2026-06-24', 255, '72000.00', '0.00', '0.00', '72000.00', '0.00', '0.00', '0.00', NULL, '2025-10-13 17:05:21', b'0', 3),
(969, 61, '2026-06-25', 256, '72000.00', '0.00', '0.00', '72000.00', '0.00', '0.00', '0.00', NULL, '2025-10-13 17:05:21', b'0', 3),
(970, 61, '2026-06-26', 257, '72000.00', '0.00', '0.00', '72000.00', '0.00', '0.00', '0.00', NULL, '2025-10-13 17:05:21', b'0', 3),
(971, 61, '2026-06-27', 258, '72000.00', '0.00', '0.00', '72000.00', '0.00', '0.00', '0.00', NULL, '2025-10-13 17:05:21', b'0', 3),
(972, 61, '2026-06-28', 259, '72000.00', '0.00', '0.00', '72000.00', '0.00', '0.00', '0.00', NULL, '2025-10-13 17:05:21', b'0', 3),
(973, 61, '2026-06-29', 260, '72000.00', '0.00', '0.00', '72000.00', '0.00', '0.00', '0.00', NULL, '2025-10-13 17:05:21', b'0', 3),
(974, 61, '2026-06-30', 261, '72000.00', '0.00', '0.00', '72000.00', '0.00', '0.00', '0.00', NULL, '2025-10-13 17:05:21', b'0', 3),
(975, 61, '2026-07-01', 262, '72000.00', '0.00', '0.00', '72000.00', '0.00', '0.00', '0.00', NULL, '2025-10-13 17:05:21', b'0', 3),
(976, 61, '2026-07-02', 263, '72000.00', '0.00', '0.00', '72000.00', '0.00', '0.00', '0.00', NULL, '2025-10-13 17:05:21', b'0', 3),
(977, 61, '2026-07-03', 264, '72000.00', '0.00', '0.00', '72000.00', '0.00', '0.00', '0.00', NULL, '2025-10-13 17:05:21', b'0', 3),
(978, 61, '2026-07-04', 265, '72000.00', '0.00', '0.00', '72000.00', '0.00', '0.00', '0.00', NULL, '2025-10-13 17:05:21', b'0', 3),
(979, 61, '2026-07-05', 266, '72000.00', '0.00', '0.00', '72000.00', '0.00', '0.00', '0.00', NULL, '2025-10-13 17:05:21', b'0', 3),
(980, 61, '2026-07-06', 267, '72000.00', '0.00', '0.00', '72000.00', '0.00', '0.00', '0.00', NULL, '2025-10-13 17:05:21', b'0', 3),
(981, 61, '2026-07-07', 268, '72000.00', '0.00', '0.00', '72000.00', '0.00', '0.00', '0.00', NULL, '2025-10-13 17:05:21', b'0', 3),
(982, 61, '2026-07-08', 269, '72000.00', '0.00', '0.00', '72000.00', '0.00', '0.00', '0.00', NULL, '2025-10-13 17:05:21', b'0', 3),
(983, 61, '2026-07-09', 270, '72000.00', '0.00', '0.00', '72000.00', '0.00', '0.00', '0.00', NULL, '2025-10-13 17:05:21', b'0', 3),
(984, 61, '2026-07-10', 271, '72000.00', '0.00', '0.00', '72000.00', '0.00', '0.00', '0.00', NULL, '2025-10-13 17:05:21', b'0', 3),
(985, 61, '2026-07-11', 272, '72000.00', '0.00', '0.00', '72000.00', '0.00', '0.00', '0.00', NULL, '2025-10-13 17:05:21', b'0', 3),
(986, 61, '2026-07-12', 273, '72000.00', '0.00', '0.00', '72000.00', '0.00', '0.00', '0.00', NULL, '2025-10-13 17:05:21', b'0', 3),
(987, 61, '2026-07-13', 274, '72000.00', '0.00', '0.00', '72000.00', '0.00', '0.00', '0.00', NULL, '2025-10-13 17:05:21', b'0', 3),
(988, 61, '2026-07-14', 275, '72000.00', '0.00', '0.00', '72000.00', '0.00', '0.00', '0.00', NULL, '2025-10-13 17:05:21', b'0', 3),
(989, 61, '2026-07-15', 276, '72000.00', '0.00', '0.00', '72000.00', '0.00', '0.00', '0.00', NULL, '2025-10-13 17:05:21', b'0', 3),
(990, 61, '2026-07-16', 277, '72000.00', '0.00', '0.00', '72000.00', '0.00', '0.00', '0.00', NULL, '2025-10-13 17:05:21', b'0', 3),
(991, 61, '2026-07-17', 278, '72000.00', '0.00', '0.00', '72000.00', '0.00', '0.00', '0.00', NULL, '2025-10-13 17:05:21', b'0', 3),
(992, 61, '2026-07-18', 279, '72000.00', '0.00', '0.00', '72000.00', '0.00', '0.00', '0.00', NULL, '2025-10-13 17:05:21', b'0', 3),
(993, 61, '2026-07-19', 280, '72000.00', '0.00', '0.00', '72000.00', '0.00', '0.00', '0.00', NULL, '2025-10-13 17:05:21', b'0', 3),
(994, 61, '2026-07-20', 281, '72000.00', '0.00', '0.00', '72000.00', '0.00', '0.00', '0.00', NULL, '2025-10-13 17:05:21', b'0', 3),
(995, 61, '2026-07-21', 282, '72000.00', '0.00', '0.00', '72000.00', '0.00', '0.00', '0.00', NULL, '2025-10-13 17:05:21', b'0', 3),
(996, 61, '2026-07-22', 283, '72000.00', '0.00', '0.00', '72000.00', '0.00', '0.00', '0.00', NULL, '2025-10-13 17:05:21', b'0', 3),
(997, 61, '2026-07-23', 284, '72000.00', '0.00', '0.00', '72000.00', '0.00', '0.00', '0.00', NULL, '2025-10-13 17:05:21', b'0', 3),
(998, 61, '2026-07-24', 285, '72000.00', '0.00', '0.00', '72000.00', '0.00', '0.00', '0.00', NULL, '2025-10-13 17:05:21', b'0', 3),
(999, 61, '2026-07-25', 286, '72000.00', '0.00', '0.00', '72000.00', '0.00', '0.00', '0.00', NULL, '2025-10-13 17:05:21', b'0', 3),
(1000, 61, '2026-07-26', 287, '72000.00', '0.00', '0.00', '72000.00', '0.00', '0.00', '0.00', NULL, '2025-10-13 17:05:21', b'0', 3),
(1001, 61, '2026-07-27', 288, '72000.00', '0.00', '0.00', '72000.00', '0.00', '0.00', '0.00', NULL, '2025-10-13 17:05:21', b'0', 3),
(1002, 61, '2026-07-28', 289, '72000.00', '0.00', '0.00', '72000.00', '0.00', '0.00', '0.00', NULL, '2025-10-13 17:05:21', b'0', 3),
(1003, 61, '2026-07-29', 290, '72000.00', '0.00', '0.00', '72000.00', '0.00', '0.00', '0.00', NULL, '2025-10-13 17:05:21', b'0', 3),
(1004, 61, '2026-07-30', 291, '72000.00', '0.00', '0.00', '72000.00', '0.00', '0.00', '0.00', NULL, '2025-10-13 17:05:21', b'0', 3),
(1005, 61, '2026-07-31', 292, '72000.00', '0.00', '0.00', '72000.00', '0.00', '0.00', '0.00', NULL, '2025-10-13 17:05:21', b'0', 3),
(1006, 61, '2026-08-01', 293, '72000.00', '0.00', '0.00', '72000.00', '0.00', '0.00', '0.00', NULL, '2025-10-13 17:05:21', b'0', 3),
(1007, 61, '2026-08-02', 294, '72000.00', '0.00', '0.00', '72000.00', '0.00', '0.00', '0.00', NULL, '2025-10-13 17:05:21', b'0', 3),
(1008, 61, '2026-08-03', 295, '72000.00', '0.00', '0.00', '72000.00', '0.00', '0.00', '0.00', NULL, '2025-10-13 17:05:21', b'0', 3),
(1009, 61, '2026-08-04', 296, '72000.00', '0.00', '0.00', '72000.00', '0.00', '0.00', '0.00', NULL, '2025-10-13 17:05:21', b'0', 3),
(1010, 61, '2026-08-05', 297, '72000.00', '0.00', '0.00', '72000.00', '0.00', '0.00', '0.00', NULL, '2025-10-13 17:05:21', b'0', 3),
(1011, 61, '2026-08-06', 298, '72000.00', '0.00', '0.00', '72000.00', '0.00', '0.00', '0.00', NULL, '2025-10-13 17:05:21', b'0', 3),
(1012, 61, '2026-08-07', 299, '72000.00', '0.00', '0.00', '72000.00', '0.00', '0.00', '0.00', NULL, '2025-10-13 17:05:21', b'0', 3),
(1013, 61, '2026-08-08', 300, '72000.00', '0.00', '0.00', '72000.00', '0.00', '0.00', '0.00', NULL, '2025-10-13 17:05:21', b'0', 3),
(1014, 61, '2026-08-09', 301, '72000.00', '0.00', '0.00', '72000.00', '0.00', '0.00', '0.00', NULL, '2025-10-13 17:05:21', b'0', 3),
(1015, 61, '2026-08-10', 302, '72000.00', '0.00', '0.00', '72000.00', '0.00', '0.00', '0.00', NULL, '2025-10-13 17:05:21', b'0', 3),
(1016, 61, '2026-08-11', 303, '72000.00', '0.00', '0.00', '72000.00', '0.00', '0.00', '0.00', NULL, '2025-10-13 17:05:21', b'0', 3),
(1017, 61, '2026-08-12', 304, '72000.00', '0.00', '0.00', '72000.00', '0.00', '0.00', '0.00', NULL, '2025-10-13 17:05:21', b'0', 3),
(1018, 61, '2026-08-13', 305, '72000.00', '0.00', '0.00', '72000.00', '0.00', '0.00', '0.00', NULL, '2025-10-13 17:05:21', b'0', 3),
(1019, 61, '2026-08-14', 306, '72000.00', '0.00', '0.00', '72000.00', '0.00', '0.00', '0.00', NULL, '2025-10-13 17:05:21', b'0', 3),
(1020, 61, '2026-08-15', 307, '72000.00', '0.00', '0.00', '72000.00', '0.00', '0.00', '0.00', NULL, '2025-10-13 17:05:21', b'0', 3),
(1021, 61, '2026-08-16', 308, '72000.00', '0.00', '0.00', '72000.00', '0.00', '0.00', '0.00', NULL, '2025-10-13 17:05:21', b'0', 3),
(1022, 61, '2026-08-17', 309, '72000.00', '0.00', '0.00', '72000.00', '0.00', '0.00', '0.00', NULL, '2025-10-13 17:05:21', b'0', 3),
(1023, 61, '2026-08-18', 310, '72000.00', '0.00', '0.00', '72000.00', '0.00', '0.00', '0.00', NULL, '2025-10-13 17:05:21', b'0', 3),
(1024, 61, '2026-08-19', 311, '72000.00', '0.00', '0.00', '72000.00', '0.00', '0.00', '0.00', NULL, '2025-10-13 17:05:21', b'0', 3),
(1025, 61, '2026-08-20', 312, '72000.00', '0.00', '0.00', '72000.00', '0.00', '0.00', '0.00', NULL, '2025-10-13 17:05:21', b'0', 3),
(1026, 61, '2026-08-21', 313, '72000.00', '0.00', '0.00', '72000.00', '0.00', '0.00', '0.00', NULL, '2025-10-13 17:05:21', b'0', 3),
(1027, 61, '2026-08-22', 314, '72000.00', '0.00', '0.00', '72000.00', '0.00', '0.00', '0.00', NULL, '2025-10-13 17:05:21', b'0', 3),
(1028, 61, '2026-08-23', 315, '72000.00', '0.00', '0.00', '72000.00', '0.00', '0.00', '0.00', NULL, '2025-10-13 17:05:21', b'0', 3),
(1029, 61, '2026-08-24', 316, '72000.00', '0.00', '0.00', '72000.00', '0.00', '0.00', '0.00', NULL, '2025-10-13 17:05:21', b'0', 3),
(1030, 61, '2026-08-25', 317, '72000.00', '0.00', '0.00', '72000.00', '0.00', '0.00', '0.00', NULL, '2025-10-13 17:05:21', b'0', 3),
(1031, 61, '2026-08-26', 318, '72000.00', '0.00', '0.00', '72000.00', '0.00', '0.00', '0.00', NULL, '2025-10-13 17:05:21', b'0', 3),
(1032, 61, '2026-08-27', 319, '72000.00', '0.00', '0.00', '72000.00', '0.00', '0.00', '0.00', NULL, '2025-10-13 17:05:21', b'0', 3),
(1033, 61, '2026-08-28', 320, '72000.00', '0.00', '0.00', '72000.00', '0.00', '0.00', '0.00', NULL, '2025-10-13 17:05:21', b'0', 3),
(1034, 61, '2026-08-29', 321, '72000.00', '0.00', '0.00', '72000.00', '0.00', '0.00', '0.00', NULL, '2025-10-13 17:05:21', b'0', 3),
(1035, 61, '2026-08-30', 322, '72000.00', '0.00', '0.00', '72000.00', '0.00', '0.00', '0.00', NULL, '2025-10-13 17:05:21', b'0', 3),
(1036, 61, '2026-08-31', 323, '72000.00', '0.00', '0.00', '72000.00', '0.00', '0.00', '0.00', NULL, '2025-10-13 17:05:21', b'0', 3),
(1037, 61, '2026-09-01', 324, '72000.00', '0.00', '0.00', '72000.00', '0.00', '0.00', '0.00', NULL, '2025-10-13 17:05:21', b'0', 3),
(1038, 61, '2026-09-02', 325, '72000.00', '0.00', '0.00', '72000.00', '0.00', '0.00', '0.00', NULL, '2025-10-13 17:05:21', b'0', 3),
(1039, 61, '2026-09-03', 326, '72000.00', '0.00', '0.00', '72000.00', '0.00', '0.00', '0.00', NULL, '2025-10-13 17:05:21', b'0', 3),
(1040, 61, '2026-09-04', 327, '72000.00', '0.00', '0.00', '72000.00', '0.00', '0.00', '0.00', NULL, '2025-10-13 17:05:21', b'0', 3),
(1041, 61, '2026-09-05', 328, '72000.00', '0.00', '0.00', '72000.00', '0.00', '0.00', '0.00', NULL, '2025-10-13 17:05:21', b'0', 3),
(1042, 61, '2026-09-06', 329, '72000.00', '0.00', '0.00', '72000.00', '0.00', '0.00', '0.00', NULL, '2025-10-13 17:05:21', b'0', 3),
(1043, 61, '2026-09-07', 330, '72000.00', '0.00', '0.00', '72000.00', '0.00', '0.00', '0.00', NULL, '2025-10-13 17:05:21', b'0', 3),
(1044, 61, '2026-09-08', 331, '72000.00', '0.00', '0.00', '72000.00', '0.00', '0.00', '0.00', NULL, '2025-10-13 17:05:21', b'0', 3),
(1045, 61, '2026-09-09', 332, '72000.00', '0.00', '0.00', '72000.00', '0.00', '0.00', '0.00', NULL, '2025-10-13 17:05:21', b'0', 3),
(1046, 61, '2026-09-10', 333, '72000.00', '0.00', '0.00', '72000.00', '0.00', '0.00', '0.00', NULL, '2025-10-13 17:05:21', b'0', 3),
(1047, 61, '2026-09-11', 334, '72000.00', '0.00', '0.00', '72000.00', '0.00', '0.00', '0.00', NULL, '2025-10-13 17:05:21', b'0', 3),
(1048, 61, '2026-09-12', 335, '72000.00', '0.00', '0.00', '72000.00', '0.00', '0.00', '0.00', NULL, '2025-10-13 17:05:21', b'0', 3),
(1049, 61, '2026-09-13', 336, '72000.00', '0.00', '0.00', '72000.00', '0.00', '0.00', '0.00', NULL, '2025-10-13 17:05:21', b'0', 3),
(1050, 61, '2026-09-14', 337, '72000.00', '0.00', '0.00', '72000.00', '0.00', '0.00', '0.00', NULL, '2025-10-13 17:05:21', b'0', 3),
(1051, 61, '2026-09-15', 338, '72000.00', '0.00', '0.00', '72000.00', '0.00', '0.00', '0.00', NULL, '2025-10-13 17:05:21', b'0', 3),
(1052, 61, '2026-09-16', 339, '72000.00', '0.00', '0.00', '72000.00', '0.00', '0.00', '0.00', NULL, '2025-10-13 17:05:21', b'0', 3),
(1053, 61, '2026-09-17', 340, '72000.00', '0.00', '0.00', '72000.00', '0.00', '0.00', '0.00', NULL, '2025-10-13 17:05:21', b'0', 3),
(1054, 61, '2026-09-18', 341, '72000.00', '0.00', '0.00', '72000.00', '0.00', '0.00', '0.00', NULL, '2025-10-13 17:05:21', b'0', 3),
(1055, 61, '2026-09-19', 342, '72000.00', '0.00', '0.00', '72000.00', '0.00', '0.00', '0.00', NULL, '2025-10-13 17:05:21', b'0', 3),
(1056, 61, '2026-09-20', 343, '72000.00', '0.00', '0.00', '72000.00', '0.00', '0.00', '0.00', NULL, '2025-10-13 17:05:21', b'0', 3),
(1057, 61, '2026-09-21', 344, '72000.00', '0.00', '0.00', '72000.00', '0.00', '0.00', '0.00', NULL, '2025-10-13 17:05:21', b'0', 3),
(1058, 61, '2026-09-22', 345, '72000.00', '0.00', '0.00', '72000.00', '0.00', '0.00', '0.00', NULL, '2025-10-13 17:05:21', b'0', 3),
(1059, 61, '2026-09-23', 346, '72000.00', '0.00', '0.00', '72000.00', '0.00', '0.00', '0.00', NULL, '2025-10-13 17:05:21', b'0', 3),
(1060, 61, '2026-09-24', 347, '72000.00', '0.00', '0.00', '72000.00', '0.00', '0.00', '0.00', NULL, '2025-10-13 17:05:21', b'0', 3),
(1061, 61, '2026-09-25', 348, '72000.00', '0.00', '0.00', '72000.00', '0.00', '0.00', '0.00', NULL, '2025-10-13 17:05:21', b'0', 3),
(1062, 61, '2026-09-26', 349, '72000.00', '0.00', '0.00', '72000.00', '0.00', '0.00', '0.00', NULL, '2025-10-13 17:05:21', b'0', 3),
(1063, 61, '2026-09-27', 350, '72000.00', '0.00', '0.00', '72000.00', '0.00', '0.00', '0.00', NULL, '2025-10-13 17:05:21', b'0', 3),
(1064, 61, '2026-09-28', 351, '72000.00', '0.00', '0.00', '72000.00', '0.00', '0.00', '0.00', NULL, '2025-10-13 17:05:21', b'0', 3),
(1065, 61, '2026-09-29', 352, '72000.00', '0.00', '0.00', '72000.00', '0.00', '0.00', '0.00', NULL, '2025-10-13 17:05:21', b'0', 3),
(1066, 61, '2026-09-30', 353, '72000.00', '0.00', '0.00', '72000.00', '0.00', '0.00', '0.00', NULL, '2025-10-13 17:05:21', b'0', 3),
(1067, 61, '2026-10-01', 354, '72000.00', '0.00', '0.00', '72000.00', '0.00', '0.00', '0.00', NULL, '2025-10-13 17:05:21', b'0', 3),
(1068, 61, '2026-10-02', 355, '72000.00', '0.00', '0.00', '72000.00', '0.00', '0.00', '0.00', NULL, '2025-10-13 17:05:21', b'0', 3),
(1069, 61, '2026-10-03', 356, '72000.00', '0.00', '0.00', '72000.00', '0.00', '0.00', '0.00', NULL, '2025-10-13 17:05:21', b'0', 3),
(1070, 61, '2026-10-04', 357, '72000.00', '0.00', '0.00', '72000.00', '0.00', '0.00', '0.00', NULL, '2025-10-13 17:05:21', b'0', 3),
(1071, 61, '2026-10-05', 358, '72000.00', '0.00', '0.00', '72000.00', '0.00', '0.00', '0.00', NULL, '2025-10-13 17:05:21', b'0', 3),
(1072, 61, '2026-10-06', 359, '72000.00', '0.00', '0.00', '72000.00', '0.00', '0.00', '0.00', NULL, '2025-10-13 17:05:21', b'0', 3),
(1073, 61, '2026-10-07', 360, '72000.00', '0.00', '0.00', '72000.00', '0.00', '0.00', '0.00', NULL, '2025-10-13 17:05:21', b'0', 3),
(1074, 61, '2026-10-08', 361, '72000.00', '0.00', '0.00', '72000.00', '0.00', '0.00', '0.00', NULL, '2025-10-13 17:05:21', b'0', 3),
(1075, 61, '2026-10-09', 362, '72000.00', '0.00', '0.00', '72000.00', '0.00', '0.00', '0.00', NULL, '2025-10-13 17:05:21', b'0', 3),
(1076, 61, '2026-10-10', 363, '72000.00', '0.00', '0.00', '72000.00', '0.00', '0.00', '0.00', NULL, '2025-10-13 17:05:21', b'0', 3),
(1077, 61, '2026-10-11', 364, '72000.00', '0.00', '0.00', '72000.00', '0.00', '0.00', '0.00', NULL, '2025-10-13 17:05:21', b'0', 3),
(1078, 61, '2026-10-12', 365, '672000.00', '600000.00', '0.00', '72000.00', '0.00', '0.00', '0.00', NULL, '2025-10-12 18:11:07', b'0', 3),
(1079, 62, '2025-11-12', 1, '355160.98', '91160.98', '0.00', '264000.00', '0.00', '0.00', '0.00', NULL, '2025-10-13 17:05:21', b'0', 3),
(1080, 62, '2025-12-12', 2, '355160.98', '102100.29', '0.00', '253060.68', '0.00', '0.00', '0.00', NULL, '2025-10-13 17:05:21', b'0', 3),
(1081, 62, '2026-01-12', 3, '355160.98', '114352.33', '0.00', '240808.65', '0.00', '0.00', '0.00', NULL, '2025-10-13 17:05:21', b'0', 3),
(1082, 62, '2026-02-12', 4, '355160.98', '128074.61', '0.00', '227086.37', '0.00', '0.00', '0.00', NULL, '2025-10-13 17:05:21', b'0', 3),
(1083, 62, '2026-03-12', 5, '355160.98', '143443.56', '0.00', '211717.41', '0.00', '0.00', '0.00', NULL, '2025-10-13 17:05:21', b'0', 3),
(1084, 62, '2026-04-12', 6, '355160.98', '160656.79', '0.00', '194504.19', '0.00', '0.00', '0.00', NULL, '2025-10-13 17:05:21', b'0', 3),
(1085, 62, '2026-05-12', 7, '355160.98', '179935.60', '0.00', '175225.37', '0.00', '0.00', '0.00', NULL, '2025-10-13 17:05:21', b'0', 3),
(1086, 62, '2026-06-12', 8, '355160.98', '201527.88', '0.00', '153633.10', '0.00', '0.00', '0.00', NULL, '2025-10-13 17:05:21', b'0', 3),
(1087, 62, '2026-07-12', 9, '355160.98', '225711.22', '0.00', '129449.76', '0.00', '0.00', '0.00', NULL, '2025-10-13 17:05:21', b'0', 3),
(1088, 62, '2026-08-12', 10, '355160.98', '252796.57', '0.00', '102364.41', '0.00', '0.00', '0.00', NULL, '2025-10-13 17:05:21', b'0', 3),
(1089, 62, '2026-09-12', 11, '355160.98', '283132.16', '0.00', '72028.82', '0.00', '0.00', '0.00', NULL, '2025-10-13 17:05:21', b'0', 3),
(1090, 62, '2026-10-12', 12, '355160.98', '317108.01', '0.00', '38052.96', '0.00', '0.00', '0.00', NULL, '2025-10-12 18:11:07', b'0', 3),
(1091, 63, '2025-11-12', 1, '337500.00', '250000.00', '0.00', '87500.00', '0.00', '0.00', '0.00', NULL, '2025-10-13 17:05:21', b'0', 3),
(1092, 63, '2025-12-12', 2, '330208.33', '250000.00', '0.00', '80208.33', '0.00', '0.00', '0.00', NULL, '2025-10-13 17:05:21', b'0', 3),
(1093, 63, '2026-01-12', 3, '322916.67', '250000.00', '0.00', '72916.67', '0.00', '0.00', '0.00', NULL, '2025-10-13 17:05:21', b'0', 3),
(1094, 63, '2026-02-12', 4, '315625.00', '250000.00', '0.00', '65625.00', '0.00', '0.00', '0.00', NULL, '2025-10-13 17:05:21', b'0', 3),
(1095, 63, '2026-03-12', 5, '308333.33', '250000.00', '0.00', '58333.33', '0.00', '0.00', '0.00', NULL, '2025-10-13 17:05:21', b'0', 3),
(1096, 63, '2026-04-12', 6, '301041.67', '250000.00', '0.00', '51041.67', '0.00', '0.00', '0.00', NULL, '2025-10-13 17:05:21', b'0', 3),
(1097, 63, '2026-05-12', 7, '293750.00', '250000.00', '0.00', '43750.00', '0.00', '0.00', '0.00', NULL, '2025-10-13 17:05:21', b'0', 3),
(1098, 63, '2026-06-12', 8, '286458.33', '250000.00', '0.00', '36458.33', '0.00', '0.00', '0.00', NULL, '2025-10-13 17:05:21', b'0', 3),
(1099, 63, '2026-07-12', 9, '279166.67', '250000.00', '0.00', '29166.67', '0.00', '0.00', '0.00', NULL, '2025-10-13 17:05:21', b'0', 3),
(1100, 63, '2026-08-12', 10, '271875.00', '250000.00', '0.00', '21875.00', '0.00', '0.00', '0.00', NULL, '2025-10-13 17:05:21', b'0', 3),
(1101, 63, '2026-09-12', 11, '264583.33', '250000.00', '0.00', '14583.33', '0.00', '0.00', '0.00', NULL, '2025-10-13 17:05:21', b'0', 3),
(1102, 63, '2026-10-12', 12, '257291.67', '250000.00', '0.00', '7291.67', '0.00', '0.00', '0.00', NULL, '2025-10-12 18:11:07', b'0', 3),
(1103, 64, '2025-11-12', 1, '10711.55', '9511.55', '0.00', '1200.00', '0.00', '0.00', '0.00', NULL, '2025-10-13 17:05:21', b'0', 3),
(1104, 64, '2025-12-12', 2, '10711.55', '9701.78', '0.00', '1009.77', '0.00', '0.00', '0.00', NULL, '2025-10-13 17:05:21', b'0', 3),
(1105, 64, '2026-01-12', 3, '10711.55', '9895.82', '0.00', '815.73', '0.00', '0.00', '0.00', NULL, '2025-10-13 17:05:21', b'0', 3),
(1106, 64, '2026-02-12', 4, '10711.55', '10093.73', '0.00', '617.82', '0.00', '0.00', '0.00', NULL, '2025-10-13 17:05:21', b'0', 3),
(1107, 64, '2026-03-12', 5, '10711.55', '10295.61', '0.00', '415.94', '0.00', '0.00', '0.00', NULL, '2025-10-13 17:05:21', b'0', 3),
(1108, 64, '2026-04-12', 6, '10711.55', '10501.52', '0.00', '210.03', '0.00', '0.00', '0.00', NULL, '2025-10-12 18:11:07', b'0', 3),
(1109, 65, '2025-11-12', 1, '1000.00', '0.00', '0.00', '1000.00', '0.00', '0.00', '0.00', NULL, '2025-10-13 17:05:21', b'0', 3),
(1110, 65, '2025-12-12', 2, '1000.00', '0.00', '0.00', '1000.00', '0.00', '0.00', '0.00', NULL, '2025-10-13 17:05:21', b'0', 3),
(1111, 65, '2026-01-12', 3, '1000.00', '0.00', '0.00', '1000.00', '0.00', '0.00', '0.00', NULL, '2025-10-13 17:05:21', b'0', 3),
(1112, 65, '2026-02-12', 4, '1000.00', '0.00', '0.00', '1000.00', '0.00', '0.00', '0.00', NULL, '2025-10-13 17:05:21', b'0', 3),
(1113, 65, '2026-03-12', 5, '51000.00', '50000.00', '0.00', '1000.00', '0.00', '0.00', '0.00', NULL, '2025-10-12 18:11:07', b'0', 3),
(1114, 66, '2025-11-12', 1, '733816.58', '233816.58', '0.00', '500000.00', '0.00', '0.00', '0.00', NULL, '2025-10-13 17:05:21', b'0', 3),
(1115, 66, '2025-12-12', 2, '733816.58', '257198.23', '0.00', '476618.34', '0.00', '0.00', '0.00', NULL, '2025-10-13 17:05:21', b'0', 3),
(1116, 66, '2026-01-12', 3, '733816.58', '282918.06', '0.00', '450898.52', '0.00', '0.00', '0.00', NULL, '2025-10-13 17:05:21', b'0', 3),
(1117, 66, '2026-02-12', 4, '733816.58', '311209.86', '0.00', '422606.71', '0.00', '0.00', '0.00', NULL, '2025-10-13 17:05:21', b'0', 3),
(1118, 66, '2026-03-12', 5, '733816.58', '342330.85', '0.00', '391485.73', '0.00', '0.00', '0.00', NULL, '2025-10-13 17:05:21', b'0', 3),
(1119, 66, '2026-04-12', 6, '733816.58', '376563.93', '0.00', '357252.64', '0.00', '0.00', '0.00', NULL, '2025-10-13 17:05:21', b'0', 3),
(1120, 66, '2026-05-12', 7, '733816.58', '414220.33', '0.00', '319596.25', '0.00', '0.00', '0.00', NULL, '2025-10-13 17:05:21', b'0', 3),
(1121, 66, '2026-06-12', 8, '733816.58', '455642.36', '0.00', '278174.22', '0.00', '0.00', '0.00', NULL, '2025-10-13 17:05:21', b'0', 3),
(1122, 66, '2026-07-12', 9, '733816.58', '501206.59', '0.00', '232609.98', '0.00', '0.00', '0.00', NULL, '2025-10-13 17:05:21', b'0', 3),
(1123, 66, '2026-08-12', 10, '733816.58', '551327.25', '0.00', '182489.32', '0.00', '0.00', '0.00', NULL, '2025-10-13 17:05:21', b'0', 3),
(1124, 66, '2026-09-12', 11, '733816.58', '606459.98', '0.00', '127356.60', '0.00', '0.00', '0.00', NULL, '2025-10-13 17:05:21', b'0', 3),
(1125, 66, '2026-10-12', 12, '733816.58', '667105.98', '0.00', '66710.60', '0.00', '0.00', '0.00', NULL, '2025-10-12 18:11:07', b'0', 3),
(1126, 67, '2025-11-12', 1, '60000.00', '0.00', '0.00', '60000.00', '0.00', '0.00', '0.00', NULL, '2025-10-13 17:05:21', b'0', 3),
(1127, 67, '2025-12-12', 2, '60000.00', '0.00', '0.00', '60000.00', '0.00', '0.00', '0.00', NULL, '2025-10-13 17:05:21', b'0', 3),
(1128, 67, '2026-01-12', 3, '60000.00', '0.00', '0.00', '60000.00', '0.00', '0.00', '0.00', NULL, '2025-10-13 17:05:21', b'0', 3),
(1129, 67, '2026-02-12', 4, '60000.00', '0.00', '0.00', '60000.00', '0.00', '0.00', '0.00', NULL, '2025-10-13 17:05:22', b'0', 3),
(1130, 67, '2026-03-12', 5, '60000.00', '0.00', '0.00', '60000.00', '0.00', '0.00', '0.00', NULL, '2025-10-13 17:05:22', b'0', 3),
(1131, 67, '2026-04-12', 6, '60000.00', '0.00', '0.00', '60000.00', '0.00', '0.00', '0.00', NULL, '2025-10-13 17:05:22', b'0', 3),
(1132, 67, '2026-05-12', 7, '60000.00', '0.00', '0.00', '60000.00', '0.00', '0.00', '0.00', NULL, '2025-10-13 17:05:22', b'0', 3),
(1133, 67, '2026-06-12', 8, '60000.00', '0.00', '0.00', '60000.00', '0.00', '0.00', '0.00', NULL, '2025-10-13 17:05:22', b'0', 3),
(1134, 67, '2026-07-12', 9, '60000.00', '0.00', '0.00', '60000.00', '0.00', '0.00', '0.00', NULL, '2025-10-13 17:05:22', b'0', 3),
(1135, 67, '2026-08-12', 10, '60000.00', '0.00', '0.00', '60000.00', '0.00', '0.00', '0.00', NULL, '2025-10-13 17:05:22', b'0', 3),
(1136, 67, '2026-09-12', 11, '60000.00', '0.00', '0.00', '60000.00', '0.00', '0.00', '0.00', NULL, '2025-10-13 17:05:22', b'0', 3),
(1137, 67, '2026-10-12', 12, '560000.00', '500000.00', '0.00', '60000.00', '0.00', '0.00', '0.00', NULL, '2025-10-13 11:57:30', b'0', 3),
(1138, 68, '2025-11-13', 1, '60000.00', '0.00', '0.00', '60000.00', '0.00', '500000.00', '0.00', NULL, '2025-10-13 11:35:02', b'1', 1),
(1139, 68, '2025-12-13', 2, '60000.00', '0.00', '0.00', '60000.00', '0.00', '500000.00', '0.00', NULL, '2025-10-13 11:35:02', b'1', 1),
(1140, 68, '2026-01-13', 3, '60000.00', '0.00', '0.00', '60000.00', '0.00', '500000.00', '0.00', NULL, '2025-10-13 11:35:02', b'1', 1),
(1141, 68, '2026-02-13', 4, '60000.00', '0.00', '0.00', '60000.00', '0.00', '500000.00', '0.00', NULL, '2025-10-13 11:35:02', b'1', 1),
(1142, 68, '2026-03-13', 5, '60000.00', '0.00', '0.00', '60000.00', '0.00', '500000.00', '0.00', NULL, '2025-10-13 11:35:02', b'1', 1),
(1143, 68, '2026-04-13', 6, '60000.00', '0.00', '0.00', '60000.00', '0.00', '500000.00', '0.00', NULL, '2025-10-13 11:35:02', b'1', 1),
(1144, 68, '2026-05-13', 7, '60000.00', '0.00', '0.00', '60000.00', '0.00', '500000.00', '0.00', NULL, '2025-10-13 11:35:02', b'1', 1),
(1145, 68, '2026-06-13', 8, '60000.00', '0.00', '0.00', '60000.00', '0.00', '500000.00', '0.00', NULL, '2025-10-13 11:35:02', b'1', 1),
(1146, 68, '2026-07-13', 9, '60000.00', '0.00', '0.00', '60000.00', '0.00', '500000.00', '0.00', NULL, '2025-10-13 11:35:02', b'1', 1),
(1147, 68, '2026-08-13', 10, '60000.00', '0.00', '0.00', '60000.00', '0.00', '500000.00', '0.00', NULL, '2025-10-13 11:35:02', b'1', 1),
(1148, 68, '2026-09-13', 11, '60000.00', '0.00', '0.00', '60000.00', '0.00', '500000.00', '0.00', NULL, '2025-10-13 11:35:02', b'1', 1),
(1149, 68, '2026-10-13', 12, '560000.00', '500000.00', '0.00', '60000.00', '0.00', '0.00', '0.00', NULL, '2025-10-13 11:35:02', b'1', 1),
(1150, 69, '2025-11-13', 1, '600000.00', '0.00', '0.00', '600000.00', '0.00', '0.00', '0.00', NULL, '2025-10-13 17:05:22', b'0', 3),
(1151, 69, '2025-12-13', 2, '600000.00', '0.00', '0.00', '600000.00', '0.00', '0.00', '0.00', NULL, '2025-10-13 17:05:22', b'0', 3),
(1152, 69, '2026-01-13', 3, '600000.00', '0.00', '0.00', '600000.00', '0.00', '0.00', '0.00', NULL, '2025-10-13 19:29:48', b'0', 3),
(1153, 69, '2026-02-13', 4, '600000.00', '0.00', '0.00', '600000.00', '0.00', '0.00', '0.00', NULL, '2025-10-13 19:29:48', b'0', 3),
(1154, 69, '2026-03-13', 5, '600000.00', '0.00', '0.00', '600000.00', '0.00', '0.00', '0.00', NULL, '2025-10-13 19:29:48', b'0', 3),
(1155, 69, '2026-04-13', 6, '600000.00', '0.00', '0.00', '600000.00', '0.00', '0.00', '0.00', NULL, '2025-10-13 19:29:48', b'0', 3),
(1156, 69, '2026-05-13', 7, '600000.00', '0.00', '0.00', '600000.00', '0.00', '0.00', '0.00', NULL, '2025-10-13 19:29:48', b'0', 3),
(1157, 69, '2026-06-13', 8, '600000.00', '0.00', '0.00', '600000.00', '0.00', '0.00', '0.00', NULL, '2025-10-13 19:29:48', b'0', 3),
(1158, 69, '2026-07-13', 9, '600000.00', '0.00', '0.00', '600000.00', '0.00', '0.00', '0.00', NULL, '2025-10-13 19:29:48', b'0', 3),
(1159, 69, '2026-08-13', 10, '600000.00', '0.00', '0.00', '600000.00', '0.00', '0.00', '0.00', NULL, '2025-10-13 19:29:48', b'0', 3),
(1160, 69, '2026-09-13', 11, '600000.00', '0.00', '0.00', '600000.00', '0.00', '0.00', '0.00', NULL, '2025-10-13 19:29:48', b'0', 3),
(1161, 69, '2026-10-13', 12, '5600000.00', '5000000.00', '0.00', '600000.00', '0.00', '0.00', '0.00', NULL, '2025-10-13 04:57:56', b'1', NULL),
(1162, 70, '2025-11-13', 1, '144000.00', '0.00', '0.00', '144000.00', '0.00', '0.00', '0.00', NULL, '2025-10-13 17:05:22', b'0', 1),
(1163, 70, '2025-12-13', 2, '144000.00', '0.00', '0.00', '144000.00', '0.00', '0.00', '0.00', NULL, '2025-10-13 17:05:22', b'0', 1),
(1164, 70, '2026-01-13', 3, '144000.00', '0.00', '0.00', '144000.00', '0.00', '0.00', '0.00', NULL, '2025-10-13 22:54:11', b'0', 1),
(1165, 70, '2026-02-13', 4, '144000.00', '0.00', '0.00', '144000.00', '0.00', '0.00', '0.00', NULL, '2025-10-13 22:54:11', b'0', 1),
(1166, 70, '2026-03-13', 5, '144000.00', '0.00', '0.00', '144000.00', '0.00', '0.00', '0.00', NULL, '2025-10-13 22:54:11', b'0', 1),
(1167, 70, '2026-04-13', 6, '144000.00', '0.00', '0.00', '144000.00', '0.00', '0.00', '0.00', NULL, '2025-10-13 22:54:11', b'0', 1),
(1168, 70, '2026-05-13', 7, '144000.00', '0.00', '0.00', '144000.00', '0.00', '0.00', '0.00', NULL, '2025-10-13 22:54:11', b'0', 1),
(1169, 70, '2026-06-13', 8, '144000.00', '0.00', '0.00', '144000.00', '0.00', '0.00', '0.00', NULL, '2025-10-13 22:54:11', b'0', 1),
(1170, 70, '2026-07-13', 9, '144000.00', '0.00', '0.00', '144000.00', '0.00', '0.00', '0.00', NULL, '2025-10-13 22:54:11', b'0', 1),
(1171, 70, '2026-08-13', 10, '144000.00', '0.00', '0.00', '144000.00', '0.00', '0.00', '0.00', NULL, '2025-10-13 22:54:11', b'0', 1),
(1172, 70, '2026-09-13', 11, '144000.00', '0.00', '0.00', '144000.00', '0.00', '0.00', '0.00', NULL, '2025-10-13 22:54:11', b'0', 1);
INSERT INTO `loan_items` (`id`, `loan_id`, `date`, `num_quota`, `fee_amount`, `capital_amount`, `capital_paid`, `interest_amount`, `interest_paid`, `balance`, `extra_payment`, `payment_desc`, `pay_date`, `status`, `paid_by`) VALUES
(1173, 70, '2026-10-13', 12, '1344000.00', '1200000.00', '0.00', '144000.00', '0.00', '0.00', '0.00', NULL, '2025-10-14 05:53:04', b'0', 1),
(1174, 71, '2025-11-13', 1, '60000.00', '0.00', '0.00', '60000.00', '0.00', '0.00', '0.00', NULL, '2025-10-13 17:05:22', b'0', 1),
(1175, 71, '2025-12-13', 2, '60000.00', '0.00', '0.00', '60000.00', '0.00', '0.00', '0.00', NULL, '2025-10-13 17:05:22', b'0', 1),
(1176, 71, '2026-01-13', 3, '60000.00', '0.00', '0.00', '60000.00', '0.00', '0.00', '0.00', NULL, '2025-10-13 17:05:22', b'0', 1),
(1177, 71, '2026-02-13', 4, '60000.00', '0.00', '0.00', '60000.00', '0.00', '0.00', '0.00', NULL, '2025-10-13 17:05:22', b'0', 1),
(1178, 71, '2026-03-13', 5, '60000.00', '0.00', '0.00', '60000.00', '0.00', '0.00', '0.00', NULL, '2025-10-13 17:05:22', b'0', 1),
(1179, 71, '2026-04-13', 6, '60000.00', '0.00', '0.00', '60000.00', '0.00', '0.00', '0.00', NULL, '2025-10-13 17:05:22', b'0', 1),
(1180, 71, '2026-05-13', 7, '60000.00', '0.00', '0.00', '60000.00', '0.00', '0.00', '0.00', NULL, '2025-10-13 17:05:22', b'0', 1),
(1181, 71, '2026-06-13', 8, '60000.00', '0.00', '0.00', '60000.00', '0.00', '0.00', '0.00', NULL, '2025-10-13 17:05:22', b'0', 1),
(1182, 71, '2026-07-13', 9, '60000.00', '0.00', '0.00', '60000.00', '0.00', '0.00', '0.00', NULL, '2025-10-13 17:05:22', b'0', 1),
(1183, 71, '2026-08-13', 10, '60000.00', '0.00', '0.00', '60000.00', '0.00', '0.00', '0.00', NULL, '2025-10-13 17:05:22', b'0', 1),
(1184, 71, '2026-09-13', 11, '60000.00', '0.00', '0.00', '60000.00', '0.00', '0.00', '0.00', NULL, '2025-10-13 17:05:22', b'0', 1),
(1185, 71, '2026-10-13', 12, '560000.00', '500000.00', '0.00', '60000.00', '0.00', '0.00', '0.00', NULL, '2025-10-13 23:49:46', b'0', 1),
(2283, 72, '2025-11-13', 1, '268447.58', '18447.58', '0.00', '250000.00', '0.00', '0.00', '0.00', NULL, '2025-10-13 17:11:53', b'0', 1),
(2284, 72, '2025-12-13', 2, '268447.58', '23059.47', '0.00', '245388.11', '0.00', '0.00', '0.00', NULL, '2025-10-13 17:11:53', b'0', 1),
(2285, 72, '2026-01-13', 3, '268447.58', '28824.34', '0.00', '239623.24', '0.00', '0.00', '0.00', NULL, '2025-10-13 17:11:53', b'0', 1),
(2286, 72, '2026-02-13', 4, '268447.58', '36030.42', '0.00', '232417.15', '0.00', '0.00', '0.00', NULL, '2025-10-13 17:11:53', b'0', 1),
(2287, 72, '2026-03-13', 5, '268447.58', '45038.03', '0.00', '223409.55', '0.00', '0.00', '0.00', NULL, '2025-10-13 17:11:53', b'0', 1),
(2288, 72, '2026-04-13', 6, '268447.58', '56297.54', '0.00', '212150.04', '0.00', '0.00', '0.00', NULL, '2025-10-13 17:11:53', b'0', 1),
(2289, 72, '2026-05-13', 7, '268447.58', '70371.92', '0.00', '198075.66', '0.00', '0.00', '0.00', NULL, '2025-10-13 17:11:53', b'0', 1),
(2290, 72, '2026-06-13', 8, '268447.58', '87964.90', '0.00', '180482.67', '0.00', '0.00', '0.00', NULL, '2025-10-13 17:11:53', b'0', 1),
(2291, 72, '2026-07-13', 9, '268447.58', '109956.13', '0.00', '158491.45', '0.00', '0.00', '0.00', NULL, '2025-10-13 17:11:53', b'0', 1),
(2292, 72, '2026-08-13', 10, '268447.58', '137445.16', '0.00', '131002.42', '0.00', '0.00', '0.00', NULL, '2025-10-13 17:11:53', b'0', 1),
(2293, 72, '2026-09-13', 11, '268447.58', '171806.45', '0.00', '96641.13', '0.00', '0.00', '0.00', NULL, '2025-10-13 17:11:53', b'0', 1),
(2294, 72, '2026-10-13', 12, '268447.58', '214758.06', '0.00', '53689.52', '0.00', '0.00', '0.00', NULL, '2025-10-14 00:07:32', b'0', 1),
(2295, 73, '2025-11-13', 1, '600000.00', '0.00', '0.00', '600000.00', '0.00', '0.00', '0.00', NULL, '2025-10-13 18:04:08', b'0', 1),
(2296, 73, '2025-12-13', 2, '600000.00', '0.00', '0.00', '600000.00', '0.00', '0.00', '0.00', NULL, '2025-10-13 18:04:08', b'0', 1),
(2297, 73, '2026-01-13', 3, '600000.00', '0.00', '0.00', '600000.00', '0.00', '0.00', '0.00', NULL, '2025-10-13 18:04:08', b'0', 1),
(2298, 73, '2026-02-13', 4, '600000.00', '0.00', '0.00', '600000.00', '0.00', '0.00', '0.00', NULL, '2025-10-13 19:29:48', b'0', 1),
(2299, 73, '2026-03-13', 5, '600000.00', '0.00', '0.00', '600000.00', '0.00', '0.00', '0.00', NULL, '2025-10-13 19:29:48', b'0', 1),
(2300, 73, '2026-04-13', 6, '600000.00', '0.00', '0.00', '600000.00', '0.00', '0.00', '0.00', NULL, '2025-10-13 19:29:48', b'0', 1),
(2301, 73, '2026-05-13', 7, '600000.00', '0.00', '0.00', '600000.00', '0.00', '0.00', '0.00', NULL, '2025-10-13 19:29:48', b'0', 1),
(2302, 73, '2026-06-13', 8, '600000.00', '0.00', '0.00', '600000.00', '0.00', '0.00', '0.00', NULL, '2025-10-13 19:29:48', b'0', 1),
(2303, 73, '2026-07-13', 9, '600000.00', '0.00', '0.00', '600000.00', '0.00', '0.00', '0.00', NULL, '2025-10-13 19:29:48', b'0', 1),
(2304, 73, '2026-08-13', 10, '600000.00', '0.00', '0.00', '600000.00', '0.00', '0.00', '0.00', NULL, '2025-10-13 19:29:48', b'0', 1),
(2305, 73, '2026-09-13', 11, '600000.00', '0.00', '0.00', '600000.00', '0.00', '0.00', '0.00', NULL, '2025-10-13 19:29:48', b'0', 1),
(2306, 73, '2026-10-13', 12, '5600000.00', '5000000.00', '0.00', '600000.00', '0.00', '0.00', '0.00', NULL, '2025-10-14 02:28:56', b'0', 1),
(2307, 74, '2025-11-13', 1, '48000.00', '0.00', '0.00', '48000.00', '0.00', '0.00', '0.00', NULL, '2025-10-13 17:21:57', b'0', 4),
(2308, 74, '2025-12-13', 2, '48000.00', '0.00', '0.00', '48000.00', '0.00', '0.00', '0.00', NULL, '2025-10-13 17:21:57', b'0', 4),
(2309, 74, '2026-01-13', 3, '48000.00', '0.00', '0.00', '48000.00', '0.00', '0.00', '0.00', NULL, '2025-10-13 17:21:57', b'0', 4),
(2310, 74, '2026-02-13', 4, '48000.00', '0.00', '0.00', '48000.00', '0.00', '0.00', '0.00', NULL, '2025-10-13 17:21:57', b'0', 4),
(2311, 74, '2026-03-13', 5, '448000.00', '400000.00', '0.00', '48000.00', '0.00', '0.00', '0.00', NULL, '2025-10-14 00:18:26', b'0', 4),
(2312, 75, '2025-11-13', 1, '250000.00', '0.00', '0.00', '250000.00', '0.00', '0.00', '0.00', NULL, '2025-10-13 17:26:22', b'0', 4),
(2313, 75, '2025-12-13', 2, '250000.00', '0.00', '0.00', '250000.00', '0.00', '0.00', '0.00', NULL, '2025-10-13 17:26:22', b'0', 4),
(2314, 75, '2026-01-13', 3, '250000.00', '0.00', '0.00', '250000.00', '0.00', '0.00', '0.00', NULL, '2025-10-13 17:26:22', b'0', 4),
(2315, 75, '2026-02-13', 4, '250000.00', '0.00', '0.00', '250000.00', '0.00', '0.00', '0.00', NULL, '2025-10-13 17:26:22', b'0', 4),
(2316, 75, '2026-03-13', 5, '1250000.00', '1000000.00', '0.00', '250000.00', '0.00', '0.00', '0.00', NULL, '2025-10-14 00:24:22', b'0', 4),
(2317, 76, '2025-11-13', 1, '480000.00', '0.00', '0.00', '480000.00', '0.00', '0.00', '0.00', NULL, '2025-10-13 18:04:08', b'0', 4),
(2318, 76, '2025-12-13', 2, '480000.00', '0.00', '0.00', '480000.00', '0.00', '0.00', '0.00', NULL, '2025-10-13 18:04:08', b'0', 4),
(2319, 76, '2026-01-13', 3, '480000.00', '0.00', '0.00', '480000.00', '0.00', '0.00', '0.00', NULL, '2025-10-13 18:04:08', b'0', 4),
(2320, 76, '2026-02-13', 4, '480000.00', '0.00', '0.00', '480000.00', '0.00', '0.00', '0.00', NULL, '2025-10-13 18:04:08', b'0', 4),
(2321, 76, '2026-03-13', 5, '4480000.00', '4000000.00', '0.00', '480000.00', '0.00', '0.00', '0.00', NULL, '2025-10-14 00:33:59', b'0', 4),
(2322, 77, '2025-11-13', 1, '60000.00', '0.00', '0.00', '60000.00', '0.00', '0.00', '0.00', NULL, '2025-10-13 17:40:53', b'0', 3),
(2323, 77, '2025-12-13', 2, '60000.00', '0.00', '0.00', '60000.00', '0.00', '0.00', '0.00', NULL, '2025-10-13 17:40:53', b'0', 3),
(2324, 77, '2026-01-13', 3, '60000.00', '0.00', '0.00', '60000.00', '0.00', '0.00', '0.00', NULL, '2025-10-13 17:40:53', b'0', 3),
(2325, 77, '2026-02-13', 4, '60000.00', '0.00', '0.00', '60000.00', '0.00', '0.00', '0.00', NULL, '2025-10-13 17:40:53', b'0', 3),
(2326, 77, '2026-03-13', 5, '60000.00', '0.00', '0.00', '60000.00', '0.00', '0.00', '0.00', NULL, '2025-10-13 17:40:53', b'0', 3),
(2327, 77, '2026-04-13', 6, '60000.00', '0.00', '0.00', '60000.00', '0.00', '0.00', '0.00', NULL, '2025-10-13 17:40:53', b'0', 3),
(2328, 77, '2026-05-13', 7, '560000.00', '500000.00', '0.00', '60000.00', '0.00', '0.00', '0.00', NULL, '2025-10-14 00:38:15', b'0', 3),
(2329, 78, '2025-11-13', 1, '320000.00', '200000.00', '0.00', '120000.00', '0.00', '0.00', '0.00', NULL, '2025-10-13 17:48:52', b'0', 3),
(2330, 78, '2025-12-13', 2, '296000.00', '200000.00', '0.00', '96000.00', '0.00', '0.00', '0.00', NULL, '2025-10-13 17:48:52', b'0', 3),
(2331, 78, '2026-01-13', 3, '272000.00', '200000.00', '0.00', '72000.00', '0.00', '0.00', '0.00', NULL, '2025-10-13 17:48:52', b'0', 3),
(2332, 78, '2026-02-13', 4, '248000.00', '200000.00', '0.00', '48000.00', '0.00', '0.00', '0.00', NULL, '2025-10-13 17:48:52', b'0', 3),
(2333, 78, '2026-03-13', 5, '224000.00', '200000.00', '0.00', '24000.00', '0.00', '0.00', '0.00', NULL, '2025-10-14 00:44:56', b'0', 3),
(2334, 79, '2025-11-13', 1, '250000.00', '0.00', '0.00', '250000.00', '0.00', '0.00', '0.00', NULL, '2025-10-13 17:48:52', b'0', 3),
(2335, 79, '2025-12-13', 2, '250000.00', '0.00', '0.00', '250000.00', '0.00', '0.00', '0.00', NULL, '2025-10-13 17:48:52', b'0', 3),
(2336, 79, '2026-01-13', 3, '1250000.00', '1000000.00', '0.00', '250000.00', '0.00', '0.00', '0.00', NULL, '2025-10-14 00:46:26', b'0', 3),
(2337, 80, '2025-11-13', 1, '600000.00', '0.00', '0.00', '600000.00', '0.00', '0.00', '0.00', NULL, '2025-10-13 18:04:08', b'0', 3),
(2338, 80, '2025-12-13', 2, '600000.00', '0.00', '0.00', '600000.00', '0.00', '0.00', '0.00', NULL, '2025-10-13 18:04:08', b'0', 3),
(2339, 80, '2026-01-13', 3, '600000.00', '0.00', '0.00', '600000.00', '0.00', '0.00', '0.00', NULL, '2025-10-13 18:04:08', b'0', 3),
(2340, 80, '2026-02-13', 4, '5600000.00', '5000000.00', '0.00', '600000.00', '0.00', '0.00', '0.00', NULL, '2025-10-14 00:50:58', b'0', 3),
(2341, 81, '2025-11-13', 1, '125000.00', '0.00', '0.00', '125000.00', '0.00', '0.00', '0.00', NULL, '2025-10-13 18:04:08', b'0', 2),
(2342, 81, '2025-12-13', 2, '125000.00', '0.00', '0.00', '125000.00', '0.00', '0.00', '0.00', NULL, '2025-10-13 18:04:08', b'0', 2),
(2343, 81, '2026-01-13', 3, '125000.00', '0.00', '0.00', '125000.00', '0.00', '0.00', '0.00', NULL, '2025-10-13 18:04:08', b'0', 2),
(2344, 81, '2026-02-13', 4, '125000.00', '0.00', '0.00', '125000.00', '0.00', '0.00', '0.00', NULL, '2025-10-13 18:04:08', b'0', 2),
(2345, 81, '2026-03-13', 5, '125000.00', '0.00', '0.00', '125000.00', '0.00', '0.00', '0.00', NULL, '2025-10-13 18:04:08', b'0', 2),
(2346, 81, '2026-04-13', 6, '625000.00', '500000.00', '0.00', '125000.00', '0.00', '0.00', '0.00', NULL, '2025-10-14 00:52:52', b'0', 2),
(2347, 82, '2025-11-13', 1, '120000.00', '0.00', '0.00', '120000.00', '0.00', '0.00', '0.00', NULL, '2025-10-13 18:06:22', b'0', 2),
(2348, 82, '2025-12-13', 2, '120000.00', '0.00', '0.00', '120000.00', '0.00', '0.00', '0.00', NULL, '2025-10-13 18:06:22', b'0', 2),
(2349, 82, '2026-01-13', 3, '120000.00', '0.00', '0.00', '120000.00', '0.00', '0.00', '0.00', NULL, '2025-10-13 18:06:22', b'0', 2),
(2350, 82, '2026-02-13', 4, '120000.00', '0.00', '0.00', '120000.00', '0.00', '0.00', '0.00', NULL, '2025-10-13 18:06:22', b'0', 2),
(2351, 82, '2026-03-13', 5, '1120000.00', '1000000.00', '0.00', '120000.00', '0.00', '0.00', '0.00', NULL, '2025-10-14 01:06:16', b'0', 2),
(2352, 83, '2025-11-13', 1, '48000.00', '0.00', '0.00', '48000.00', '0.00', '0.00', '0.00', NULL, '2025-10-13 18:07:46', b'0', 3),
(2353, 83, '2025-12-13', 2, '48000.00', '0.00', '0.00', '48000.00', '0.00', '0.00', '0.00', NULL, '2025-10-13 18:07:46', b'0', 3),
(2354, 83, '2026-01-13', 3, '48000.00', '0.00', '0.00', '48000.00', '0.00', '0.00', '0.00', NULL, '2025-10-13 18:07:46', b'0', 3),
(2355, 83, '2026-02-13', 4, '448000.00', '400000.00', '0.00', '48000.00', '0.00', '0.00', '0.00', NULL, '2025-10-14 01:07:40', b'0', 3),
(2356, 84, '2025-11-13', 1, '150000.00', '0.00', '0.00', '150000.00', '0.00', '0.00', '0.00', NULL, '2025-10-13 18:08:36', b'0', 3),
(2357, 84, '2025-12-13', 2, '150000.00', '0.00', '0.00', '150000.00', '0.00', '0.00', '0.00', NULL, '2025-10-13 18:08:36', b'0', 3),
(2358, 84, '2026-01-13', 3, '150000.00', '0.00', '0.00', '150000.00', '0.00', '0.00', '0.00', NULL, '2025-10-13 18:08:36', b'0', 3),
(2359, 84, '2026-02-13', 4, '150000.00', '0.00', '0.00', '150000.00', '0.00', '0.00', '0.00', NULL, '2025-10-13 18:08:36', b'0', 3),
(2360, 84, '2026-03-13', 5, '150000.00', '0.00', '0.00', '150000.00', '0.00', '0.00', '0.00', NULL, '2025-10-13 18:08:36', b'0', 3),
(2361, 84, '2026-04-13', 6, '150000.00', '0.00', '0.00', '150000.00', '0.00', '0.00', '0.00', NULL, '2025-10-13 18:08:36', b'0', 3),
(2362, 84, '2026-05-13', 7, '150000.00', '0.00', '0.00', '150000.00', '0.00', '0.00', '0.00', NULL, '2025-10-13 18:08:36', b'0', 3),
(2363, 84, '2026-06-13', 8, '150000.00', '0.00', '0.00', '150000.00', '0.00', '0.00', '0.00', NULL, '2025-10-13 18:08:36', b'0', 3),
(2364, 84, '2026-07-13', 9, '150000.00', '0.00', '0.00', '150000.00', '0.00', '0.00', '0.00', NULL, '2025-10-13 18:08:36', b'0', 3),
(2365, 84, '2026-08-13', 10, '150000.00', '0.00', '0.00', '150000.00', '0.00', '0.00', '0.00', NULL, '2025-10-13 18:08:36', b'0', 3),
(2366, 84, '2026-09-13', 11, '150000.00', '0.00', '0.00', '150000.00', '0.00', '0.00', '0.00', NULL, '2025-10-13 18:08:36', b'0', 3),
(2367, 84, '2026-10-13', 12, '1150000.00', '1000000.00', '0.00', '150000.00', '0.00', '0.00', '0.00', NULL, '2025-10-14 01:08:29', b'0', 3),
(2368, 85, '2025-11-13', 1, '2853287.39', '3287.39', '0.00', '2850000.00', '0.00', '0.00', '0.00', NULL, '2025-10-13 22:54:11', b'0', 1),
(2369, 85, '2025-12-13', 2, '2853287.39', '5161.20', '0.00', '2848126.19', '0.00', '0.00', '0.00', NULL, '2025-10-13 22:54:11', b'0', 1),
(2370, 85, '2026-01-13', 3, '2853287.39', '8103.08', '0.00', '2845184.31', '0.00', '0.00', '0.00', NULL, '2025-10-13 22:54:11', b'0', 1),
(2371, 85, '2026-02-13', 4, '2853287.39', '12721.83', '0.00', '2840565.55', '0.00', '0.00', '0.00', NULL, '2025-10-13 22:54:11', b'0', 1),
(2372, 85, '2026-03-13', 5, '2853287.39', '19973.28', '0.00', '2833314.11', '0.00', '0.00', '0.00', NULL, '2025-10-13 22:54:11', b'0', 1),
(2373, 85, '2026-04-13', 6, '2853287.39', '31358.05', '0.00', '2821929.34', '0.00', '0.00', '0.00', NULL, '2025-10-13 22:54:11', b'0', 1),
(2374, 85, '2026-05-13', 7, '2853287.39', '49232.13', '0.00', '2804055.25', '0.00', '0.00', '0.00', NULL, '2025-10-13 22:54:11', b'0', 1),
(2375, 85, '2026-06-13', 8, '2853287.39', '77294.45', '0.00', '2775992.94', '0.00', '0.00', '0.00', NULL, '2025-10-13 22:54:11', b'0', 1),
(2376, 85, '2026-07-13', 9, '2853287.39', '121352.28', '0.00', '2731935.10', '0.00', '0.00', '0.00', NULL, '2025-10-13 22:54:11', b'0', 1),
(2377, 85, '2026-08-13', 10, '2853287.39', '190523.08', '0.00', '2662764.30', '0.00', '0.00', '0.00', NULL, '2025-10-13 22:54:11', b'0', 1),
(2378, 85, '2026-09-13', 11, '2853287.39', '299121.24', '0.00', '2554166.14', '0.00', '0.00', '0.00', NULL, '2025-10-13 22:54:11', b'0', 1),
(2379, 85, '2026-10-13', 12, '2853287.39', '469620.35', '0.00', '2383667.04', '0.00', '0.00', '0.00', NULL, '2025-10-13 22:54:11', b'0', 1),
(2380, 85, '2026-11-13', 13, '2853287.39', '737303.95', '0.00', '2115983.44', '0.00', '0.00', '0.00', NULL, '2025-10-13 22:54:11', b'0', 1),
(2381, 85, '2026-12-13', 14, '2853287.39', '1157567.20', '0.00', '1695720.19', '0.00', '0.00', '0.00', NULL, '2025-10-13 22:54:11', b'0', 1),
(2382, 85, '2027-01-13', 15, '2853287.39', '1817380.50', '0.00', '1035906.89', '0.00', '0.00', '0.00', NULL, '2025-10-14 04:05:10', b'0', 1),
(2383, 86, '2025-11-14', 1, '436332.45', '4332.45', '0.00', '432000.00', '0.00', '0.00', '0.00', NULL, '2025-10-13 23:25:56', b'0', 1),
(2384, 86, '2025-12-14', 2, '436332.45', '5892.14', '0.00', '430440.32', '0.00', '0.00', '0.00', NULL, '2025-10-13 23:25:56', b'0', 1),
(2385, 86, '2026-01-14', 3, '436332.45', '8013.31', '0.00', '428319.15', '0.00', '0.00', '0.00', NULL, '2025-10-13 23:25:56', b'0', 1),
(2386, 86, '2026-02-14', 4, '436332.45', '10898.10', '0.00', '425434.36', '0.00', '0.00', '0.00', NULL, '2025-10-13 23:25:56', b'0', 1),
(2387, 86, '2026-03-14', 5, '436332.45', '14821.41', '0.00', '421511.04', '0.00', '0.00', '0.00', NULL, '2025-10-13 23:25:56', b'0', 1),
(2388, 86, '2026-04-14', 6, '436332.45', '20157.12', '0.00', '416175.34', '0.00', '0.00', '0.00', NULL, '2025-10-13 23:25:56', b'0', 1),
(2389, 86, '2026-05-14', 7, '436332.45', '27413.68', '0.00', '408918.77', '0.00', '0.00', '0.00', NULL, '2025-10-13 23:25:56', b'0', 1),
(2390, 86, '2026-06-14', 8, '436332.45', '37282.60', '0.00', '399049.85', '0.00', '0.00', '0.00', NULL, '2025-10-13 23:25:56', b'0', 1),
(2391, 86, '2026-07-14', 9, '436332.45', '50704.34', '0.00', '385628.11', '0.00', '0.00', '0.00', NULL, '2025-10-13 23:25:56', b'0', 1),
(2392, 86, '2026-08-14', 10, '436332.45', '68957.91', '0.00', '367374.55', '0.00', '0.00', '0.00', NULL, '2025-10-13 23:25:56', b'0', 1),
(2393, 86, '2026-09-14', 11, '436332.45', '93782.75', '0.00', '342549.70', '0.00', '0.00', '0.00', NULL, '2025-10-13 23:25:56', b'0', 1),
(2394, 86, '2026-10-14', 12, '436332.45', '127544.54', '0.00', '308787.91', '0.00', '0.00', '0.00', NULL, '2025-10-13 23:25:56', b'0', 1),
(2395, 86, '2026-11-14', 13, '436332.45', '173460.58', '0.00', '262871.87', '0.00', '0.00', '0.00', NULL, '2025-10-13 23:25:56', b'0', 1),
(2396, 86, '2026-12-14', 14, '436332.45', '235906.39', '0.00', '200426.07', '0.00', '0.00', '0.00', NULL, '2025-10-13 23:25:56', b'0', 1),
(2397, 86, '2027-01-14', 15, '436332.45', '320832.69', '0.00', '115499.77', '0.00', '0.00', '0.00', NULL, '2025-10-14 06:17:57', b'0', 1),
(2398, 86, '2027-02-14', 16, '436332.45', '349065.96', '0.00', '87266.49', '0.00', '0.00', '0.00', NULL, '2025-10-13 23:25:56', b'0', 1),
(2399, 86, '2027-03-14', 17, '436332.45', '349065.96', '0.00', '87266.49', '0.00', '0.00', '0.00', NULL, '2025-10-13 23:25:56', b'0', 1),
(2400, 86, '2027-04-14', 18, '397535.63', '318028.50', '0.00', '79507.13', '0.00', '0.00', '0.00', NULL, '2025-10-13 23:25:56', b'0', 1),
(2401, 86, '2027-05-14', 19, '436332.45', '349065.96', '0.00', '87266.49', '0.00', '0.00', '0.00', NULL, '2025-10-13 23:25:56', b'0', 1),
(2402, 86, '2027-06-14', 20, '436332.45', '349065.96', '0.00', '87266.49', '0.00', '0.00', '0.00', NULL, '2025-10-13 23:25:56', b'0', 1),
(2403, 86, '2027-07-14', 21, '391643.49', '313314.79', '0.00', '78328.70', '0.00', '0.00', '0.00', NULL, '2025-10-13 23:25:56', b'0', 1),
(2404, 87, '2025-11-14', 1, '741000.00', '0.00', '0.00', '741000.00', '0.00', '0.00', '0.00', NULL, '2025-10-14 04:24:55', b'0', 1),
(2405, 87, '2025-12-14', 2, '741000.00', '0.00', '0.00', '741000.00', '0.00', '0.00', '0.00', NULL, '2025-10-14 04:24:55', b'0', 1),
(2406, 87, '2026-01-14', 3, '741000.00', '0.00', '0.00', '741000.00', '0.00', '0.00', '0.00', NULL, '2025-10-14 04:24:55', b'0', 1),
(2407, 87, '2026-02-14', 4, '741000.00', '0.00', '0.00', '741000.00', '0.00', '0.00', '0.00', NULL, '2025-10-14 04:24:55', b'0', 1),
(2408, 87, '2026-03-14', 5, '741000.00', '0.00', '0.00', '741000.00', '0.00', '0.00', '0.00', NULL, '2025-10-14 04:24:55', b'0', 1),
(2409, 87, '2026-04-14', 6, '2041000.00', '1300000.00', '123000.02', '741000.00', '741000.00', '0.00', '0.00', NULL, '2025-10-14 04:24:55', b'0', 1),
(2410, 88, '2025-11-14', 1, '2350000.00', '0.00', '0.00', '2350000.00', '0.00', '0.00', '0.00', NULL, '2025-10-14 14:58:18', b'0', 1),
(2411, 88, '2025-12-14', 2, '2350000.00', '0.00', '0.00', '2350000.00', '0.00', '0.00', '0.00', NULL, '2025-10-14 14:58:18', b'0', 1),
(2412, 88, '2026-01-14', 3, '2350000.00', '0.00', '0.00', '2350000.00', '2350000.00', '0.00', '0.00', NULL, '2025-10-14 17:43:20', b'0', 1),
(2413, 88, '2026-02-14', 4, '2350000.00', '0.00', '0.00', '2350000.00', '1650000.00', '0.00', '0.00', NULL, '2025-10-14 18:14:15', b'0', 1),
(2414, 88, '2026-03-14', 5, '2350000.00', '0.00', '0.00', '2350000.00', '0.00', '0.00', '0.00', NULL, '2025-10-14 18:14:15', b'0', 1),
(2415, 88, '2026-04-14', 6, '2350000.00', '0.00', '0.00', '2350000.00', '0.00', '4887303.96', '0.00', NULL, '2025-10-14 04:41:03', b'1', NULL),
(2416, 88, '2026-05-14', 7, '2350000.00', '0.00', '0.00', '2350000.00', '0.00', '4887303.96', '0.00', NULL, '2025-10-14 04:41:03', b'1', NULL),
(2417, 88, '2026-06-14', 8, '7350000.00', '5000000.00', '0.00', '2350000.00', '0.00', '0.00', '0.00', NULL, '2025-10-14 04:25:30', b'1', NULL),
(2418, 89, '2025-11-14', 1, '7338.17', '2338.17', '0.00', '5000.00', '0.00', '0.00', '0.00', NULL, '2025-10-14 17:51:51', b'0', 2),
(2419, 89, '2025-12-14', 2, '7338.17', '2571.98', '0.00', '4766.18', '0.00', '0.00', '0.00', NULL, '2025-10-14 17:51:51', b'0', 2),
(2420, 89, '2026-01-14', 3, '7338.17', '2829.18', '0.00', '4508.99', '0.00', '42260.67', '0.00', NULL, '2025-10-15 00:49:44', b'1', 2),
(2421, 89, '2026-02-14', 4, '7338.17', '3112.10', '0.00', '4226.07', '0.00', '39148.57', '0.00', NULL, '2025-10-14 17:47:02', b'1', NULL),
(2422, 89, '2026-03-14', 5, '7338.17', '3423.31', '0.00', '3914.86', '0.00', '35725.26', '0.00', NULL, '2025-10-14 17:47:02', b'1', NULL),
(2423, 89, '2026-04-14', 6, '7338.17', '3765.64', '0.00', '3572.53', '0.00', '31959.62', '0.00', NULL, '2025-10-14 17:47:02', b'1', NULL),
(2424, 89, '2026-05-14', 7, '7338.17', '4142.20', '0.00', '3195.96', '0.00', '27817.42', '0.00', NULL, '2025-10-14 17:47:02', b'1', NULL),
(2425, 89, '2026-06-14', 8, '7338.17', '4556.42', '0.00', '2781.74', '0.00', '23261.00', '0.00', NULL, '2025-10-14 17:47:02', b'1', NULL),
(2426, 89, '2026-07-14', 9, '7338.17', '5012.07', '0.00', '2326.10', '0.00', '18248.93', '0.00', NULL, '2025-10-14 17:47:02', b'1', NULL),
(2427, 89, '2026-08-14', 10, '7338.17', '5513.27', '0.00', '1824.89', '0.00', '12735.66', '0.00', NULL, '2025-10-14 17:47:02', b'1', NULL),
(2428, 89, '2026-09-14', 11, '7338.17', '6064.60', '0.00', '1273.57', '0.00', '6671.06', '0.00', NULL, '2025-10-14 17:47:02', b'1', NULL),
(2429, 89, '2026-10-14', 12, '7338.17', '6671.06', '0.00', '667.11', '0.00', '0.00', '0.00', NULL, '2025-10-14 17:47:02', b'1', NULL),
(2430, 90, '2025-11-14', 1, '150000.00', '0.00', '0.00', '150000.00', '0.00', '0.00', '0.00', NULL, '2025-10-14 17:56:00', b'0', 1),
(2431, 90, '2025-12-14', 2, '150000.00', '0.00', '0.00', '150000.00', '0.00', '0.00', '0.00', NULL, '2025-10-14 17:56:00', b'0', 1),
(2432, 90, '2026-01-14', 3, '150000.00', '0.00', '0.00', '150000.00', '0.00', '0.00', '0.00', NULL, '2025-10-14 17:56:00', b'0', 1),
(2433, 90, '2026-02-14', 4, '150000.00', '0.00', '0.00', '150000.00', '0.00', '0.00', '0.00', NULL, '2025-10-14 17:56:00', b'0', 1),
(2434, 90, '2026-03-14', 5, '650000.00', '500000.00', '0.00', '150000.00', '0.00', '0.00', '0.00', NULL, '2025-10-15 00:55:34', b'0', 1),
(2435, 91, '2025-11-14', 1, '480000.00', '0.00', '0.00', '480000.00', '0.00', '0.00', '0.00', NULL, '2025-10-14 17:56:56', b'0', 1),
(2436, 91, '2025-12-14', 2, '480000.00', '0.00', '0.00', '480000.00', '0.00', '0.00', '0.00', NULL, '2025-10-14 17:56:56', b'0', 1),
(2437, 91, '2026-01-14', 3, '480000.00', '0.00', '0.00', '480000.00', '0.00', '0.00', '0.00', NULL, '2025-10-14 17:56:56', b'0', 1),
(2438, 91, '2026-02-14', 4, '1680000.00', '1200000.00', '0.00', '480000.00', '0.00', '0.00', '0.00', NULL, '2025-10-15 00:56:48', b'0', 1),
(2439, 92, '2025-09-13', 1, '60000.00', '0.00', '0.00', '60000.00', '0.00', '0.00', '0.00', NULL, '2025-10-14 21:26:00', b'0', 1),
(2440, 92, '2025-10-13', 2, '60000.00', '0.00', '0.00', '60000.00', '0.00', '0.00', '0.00', NULL, '2025-10-14 21:26:00', b'0', 1),
(2441, 92, '2025-11-13', 3, '60000.00', '0.00', '0.00', '60000.00', '0.00', '0.00', '0.00', NULL, '2025-10-14 21:26:00', b'0', 1),
(2442, 92, '2025-12-13', 4, '60000.00', '0.00', '0.00', '60000.00', '0.00', '0.00', '0.00', NULL, '2025-10-14 21:26:00', b'0', 1),
(2443, 92, '2026-01-13', 5, '560000.00', '500000.00', '0.00', '60000.00', '0.00', '0.00', '0.00', NULL, '2025-10-15 04:25:51', b'0', 1),
(2444, 93, '2025-11-14', 1, '166445.84', '94445.84', '0.00', '72000.00', '0.00', '505554.16', '0.00', NULL, '2025-10-14 18:33:36', b'1', NULL),
(2445, 93, '2025-12-14', 2, '166445.84', '105779.34', '0.00', '60666.50', '0.00', '399774.82', '0.00', NULL, '2025-10-14 18:33:36', b'1', NULL),
(2446, 93, '2026-01-14', 3, '166445.84', '118472.86', '0.00', '47972.98', '0.00', '281301.96', '0.00', NULL, '2025-10-14 18:33:36', b'1', NULL),
(2447, 93, '2026-02-14', 4, '166445.84', '132689.60', '0.00', '33756.24', '0.00', '148612.36', '0.00', NULL, '2025-10-14 18:33:36', b'1', NULL),
(2448, 93, '2026-03-14', 5, '166445.84', '148612.36', '0.00', '17833.48', '0.00', '0.00', '0.00', NULL, '2025-10-14 18:33:36', b'1', NULL),
(2449, 94, '2025-11-14', 1, '60000.00', '0.00', '0.00', '60000.00', '0.00', '0.00', '0.00', NULL, '2025-10-14 20:30:51', b'0', 4),
(2450, 94, '2025-12-14', 2, '60000.00', '0.00', '0.00', '60000.00', '0.00', '0.00', '0.00', NULL, '2025-10-14 20:30:51', b'0', 4),
(2451, 94, '2026-01-14', 3, '60000.00', '0.00', '0.00', '60000.00', '0.00', '0.00', '0.00', NULL, '2025-10-14 20:30:51', b'0', 4),
(2452, 94, '2026-02-14', 4, '60000.00', '0.00', '0.00', '60000.00', '0.00', '0.00', '0.00', NULL, '2025-10-14 20:30:51', b'0', 4),
(2453, 94, '2026-03-14', 5, '60000.00', '0.00', '0.00', '60000.00', '0.00', '0.00', '0.00', NULL, '2025-10-14 20:30:51', b'0', 4),
(2454, 94, '2026-04-14', 6, '60000.00', '0.00', '0.00', '60000.00', '0.00', '0.00', '0.00', NULL, '2025-10-14 20:30:51', b'0', 4),
(2455, 94, '2026-05-14', 7, '60000.00', '0.00', '0.00', '60000.00', '0.00', '0.00', '0.00', NULL, '2025-10-14 20:30:51', b'0', 4),
(2456, 94, '2026-06-14', 8, '60000.00', '0.00', '0.00', '60000.00', '0.00', '0.00', '0.00', NULL, '2025-10-14 20:30:51', b'0', 4),
(2457, 94, '2026-07-14', 9, '60000.00', '0.00', '0.00', '60000.00', '0.00', '0.00', '0.00', NULL, '2025-10-14 20:30:51', b'0', 4),
(2458, 94, '2026-08-14', 10, '60000.00', '0.00', '0.00', '60000.00', '0.00', '0.00', '0.00', NULL, '2025-10-14 20:30:51', b'0', 4),
(2459, 94, '2026-09-14', 11, '60000.00', '0.00', '0.00', '60000.00', '0.00', '0.00', '0.00', NULL, '2025-10-14 20:30:51', b'0', 4),
(2460, 94, '2026-10-14', 12, '560000.00', '500000.00', '0.00', '60000.00', '0.00', '0.00', '0.00', NULL, '2025-10-15 03:30:45', b'0', 4);

-- --------------------------------------------------------

--
-- Estructura de tabla para la tabla `payments`
--

CREATE TABLE `payments` (
  `id` int(11) NOT NULL,
  `loan_id` int(11) NOT NULL,
  `loan_item_id` int(11) DEFAULT NULL,
  `amount` decimal(15,2) NOT NULL,
  `tipo_pago` varchar(50) DEFAULT NULL,
  `monto_pagado` decimal(15,2) NOT NULL,
  `interest_paid` decimal(15,2) NOT NULL DEFAULT 0.00,
  `capital_paid` decimal(15,2) NOT NULL DEFAULT 0.00,
  `payment_date` datetime NOT NULL,
  `payment_user_id` int(11) DEFAULT NULL,
  `method` varchar(50) DEFAULT NULL,
  `notes` text DEFAULT NULL,
  `created_at` timestamp NOT NULL DEFAULT current_timestamp()
) ENGINE=InnoDB DEFAULT CHARSET=utf8;

--
-- Volcado de datos para la tabla `payments`
--

INSERT INTO `payments` (`id`, `loan_id`, `loan_item_id`, `amount`, `tipo_pago`, `monto_pagado`, `interest_paid`, `capital_paid`, `payment_date`, `payment_user_id`, `method`, `notes`, `created_at`) VALUES
(1, 70, NULL, '100000.00', 'custom', '100000.00', '0.00', '100000.00', '2025-10-14 00:53:04', 1, 'efectivo', 'jjhjhjhj - Aplicado al balance general del préstamo', '2025-10-13 22:53:04'),
(2, 86, NULL, '21671.30', 'custom', '21671.30', '0.00', '21671.30', '2025-10-14 01:18:15', 1, 'efectivo', 'Pago personalizado desde ticket - Aplicado al balance general del préstamo', '2025-10-13 23:18:15'),
(3, 87, NULL, '41000.00', 'custom', '41000.00', '0.00', '41000.00', '2025-10-14 02:01:17', 1, 'efectivo', 'njkjbkjbkj - Aplicado al balance general del préstamo', '2025-10-14 00:01:17'),
(4, 87, NULL, '41000.00', 'custom', '41000.00', '0.00', '41000.00', '2025-10-14 02:01:57', 1, 'efectivo', 'knknkn - Aplicado al balance general del préstamo', '2025-10-14 00:01:57'),
(5, 87, NULL, '741000.00', 'custom', '741000.00', '0.00', '741000.00', '2025-10-14 02:02:24', 1, 'efectivo', 'Pago personalizado desde ticket - Aplicado al balance general del préstamo', '2025-10-14 00:02:24'),
(6, 87, NULL, '41000.00', 'custom', '41000.00', '0.00', '41000.00', '2025-10-14 02:04:34', 1, 'efectivo', 'jnaksnaksa - Aplicado al balance general del préstamo', '2025-10-14 00:04:34'),
(7, 87, NULL, '41000.00', 'custom', '41000.00', '0.00', '41000.00', '2025-10-14 02:06:20', 1, 'efectivo', 'Pago personalizado desde ticket - Aplicado al balance general del préstamo', '2025-10-14 00:06:20'),
(8, 87, NULL, '41000.00', 'custom', '41000.00', '0.00', '41000.00', '2025-10-14 02:28:02', 1, 'efectivo', 'Pago personalizado desde ticket - Aplicado al balance general del préstamo', '2025-10-14 00:28:02'),
(9, 87, NULL, '41000.00', 'custom', '41000.00', '0.00', '41000.00', '2025-10-14 02:30:37', 1, 'efectivo', 'hshshshsh - Aplicado al balance general del préstamo', '2025-10-14 00:30:37'),
(10, 87, NULL, '41000.00', 'custom', '41000.00', '0.00', '41000.00', '2025-10-14 02:33:13', 1, 'efectivo', 'Pago personalizado desde ticket - Aplicado al balance general del préstamo', '2025-10-14 00:33:13'),
(11, 87, NULL, '41000.00', 'custom', '41000.00', '0.00', '41000.00', '2025-10-14 02:36:33', 1, 'efectivo', 'Pago personalizado desde ticket - Aplicado al balance general del préstamo', '2025-10-14 00:36:33'),
(12, 87, NULL, '41000.00', 'custom', '41000.00', '0.00', '41000.00', '2025-10-14 03:44:17', 1, 'efectivo', 'Pago personalizado desde ticket - Aplicado al balance general del préstamo', '2025-10-14 01:44:17'),
(13, 87, NULL, '41000.00', 'custom', '41000.00', '0.00', '41000.00', '2025-10-14 03:49:42', 1, 'efectivo', 'Pago personalizado desde ticket - Aplicado al balance general del préstamo', '2025-10-14 01:49:42'),
(14, 87, NULL, '41000.00', 'custom', '41000.00', '0.00', '41000.00', '2025-10-14 03:58:03', 1, 'efectivo', 'Pago personalizado desde ticket - Aplicado al balance general del préstamo', '2025-10-14 01:58:03'),
(15, 87, NULL, '41000.00', 'custom', '41000.00', '0.00', '41000.00', '2025-10-14 03:58:40', 1, 'efectivo', 'Pago personalizado desde ticket - Aplicado al balance general del préstamo', '2025-10-14 01:58:40'),
(16, 87, NULL, '41000.00', 'custom', '41000.00', '0.00', '41000.00', '2025-10-14 04:00:28', 1, 'efectivo', 'Pago personalizado desde ticket - Aplicado al balance general del préstamo', '2025-10-14 02:00:28'),
(17, 87, NULL, '41000.00', 'custom', '41000.00', '0.00', '41000.00', '2025-10-14 04:03:35', 1, 'efectivo', 'Pago personalizado desde ticket - Aplicado al balance general del préstamo', '2025-10-14 02:03:35'),
(18, 87, NULL, '41000.00', 'custom', '41000.00', '0.00', '41000.00', '2025-10-14 04:14:50', 1, 'efectivo', 'Pago personalizado desde ticket - Aplicado al balance general del préstamo', '2025-10-14 02:14:50'),
(19, 87, 2409, '41000.00', 'custom', '41000.00', '41000.00', '0.00', '2025-10-14 05:24:18', 1, 'efectivo', 'dddddddddddd', '2025-10-14 03:24:18'),
(20, 87, 2409, '41000.00', 'custom', '41000.00', '41000.00', '0.00', '2025-10-14 05:31:13', 1, 'efectivo', 'Pago personalizado desde ticket', '2025-10-14 03:31:13'),
(21, 87, 2409, '41000.00', 'custom', '41000.00', '41000.00', '0.00', '2025-10-14 05:32:48', 1, 'efectivo', 'Pago personalizado desde ticket', '2025-10-14 03:32:48'),
(22, 87, 2409, '41000.00', 'custom', '41000.00', '41000.00', '0.00', '2025-10-14 05:38:34', 1, 'efectivo', 'Pago personalizado desde ticket', '2025-10-14 03:38:34'),
(23, 87, 2409, '41000.00', 'custom', '41000.00', '41000.00', '0.00', '2025-10-14 05:42:49', 1, 'efectivo', 'Pago personalizado desde ticket', '2025-10-14 03:42:49'),
(24, 87, 2409, '41000.00', 'custom', '41000.00', '41000.00', '0.00', '2025-10-14 05:44:20', 1, 'efectivo', 'Pago personalizado desde ticket', '2025-10-14 03:44:20'),
(25, 87, 2409, '41000.00', 'custom', '41000.00', '41000.00', '0.00', '2025-10-14 05:44:25', 1, 'efectivo', 'Pago personalizado desde ticket', '2025-10-14 03:44:25'),
(26, 87, 2409, '41000.00', 'custom', '41000.00', '41000.00', '0.00', '2025-10-14 05:47:23', 1, 'efectivo', 'Pago personalizado desde ticket', '2025-10-14 03:47:23'),
(27, 87, 2409, '41000.00', 'custom', '41000.00', '41000.00', '0.00', '2025-10-14 05:47:35', 1, 'efectivo', 'Pago personalizado desde ticket', '2025-10-14 03:47:35'),
(28, 87, 2409, '41000.00', 'custom', '41000.00', '41000.00', '0.00', '2025-10-14 05:47:37', 1, 'efectivo', 'Pago personalizado desde ticket', '2025-10-14 03:47:37'),
(29, 87, 2409, '41000.00', 'custom', '41000.00', '41000.00', '0.00', '2025-10-14 05:47:38', 1, 'efectivo', 'Pago personalizado desde ticket', '2025-10-14 03:47:38'),
(30, 87, 2409, '41000.01', 'custom', '41000.01', '0.00', '41000.01', '2025-10-14 05:48:12', 1, 'efectivo', 'Pago personalizado desde ticket', '2025-10-14 03:48:12'),
(31, 87, 2409, '41000.01', 'custom', '41000.01', '0.00', '41000.01', '2025-10-14 05:48:37', 1, 'efectivo', 'Pago personalizado desde ticket', '2025-10-14 03:48:37'),
(32, 87, NULL, '41000.00', 'custom', '41000.00', '0.00', '41000.00', '2025-10-14 05:48:59', 1, 'efectivo', 'Pago personalizado desde ticket - Aplicado al balance general del préstamo', '2025-10-14 03:48:59'),
(33, 87, NULL, '41000.00', 'custom', '41000.00', '0.00', '41000.00', '2025-10-14 05:50:22', 1, 'efectivo', 'Pago personalizado desde ticket - Aplicado al balance general del préstamo', '2025-10-14 03:50:22'),
(34, 87, 2409, '41000.00', 'custom', '41000.00', '0.00', '41000.00', '2025-10-14 05:51:11', 1, 'efectivo', 'Pago personalizado desde ticket', '2025-10-14 03:51:11'),
(35, 87, 2409, '41000.00', 'custom', '41000.00', '41000.00', '0.00', '2025-10-14 05:59:28', 1, 'efectivo', 'Pago personalizado desde ticket', '2025-10-14 03:59:28'),
(36, 87, 2409, '56000.00', 'custom', '56000.00', '56000.00', '0.00', '2025-10-14 06:02:57', 1, 'efectivo', 'Pago personalizado desde ticket', '2025-10-14 04:02:57'),
(37, 87, 2409, '56000.00', 'custom', '56000.00', '56000.00', '0.00', '2025-10-14 06:05:51', 1, 'efectivo', 'Pago personalizado desde ticket', '2025-10-14 04:05:51'),
(38, 87, 2409, '67000.00', 'custom', '67000.00', '67000.00', '0.00', '2025-10-14 06:06:24', 1, 'efectivo', 'Pago personalizado desde ticket', '2025-10-14 04:06:24'),
(39, 87, 2409, '67000.00', 'custom', '67000.00', '67000.00', '0.00', '2025-10-14 06:08:02', 1, 'efectivo', 'Pago personalizado desde ticket', '2025-10-14 04:08:02'),
(40, 87, 2409, '3000.00', 'custom', '3000.00', '3000.00', '0.00', '2025-10-14 06:15:26', 1, 'efectivo', 'Pago personalizado desde ticket', '2025-10-14 04:15:26'),
(41, 87, NULL, '64000.00', 'custom', '64000.00', '0.00', '64000.00', '2025-10-14 06:15:26', 1, 'efectivo', 'Pago personalizado desde ticket - Aplicado al balance general del préstamo', '2025-10-14 04:15:26'),
(42, 87, NULL, '67000.00', 'custom', '67000.00', '0.00', '67000.00', '2025-10-14 06:15:28', 1, 'efectivo', 'Pago personalizado desde ticket - Aplicado al balance general del préstamo', '2025-10-14 04:15:28'),
(43, 87, NULL, '41000.00', 'custom', '41000.00', '0.00', '41000.00', '2025-10-14 06:15:58', 1, 'efectivo', 'Pago personalizado desde ticket - Aplicado al balance general del préstamo', '2025-10-14 04:15:58'),
(44, 87, NULL, '41000.00', 'custom', '41000.00', '0.00', '41000.00', '2025-10-14 06:18:51', 1, 'efectivo', 'Pago personalizado desde ticket - Aplicado al balance general del préstamo', '2025-10-14 04:18:51'),
(45, 87, NULL, '41000.00', 'custom', '41000.00', '0.00', '41000.00', '2025-10-14 06:19:18', 1, 'efectivo', 'Pago personalizado desde ticket - Aplicado al balance general del préstamo', '2025-10-14 04:19:18'),
(46, 87, NULL, '41000.00', 'custom', '41000.00', '0.00', '41000.00', '2025-10-14 06:24:31', 1, 'efectivo', 'Pago personalizado desde ticket - Aplicado al balance general del préstamo', '2025-10-14 04:24:31'),
(47, 88, 2412, '2350000.00', 'custom', '2350000.00', '2350000.00', '0.00', '2025-10-14 06:26:26', 1, 'efectivo', 'Pago personalizado desde ticket', '2025-10-14 04:26:26'),
(48, 88, 2413, '1650000.00', 'custom', '1650000.00', '1650000.00', '0.00', '2025-10-14 06:26:26', 1, 'efectivo', 'Pago personalizado desde ticket', '2025-10-14 04:26:26'),
(49, 88, NULL, '350000.00', 'custom', '350000.00', '0.00', '350000.00', '2025-10-14 06:39:29', 1, 'efectivo', 'Pago personalizado desde ticket - Aplicado al balance general del préstamo', '2025-10-14 04:39:29'),
(50, 88, NULL, '350000.00', 'custom', '350000.00', '0.00', '350000.00', '2025-10-14 06:41:03', 1, 'efectivo', 'Pago personalizado desde ticket - Aplicado al balance general del préstamo', '2025-10-14 04:41:03');

-- --------------------------------------------------------

--
-- Estructura de tabla para la tabla `report_logs`
--

CREATE TABLE `report_logs` (
  `id` int(11) NOT NULL,
  `user_id` int(11) DEFAULT NULL,
  `report_type` varchar(100) NOT NULL,
  `filters` longtext CHARACTER SET utf8mb4 COLLATE utf8mb4_bin DEFAULT NULL CHECK (json_valid(`filters`)),
  `results_count` int(11) DEFAULT 0,
  `execution_time` decimal(10,4) DEFAULT 0.0000,
  `ip_address` varchar(45) DEFAULT NULL,
  `user_agent` text DEFAULT NULL,
  `created_at` timestamp NOT NULL DEFAULT current_timestamp()
) ENGINE=InnoDB DEFAULT CHARSET=utf8;

--
-- Volcado de datos para la tabla `report_logs`
--

INSERT INTO `report_logs` (`id`, `user_id`, `report_type`, `filters`, `results_count`, `execution_time`, `ip_address`, `user_agent`, `created_at`) VALUES
(1, 1, 'test_chart', '{}', 10, '0.1234', '127.0.0.1', 'Test Agent', '2025-10-13 06:04:24');

-- --------------------------------------------------------

--
-- Estructura de tabla para la tabla `ubigeo_departments`
--

CREATE TABLE `ubigeo_departments` (
  `id` varchar(2) NOT NULL,
  `name` varchar(45) NOT NULL
) ENGINE=InnoDB DEFAULT CHARSET=utf8;

--
-- Volcado de datos para la tabla `ubigeo_departments`
--

INSERT INTO `ubigeo_departments` (`id`, `name`) VALUES
('01', 'Antioquia'),
('02', 'Cundinamarca'),
('03', 'Valle del Cauca'),
('04', 'Atlántico');

-- --------------------------------------------------------

--
-- Estructura de tabla para la tabla `ubigeo_districts`
--

CREATE TABLE `ubigeo_districts` (
  `id` varchar(6) NOT NULL,
  `name` varchar(45) DEFAULT NULL,
  `province_id` varchar(4) DEFAULT NULL,
  `department_id` varchar(2) DEFAULT NULL
) ENGINE=InnoDB DEFAULT CHARSET=utf8;

--
-- Volcado de datos para la tabla `ubigeo_districts`
--

INSERT INTO `ubigeo_districts` (`id`, `name`, `province_id`, `department_id`) VALUES
('010101', 'Comuna 1 - Popular', '0101', '01'),
('010102', 'Comuna 10 - La Candelaria', '0101', '01'),
('010103', 'Comuna 11 - Laureles', '0101', '01'),
('010104', 'Comuna 16 - Belén', '0101', '01'),
('020101', 'Localidad de Usaquén', '0201', '02'),
('020102', 'Localidad de Kennedy', '0201', '02'),
('020103', 'Localidad de Suba', '0201', '02'),
('020104', 'Localidad de Engativá', '0201', '02'),
('030101', 'Comuna 2 - Aguablanca', '0301', '03'),
('030102', 'Comuna 19 - San Fernando', '0301', '03'),
('030103', 'Comuna 8 - Pasoancho', '0301', '03'),
('030104', 'Comuna 12 - El Limonar', '0301', '03'),
('040101', 'Localidad Riomar', '0401', '04'),
('040102', 'Localidad Suroriente', '0401', '04'),
('040103', 'Localidad Metropolitana', '0401', '04'),
('040104', 'Localidad Norte-Centro Hist.', '0401', '04');

-- --------------------------------------------------------

--
-- Estructura de tabla para la tabla `ubigeo_provinces`
--

CREATE TABLE `ubigeo_provinces` (
  `id` varchar(4) NOT NULL,
  `name` varchar(45) NOT NULL,
  `department_id` varchar(2) NOT NULL
) ENGINE=InnoDB DEFAULT CHARSET=utf8;

--
-- Volcado de datos para la tabla `ubigeo_provinces`
--

INSERT INTO `ubigeo_provinces` (`id`, `name`, `department_id`) VALUES
('0101', 'Medellín', '01'),
('0201', 'Bogotá D.C.', '02'),
('0301', 'Cali', '03'),
('0401', 'Barranquilla', '04');

-- --------------------------------------------------------

--
-- Estructura de tabla para la tabla `users`
--

CREATE TABLE `users` (
  `id` int(11) NOT NULL,
  `first_name` varchar(150) COLLATE utf8_spanish_ci NOT NULL,
  `last_name` varchar(200) COLLATE utf8_spanish_ci NOT NULL,
  `email` varchar(150) COLLATE utf8_spanish_ci NOT NULL,
  `password` varchar(250) COLLATE utf8_spanish_ci NOT NULL,
  `perfil` text COLLATE utf8_spanish_ci NOT NULL,
  `role` enum('admin','operador','visualizador') COLLATE utf8_spanish_ci NOT NULL DEFAULT 'visualizador',
  `estado` int(11) NOT NULL,
  `ultimo_login` datetime NOT NULL,
  `fecha` timestamp NOT NULL DEFAULT current_timestamp() ON UPDATE current_timestamp()
) ENGINE=InnoDB DEFAULT CHARSET=utf8 COLLATE=utf8_spanish_ci;

--
-- Volcado de datos para la tabla `users`
--

INSERT INTO `users` (`id`, `first_name`, `last_name`, `email`, `password`, `perfil`, `role`, `estado`, `ultimo_login`, `fecha`) VALUES
(1, 'Esteban', 'Marin', 'admin@gmail.com', '$2y$10$ZIGlfNVODq5qwAmF86lH9eT/o.mJfA5rWd9GubFyfwItu3c4.XoHm', 'admin', 'admin', 1, '2025-10-14 21:45:00', '2025-10-14 19:45:00'),
(2, 'Dobby', 'Marin', 'dobby@admin.com', '$2y$10$LcfIlPiFa6hZhaGUt/41E.cYU8oRq.MF7iEXjxZ8gtJ2qL/UBG8Li', 'operador', 'operador', 1, '2025-10-14 20:41:18', '2025-10-14 18:41:18'),
(3, 'Sebas', 'Marin', 'sebas@gmail.com', '$2y$10$mvteXUT4iBnVeXQW/OhQqeGjKe73ou7CMyOnrXWszIFPAnveJ/kSi', 'viewer', '', 1, '2025-10-03 00:51:52', '2025-10-02 22:52:07'),
(4, 'Pepito', 'Marin', 'pepe@gmail.com', '$2y$10$T36CfrJktcFUr6YkvXEA/uxBRZ9j21qH.L7X8BTJBudJRsuET5SIm', 'operador', 'operador', 1, '2025-10-09 02:01:18', '2025-10-09 00:04:23');

-- --------------------------------------------------------

--
-- Estructura de tabla para la tabla `user_permissions`
--

CREATE TABLE `user_permissions` (
  `id` int(11) NOT NULL,
  `user_id` int(11) NOT NULL,
  `permission_name` varchar(100) COLLATE utf8_spanish_ci NOT NULL,
  `value` tinyint(1) NOT NULL DEFAULT 0
) ENGINE=InnoDB DEFAULT CHARSET=utf8 COLLATE=utf8_spanish_ci;

--
-- Volcado de datos para la tabla `user_permissions`
--

INSERT INTO `user_permissions` (`id`, `user_id`, `permission_name`, `value`) VALUES
(0, 1, 'coins', 1),
(0, 1, 'config', 1),
(0, 1, 'customers', 1),
(0, 1, 'dashboard', 1),
(0, 1, 'loans', 1),
(0, 1, 'payments', 1),
(0, 1, 'reports', 1),
(0, 1, 'sidebar', 1),
(0, 1, 'sidebar_back', 1),
(0, 2, 'coins', 0),
(0, 2, 'config', 1),
(0, 2, 'customers', 0),
(0, 2, 'dashboard', 0),
(0, 2, 'loans', 1),
(0, 2, 'payments', 1),
(0, 2, 'reports', 0),
(0, 2, 'sidebar', 0),
(0, 2, 'sidebar_back', 0),
(0, 3, 'coins', 0),
(0, 3, 'config', 1),
(0, 3, 'customers', 0),
(0, 3, 'dashboard', 1),
(0, 3, 'loans', 0),
(0, 3, 'payments', 1),
(0, 3, 'reports', 1),
(0, 3, 'sidebar', 1),
(0, 3, 'sidebar_back', 0),
(0, 4, 'coins', 1),
(0, 4, 'config', 0),
(0, 4, 'customers', 1),
(0, 4, 'dashboard', 1),
(0, 4, 'loans', 1),
(0, 4, 'payments', 1),
(0, 4, 'reports', 1),
(0, 4, 'sidebar', 1),
(0, 4, 'sidebar_back', 1);

--
-- Índices para tablas volcadas
--

--
-- Indices de la tabla `collector_commissions`
--
ALTER TABLE `collector_commissions`
  ADD PRIMARY KEY (`id`);

--
-- Indices de la tabla `customers`
--
ALTER TABLE `customers`
  ADD PRIMARY KEY (`id`),
  ADD UNIQUE KEY `dni` (`dni`);

--
-- Indices de la tabla `loans`
--
ALTER TABLE `loans`
  ADD PRIMARY KEY (`id`),
  ADD UNIQUE KEY `unique_num_prestamo` (`num_prestamo`);

--
-- Indices de la tabla `loan_items`
--
ALTER TABLE `loan_items`
  ADD PRIMARY KEY (`id`),
  ADD UNIQUE KEY `unique_loan_quota` (`loan_id`,`num_quota`);

--
-- Indices de la tabla `payments`
--
ALTER TABLE `payments`
  ADD PRIMARY KEY (`id`);

--
-- Indices de la tabla `report_logs`
--
ALTER TABLE `report_logs`
  ADD PRIMARY KEY (`id`),
  ADD KEY `idx_user_id` (`user_id`),
  ADD KEY `idx_report_type` (`report_type`),
  ADD KEY `idx_created_at` (`created_at`);

--
-- Indices de la tabla `users`
--
ALTER TABLE `users`
  ADD PRIMARY KEY (`id`);

--
-- Indices de la tabla `user_permissions`
--
ALTER TABLE `user_permissions`
  ADD UNIQUE KEY `unique_user_permission` (`user_id`,`permission_name`);

--
-- AUTO_INCREMENT de las tablas volcadas
--

--
-- AUTO_INCREMENT de la tabla `collector_commissions`
--
ALTER TABLE `collector_commissions`
  MODIFY `id` int(11) NOT NULL AUTO_INCREMENT, AUTO_INCREMENT=1007;

--
-- AUTO_INCREMENT de la tabla `customers`
--
ALTER TABLE `customers`
  MODIFY `id` int(11) NOT NULL AUTO_INCREMENT, AUTO_INCREMENT=58;

--
-- AUTO_INCREMENT de la tabla `loans`
--
ALTER TABLE `loans`
  MODIFY `id` int(11) NOT NULL AUTO_INCREMENT, AUTO_INCREMENT=95;

--
-- AUTO_INCREMENT de la tabla `loan_items`
--
ALTER TABLE `loan_items`
  MODIFY `id` int(11) NOT NULL AUTO_INCREMENT, AUTO_INCREMENT=2461;

--
-- AUTO_INCREMENT de la tabla `payments`
--
ALTER TABLE `payments`
  MODIFY `id` int(11) NOT NULL AUTO_INCREMENT, AUTO_INCREMENT=51;

--
-- AUTO_INCREMENT de la tabla `report_logs`
--
ALTER TABLE `report_logs`
  MODIFY `id` int(11) NOT NULL AUTO_INCREMENT, AUTO_INCREMENT=2;

--
-- AUTO_INCREMENT de la tabla `users`
--
ALTER TABLE `users`
  MODIFY `id` int(11) NOT NULL AUTO_INCREMENT, AUTO_INCREMENT=5;
COMMIT;

/*!40101 SET CHARACTER_SET_CLIENT=@OLD_CHARACTER_SET_CLIENT */;
/*!40101 SET CHARACTER_SET_RESULTS=@OLD_CHARACTER_SET_RESULTS */;
/*!40101 SET COLLATION_CONNECTION=@OLD_COLLATION_CONNECTION */;
